Time,V1,V2,V3,V4,V5,V6,V7,V8,V9,V10,V11,V12,V13,V14,V15,V16,V17,V18,V19,V20,V21,V22,V23,V24,V25,V26,V27,V28,Amount,Class
24466.0,-0.886469851831666,-0.126263901976176,3.55100451490919,3.7512295484435,-0.563368555545243,1.14145842206734,-0.88933080600904,0.234025140620953,2.02239886574402,0.262257066137224,-0.746190201508153,-2.83209910133816,0.993825704889588,0.0360427808380379,-1.80990159331396,-0.69778880628484,1.33553440588231,0.634633091734504,1.10614375185641,-0.0469557232099742,-0.0585424524564343,0.915165787756308,0.376579545011669,0.375107293750501,-0.396255200276059,0.368435393575587,0.0280814708241618,-0.129018981684996,3.8,0
158951.0,2.08429337834995,0.0409102174171621,-1.99909085897849,0.13755810858203,0.765247460732258,-0.158640578846263,0.0188580132704947,-0.0033868141479147,0.389218458469412,-0.187445644592393,0.364573600193956,0.226823809683621,-0.588195752007146,-0.553241216353514,-0.366184738886556,0.756533117304286,-0.0009117164615251,0.509027357335891,0.620358906493502,-0.16768211234849,-0.369058646831353,-1.02199673130372,0.246933688663814,-0.26230232112189,-0.214736214255712,0.201529308650394,-0.0718400822247232,-0.0496184492556711,0.89,0
130347.0,-0.756399149567088,1.65237181947361,-0.735870822172217,-0.755787413764678,0.690504592478471,-0.735193990681741,0.967776898106546,-0.132213032774096,0.738668065136606,0.93261165387525,-0.929650107283515,-0.0865874916669111,0.0200505302556315,0.130794721017918,0.615786301769568,-0.522773878580893,-0.521723417230775,0.0871405313312459,-0.0955863552117982,0.523398868840247,0.24375971690899,1.19612141726795,-0.0632329424364761,0.624892861872323,-0.565544950307104,-0.225262417345455,0.92931756433912,0.566739955338264,2.27,0
90233.0,0.38683469993332,0.840075838712625,-0.286091406407758,-0.342451171588286,1.39290712737264,-0.697009631479888,1.05898592719179,-0.480050228032263,1.27111345214913,-1.14658862052044,0.194061009470335,-2.5031062182442,2.16555674456969,0.149755322886475,-1.04732980853085,0.261244034465833,0.867810625345165,0.0586304169671965,-0.346001196310772,-0.0355770612769568,-0.457917555556016,-0.864254633770254,0.145744225699723,0.32457871537282,-0.824931075015659,-0.0213671236587121,-0.158129554090937,-0.151185862906227,9.7,0
128663.0,-0.751097053426278,0.660328667461514,0.0788915252080315,-1.30974175394665,2.19452366489642,1.09987780040659,0.73105093278982,0.498366398802732,-0.635214130242375,-1.35941234198336,1.29797394331013,0.58726099119604,-0.276272154814876,-0.673465502806751,-0.35601042836336,-0.175416894780968,0.754883972425506,-1.05557547469183,-1.33084357235424,-0.145079873111898,-0.159363036307026,-0.483918773457726,-0.0389450813201822,-0.830475541203875,-0.318898956199619,0.179002412579832,0.0802128587487592,0.127979356928468,4.49,0
82005.0,-1.41850513184515,0.534503537501353,1.50513720466941,0.174237809439065,0.165773854077143,-1.35173420756162,0.603493329012722,-0.166454605068494,-0.175359163195456,0.141891368959444,0.0390935360660921,0.370535891429455,0.585638350965088,-0.093479019596734,0.848250507474243,0.0969566966192266,-0.353113283436464,-0.546933251570038,-0.0529320468017994,-0.070190461085223,-0.332373771079168,-0.428661412820181,0.632364691627931,0.70135606315023,-0.0113994330786701,0.0778393103717161,0.417530766592671,0.0716976235030657,1.29,0
79278.0,-2.24294385727233,2.0001796974142,0.453803879985592,0.0852717214039731,-0.244127019193228,0.500197441136183,0.172523400603357,-0.550200591323077,-0.109039425282711,0.706232712925214,0.976555655368614,0.633246943612358,-0.218252808192533,0.407968508074106,0.402705947970211,0.0575633784763932,-0.429421649122271,0.162418313278065,-0.130929103199846,-0.577282459212764,0.986476315772552,0.0943195707916507,-0.0088816276794969,-0.341448173875781,-0.408821121465669,-0.659101818870523,-1.56607439150664,-0.43380201745833,54.99,0
45330.0,-0.487843762858191,0.231644570571468,2.18506949615318,1.42865744369233,0.181723924333386,2.7620687659923,-0.410659986984984,1.01593468686724,0.415757325079281,-0.548114889111328,1.14562834732068,1.21373562216655,-1.12561168772757,-0.358574023578407,-1.14212445319232,-2.33830188401218,1.85883723594217,-1.97826219244484,0.361136185728646,-0.141274925812746,-0.196470565101102,-0.0616486554716199,0.0979770399207398,-1.02897544679923,-0.39557574659006,-0.312737245802589,0.183953581493405,0.0199852795582256,23.09,0
121050.0,-2.01615400601381,1.9602301374319,-1.17831409672492,-2.92028089954969,0.485215071011122,-0.289443673347729,0.111817270281551,1.31460862258571,-0.422721878739834,-1.15684300010718,-0.245775641107221,1.53756454995094,1.28225580848973,0.87720983078106,-1.24381922596206,0.989613770155017,-0.943782165644197,-0.141861103415707,-0.286062994698883,-0.0327917288236186,-0.216003460483903,-0.837421713901626,-0.0574739361344029,-0.329051153533058,0.232511556583136,0.399008242400983,0.0628039645239725,0.0853409254579826,1.0,0
46382.0,1.11486036038414,-1.28634680497618,1.55942858217549,0.03998664455446,-2.02264335537674,0.279917084644227,-1.30466417448529,0.161076651569776,0.634095628724816,0.180582209139978,-1.38854025619787,0.92833898587488,0.965114240397251,-1.42360531349192,-1.77986965184922,-2.03032568803942,0.724620341136013,0.602203061716875,-0.126803378393814,-0.291824981897704,-0.490526626022816,-0.598866333320609,-0.0054545253679974,0.49108869895331,0.143490932768437,1.06258310661231,0.0165058212214035,0.0370637562796544,88.9,0
121711.0,2.01096981560317,-1.07969563315658,-1.56392654890812,-0.970424710416693,-0.279881666598602,-0.411996470925555,-0.272804697224884,-0.198004546152538,-0.606866150066866,0.857081127048227,0.377311354266318,0.274348954857083,0.433988105192286,-0.025942313298255,-1.12952022202517,0.942801235774351,-0.0253444235436918,-1.29888643054108,1.35613420093365,0.198594521202396,0.042813697963225,-0.046246729031965,0.0387846630808745,-0.782644102253916,-0.0476441917071333,-0.30850054274488,-0.0501566349729689,-0.0602451803475839,113.85,0
111122.0,0.0465996490302693,0.939994069383714,-0.0372437408128694,-0.210788707268234,0.728758748511845,-0.542011359669073,0.707285406416733,-0.116722395003143,1.64131326515406,-0.669465559068062,-0.592301900379327,-3.87960584591939,-0.506819776386083,2.28537694059049,0.423561110120433,-0.482499324555162,0.407065432467227,1.01460475961091,0.418223583089834,-0.108143952344284,0.160710015569569,0.86183430086776,-0.218282999861012,0.384369212402206,-0.434075133102902,-0.452159002425277,0.453217941686593,0.279249090437992,1.0,0
57965.0,1.04069143882025,-0.0560402344346842,0.132970455175209,0.687002269321224,-0.465726222920146,-1.09916683964518,0.376830643130784,-0.165555670786995,-0.0339656392097855,-0.0994437653765686,0.262685657692984,-0.166094305096013,-1.41196169288978,0.827973553637616,1.13090593219435,-0.347363998449569,0.301955706733949,-1.32280921815729,-0.4681682469651,-0.0688354071715206,-0.286123294347136,-1.08218627790778,0.184771803726063,0.561408600575763,0.065838297229042,0.13091359504837,-0.0712244669474101,0.0230494247623762,89.9,0
153939.0,-0.84265913893012,1.35841754189158,-0.485599632788924,-0.493194694795444,-0.185303503215857,-1.22460138372254,0.360207465965952,0.567840941836476,-0.407030092431461,-0.774461084833484,-1.09714772418153,0.795478184092463,0.77219944624794,0.584590206423128,-0.535395768327345,0.116312904399299,-0.11395357422031,-0.756250327027395,-0.0949218714655224,-0.234783759923701,-0.154283162350553,-0.540363412626371,0.227945476911159,0.0551417485623175,-0.42137337975982,0.12919145298537,-0.111857253270491,-0.0707200310861288,11.53,0
149676.0,1.83319104756006,0.74533277919767,-1.13300871289587,3.89355597724996,0.85816381687158,0.910234501320998,-0.498200069408129,0.344703185766382,-0.667939095579291,0.398155064675901,0.613867739096179,-0.0225614827826197,0.452018065249222,-2.96920095585607,-0.964967034325346,2.46444980239245,0.671240576431668,1.92102109165871,-1.61692658827377,-0.0855787549071908,0.0392894902587427,0.181651614823537,0.0729809106352829,-0.15529884930206,-0.149891395375819,0.0127924878401756,0.040853819187149,0.0229031158842699,17.39,1
70165.0,-0.942624021864708,0.426381047027526,-0.202055542055012,-0.699364089776638,0.125304469747091,-1.74420113285244,0.785800518277708,0.147817999292805,-0.426214873176779,-0.605671928949656,-0.802745426417305,-0.14917688425623,-0.530855491724052,0.792697479973927,0.0076227906878575,0.202480055419891,-0.275027002471375,-0.442920469819518,-0.540855325664701,0.127288982963594,0.212680479765066,0.284341089246334,0.250055043132705,0.443396139991375,-0.862755827353233,0.737890817573558,0.203244996669432,0.132837141948189,78.95,0
64844.0,1.07249954714947,0.14769456169595,0.214181825547248,1.18112672711333,-0.273012088551199,-0.910468526364621,0.400580319770742,-0.309433635550965,-0.16931521611113,-0.0541519426920739,-0.236669281463114,0.688355193333615,0.950375560377512,0.22287145366746,0.828487283394955,0.0181235938496723,-0.478603170552207,-0.246788028518657,-0.403808016528467,0.0983784047680077,0.0921503108152302,0.155248197428652,-0.189669031134368,0.422620642863707,0.687096882769988,-0.340776690727671,0.0029475391446239,0.0379046047273716,93.84,0
58514.0,1.29208403765081,-1.26367974061369,0.618124989041095,-1.25805000462086,-1.73464440690164,-0.852622825349684,-0.865935145854112,-0.25992483174287,-1.90147641904845,1.33437888503267,-0.25798478703341,-0.3154607098525,1.53306739812744,-0.551628152815844,0.660554929435907,-0.220277284922302,0.372459517864776,-0.182292450301514,-0.280980516203547,-0.0382004265060577,-0.291418888820158,-0.687860257405319,0.0717594675723741,0.372424719562241,0.124688758544055,-0.425343249652552,0.0288136500381302,0.0510289915066774,122.38,0
141892.0,1.95236866615437,-0.0126860478765513,-1.77648599133945,1.22840424828092,0.517468415059907,-0.641076387456541,0.489717913339728,-0.187646989057452,0.149353426473291,0.449822021541495,0.200333829004198,0.242340472023799,-1.51233022729927,0.961046027681357,-1.05438730271517,-0.378141971387682,-0.434718650189745,0.10740073064961,0.198026806841997,-0.297686285458549,0.082226385146182,0.305050760875367,-0.0694068599347174,-0.447479349324686,0.422582182041153,-0.484035974687802,-0.0326039066763376,-0.0732590411965244,38.31,0
93742.0,-3.29112509261551,4.4011941515981,-8.39421162258901,4.45357956949695,-4.79005451824953,-4.24018208232724,-9.21900099642753,1.97402995723142,-2.91294270907847,-13.540168238225,9.41303953977606,-18.0475965708216,-0.728186553999085,-15.3930448312636,0.3494850489774,-13.30388757707,-21.2979057823155,-7.26231079476482,2.27422550991903,1.4908691418867,2.10234346771868,0.597370314627801,-0.328086184026121,0.445752402449364,0.585280580866405,-0.399005421878678,2.11600444233121,1.05074380386505,1.0,1
61221.0,1.26672879662925,-0.291075106611891,-0.954017934493007,-0.281692458839218,1.85084478892147,3.67930570578971,-0.736422698221269,0.911209298103569,0.515496872518983,-0.158485104877593,-0.566568140278402,0.268540032550272,-0.173929986074577,-0.0499772675911864,-0.18243100168815,-0.006055845109562,-0.416565209950127,-0.113041416639695,0.558929776150085,0.0083804202166468,-0.159548656358201,-0.382867572648051,-0.108694616509615,1.05880482567572,0.705334733647762,0.426015630494274,-0.0128939765153255,0.0062477521376259,12.31,0
106388.0,2.0518780248296,0.184872420721071,-1.70833755880038,0.420917297274372,0.718235915641184,-0.291678148645981,-0.0194297646174826,-0.140159381311206,1.56280782649767,-0.578273955639199,1.71663939557453,-1.86061781032558,1.56854913928351,0.788738716567164,-1.19108817401072,0.601225540249658,0.82314693097645,0.601311196025777,0.282257407031849,-0.172729296584892,-0.486733425543116,-1.1012452410955,0.288738499561062,0.0356556680988106,-0.266305504428341,0.139118548364061,-0.0955124574611245,-0.0502607778899065,6.99,0
111929.0,2.25565283109743,-1.48244394843146,-0.584356904459326,-1.43675594740485,-1.65099592936612,-0.85244391532493,-1.29518128112954,-0.156882082861762,-0.924162018497359,1.56496894481763,-1.09597697347867,-1.13021671103961,-0.274571110379548,-0.392656575377004,0.0550631859996502,-0.466725118813335,0.542354177890287,0.0080809969056332,-0.289795265281191,-0.478610582252994,-0.142324817804402,0.0833326560727997,0.269979788287064,-0.052658888163418,-0.325790097619469,-0.171346316216836,0.0239247496135085,-0.0453744589380877,22.0,0
33998.0,-1.90501770153891,-0.220685038107275,3.55413063497653,0.912503025854659,-1.06227587537299,1.02463964099964,-0.0469580038207787,0.289910995477298,1.50894326637851,0.700046851931691,0.0026276998651332,-0.325987824023452,-2.38675141169648,-1.51004702355768,-2.89393230884138,0.514107757746262,-0.431020408067385,0.332031234399683,-0.852492344234253,0.0994036246858027,-0.170768530593439,0.522637511492083,-0.43484184061789,0.601699867186037,0.314133358382139,1.01090119054862,0.257918090600104,-0.170707294855019,144.63,0
53200.0,-9.81005132034524,-13.5778345488669,-5.40400677943943,3.76637442399505,-0.923441218388354,4.65226670915649,6.21734299137356,0.798690416047869,-1.44942245548866,-2.29487425413113,-0.743563012924989,-0.200279780831068,0.765905220255527,1.33526249947312,0.840918841182136,0.18086421871236,-0.211751042614313,1.63714579553208,0.485678838155617,8.2193029528961,2.31571656748246,-0.589485720878026,6.41877257170413,0.749340748128198,0.838975650503987,-0.403693746546952,-0.508335504800044,-0.653560861878815,2800.0,0
152339.0,-1.82550296318537,0.331587071151496,1.61783809127331,-0.606941211034209,0.150515306781173,1.54926820416424,-1.85280304836053,-1.85738435765043,1.76905116438632,-0.290331355019222,-0.73472612819897,1.05000814893846,-0.442711607931069,-1.07678764773273,-2.68948727764833,0.014274310765468,-0.15120676720325,0.389950960125636,0.843817374522148,-0.933835345212729,2.21949256725039,-0.563163636835844,-0.384635486309976,0.261033773943947,-0.671009890980701,0.482802581373467,0.0026872075608023,0.207931778628159,11.66,0
124341.0,0.0845866413392335,1.0269244630663,-0.211915170414694,-0.43772610539344,0.767183367739255,-1.021522843157,0.973648394260693,-0.126873417523927,-0.117500444602069,-0.849665567137813,-0.194018600393373,0.189835856116321,0.183306282941518,-1.03462250925926,-0.252023285909981,0.129318629679058,0.571758614743208,-0.482028264598778,-0.472103170070713,0.0247586137483676,-0.300184559738627,-0.708901012943132,0.163216061908194,0.99031208922396,-0.485563681680138,0.0885174473922012,0.226347656721094,0.0895815469235605,4.49,0
125345.0,0.408941253574774,-3.56146299835953,-3.51971410003021,-0.0612260793978953,-0.816126371603255,-1.49003527064056,1.76150148094378,-0.927581328344911,-1.11239908187378,0.491169568375091,-0.772923600311367,-0.828690458553014,-0.288927076143186,0.73400932352431,-0.328469474322914,0.161821125287486,0.636115356729811,-1.59000482077385,0.394438893679173,1.8826740977988,1.06579729442425,0.940751706120014,-1.08624830020016,0.0603019389715212,0.388966600960626,0.204768237501603,-0.278872953699968,0.074774481508126,987.0,0
64930.0,-0.734114216778046,-0.326650448249602,2.60845505303219,1.76152429560015,-1.81933477989856,3.5179160951324,-1.30451826513937,-0.643482515781605,1.60128054203869,-0.779794607620333,-0.38842087608322,0.369058861377074,-1.70822347742785,-0.652630212645949,0.369560523733078,-2.00249141385247,2.14487704338288,-1.65350239849956,-0.693720580103372,-0.48877118800364,1.67996793043306,0.495691772358015,-0.448561446385885,-0.573440491853895,0.963306458421736,0.297190396831137,0.439458201696123,0.122135533140877,254.31,0
68445.0,1.15906631504076,0.0164155072672808,1.13000783079214,1.07142828767353,-0.664967048554109,0.240762094786041,-0.620550087801737,0.184198253566097,0.418652712144231,0.0110386490291974,0.847481957008768,1.37350899704476,0.889346656347775,-0.246422064902826,-0.146140909444371,0.494759249604883,-0.823718367064858,0.709456365833114,-0.0224804922344211,-0.0658555725645778,0.1617738750003,0.661701665156881,-0.150197410359536,0.055812967656019,0.555798361551002,-0.258065855277801,0.071144515261178,0.0234728526446719,1.71,0
26979.0,0.990367426024691,-0.739989323931483,1.03072935778059,0.0850683032918333,-0.923633987785549,0.868458898858402,-0.933452342214881,0.537712361976063,1.11867869512857,-0.357499946478053,1.14747627280094,0.785883070735029,-1.37352948552009,-0.045978957501099,-0.355961551357827,-0.450760791050957,0.528566124624063,-0.889331064149739,0.0245654680058012,-0.114762791133736,-0.112067728535071,-0.193962665525378,0.102143921806261,-0.23140286431245,-0.100016151787263,0.983156493852891,-0.021201050661614,0.0029122491618627,55.06,0
169745.0,-1.52134748977797,1.15913542828521,-1.33536631452043,-0.724924886083733,0.925702724746169,-0.50398058243579,0.369200431642663,0.492802970872605,0.332160380638665,0.204352272032034,0.599842359362915,0.382286531439021,-0.432329507231811,-0.708353305205578,-0.734070798551309,0.706839436605645,0.172235006371986,0.34188860175479,0.120705985439544,-0.133482685260685,-0.491100821971187,-0.808398267681284,0.567137200073466,0.0974298362194333,-0.138371660730094,0.162477873627872,0.473090194790389,0.0786567142749425,5.98,0
29062.0,-0.863541475981016,0.158171433911234,1.95288404394702,-2.000123443393,0.261195475803071,0.840268369902837,0.164306298854363,0.393051985950516,-1.6482754071557,-0.401222764377883,0.643996552658371,0.44458468204959,0.832126033796449,-0.112816137785575,1.16103104176496,-2.37306507674192,0.915620267552723,-1.20794400861448,-3.18145323527327,-0.577117530951545,-0.250078351472853,-0.181471731518089,-0.0306291296612947,-0.614081020509489,-0.142808558329699,0.931564116408414,0.028334477799963,0.039424220950592,10.0,0
171337.0,-0.495842894179137,1.45974754651607,1.31062526065904,4.41199986237055,-0.109532724976533,1.21894337647131,-0.241930435596496,0.677034157442902,-1.55289896121748,1.30854465319621,-2.00885501455298,-0.508148850714075,0.956998969961023,-0.033822260799447,0.60318548258257,0.356390652791749,-0.052571934226711,0.806669439205416,1.1753318753058,0.364368739054408,0.320177366816332,1.03591394425105,-0.097616487366836,-0.624401934109623,-0.518558989923488,0.541561526399563,0.36451546163045,0.190850674850228,47.78,0
153224.0,-1.17669484195064,-0.0574641145125285,0.285134564148662,0.48222150042866,0.727654795430343,-0.587055398884145,-0.591011925023983,0.567512478068898,0.156197907085721,-1.30729214497853,-0.799763192819392,0.175792023820598,0.629934929775836,-1.07785540292756,1.04623705021152,0.142873663521035,0.888303692057875,1.12687092688879,0.436438135892532,0.309491624108307,0.470513708899295,1.0587057512377,-0.143212718356284,0.636545428111771,-0.485553705961405,-0.0802147700938189,0.154675504615285,0.0098036793196041,19.98,0
51023.0,1.23971374722211,0.205222381564503,0.135555296988652,0.997466839724068,0.112141635557156,0.0749707864031564,-0.0785295593064639,0.0790492097316995,0.219351003849819,0.0354872599302482,-1.07974295530802,-0.531451226424981,-0.851030535374114,0.495650916703817,1.42809229123915,0.2431888216287,-0.46793092460289,-0.228055184555734,-0.461824497865398,-0.209411849123632,-0.112909895833679,-0.319429691184663,-0.0611778681477834,-0.819037519803431,0.505552079418125,-0.363055897411723,0.0316162504172329,0.0129237884818132,4.9,0
48983.0,-0.866825768811358,1.44144444032476,0.270284312822671,-0.0198503576883476,0.372737816569593,1.76641152870373,1.88261822480513,-2.19074724938823,-0.5856994274342,0.374074994715684,0.496104396718463,0.588627012212333,0.979379015711809,-0.14068807457294,0.0823601853497301,0.0248116148693674,-1.03741505363886,0.196190963769678,0.235778338440438,-0.454570710560143,1.45417519897778,-0.103765656419087,-0.235442553940615,-1.32869107160789,-0.0663072771741448,-0.415800169424343,-0.173823329840827,-0.406327333048162,241.12,0
125393.0,1.54584431146951,-2.14896072870566,-0.222279461695561,-0.174344611833149,-1.55052637329978,1.02948861256683,-1.37016550834791,0.366986994606014,0.693115387481017,0.666875958028246,-0.379098175209659,0.561526741302754,-0.160438316726453,-0.635029572506938,-1.33412860857063,-1.00278620750944,-0.292140205996285,1.87261451008912,-0.254972038999782,-0.0600695234588242,-0.259675242565465,-0.590270106637495,0.114469487241245,0.284455191845974,-0.674526885898872,0.479633756444801,-0.0276143102025394,0.0020039870298723,269.0,0
139509.0,2.0159804897864,-0.996677804569411,-1.87125746034806,-0.643633933307054,-0.0586646861343452,-0.199533294236979,-0.185008093790648,-0.104910168667158,-0.687636397142362,1.05136051632078,-0.0705290066481554,-0.106136365026731,-0.811356180893736,0.62178965527126,-0.678673330133391,-1.29692278914855,-0.394515748107889,1.38253753493918,-0.0726783174848404,-0.440622905052204,-0.47740768566501,-1.10722454007638,0.177908056185367,0.0529070055854727,-0.217010462505274,0.460077671160102,-0.103647497444146,-0.0598270741298372,101.99,0
100501.0,-6.9852674861123,5.15109356872598,-4.59933777342036,4.53447860064768,0.849053978611719,-0.210701203278644,-4.42522968507474,-5.13452515572624,0.0693205728889109,-0.870997150804889,5.20081516878268,-7.80222778971281,0.0339124179895287,-7.56013197197136,-1.01465193469311,-1.50792960088674,-3.41027456780471,0.107544007359072,-1.37551765637273,-1.24699631854492,5.45367185347674,-2.05617714358307,-0.280333720590026,0.120771472511766,0.569357720918146,0.145971466001576,0.300193469284684,1.77936385243205,0.76,1
39451.0,0.489490598940739,-2.11314084126336,0.362788123755566,-1.31503250189439,-1.95727697359237,-0.61880034294879,-0.27260985148079,-0.0583382403469607,3.05737499424886,-1.96585084400529,-0.957115877395629,0.826406849922357,-0.988915871472179,-0.335937662818817,0.219239238086257,-1.47565169253803,0.611309451704032,0.210460499592778,1.38790162516689,0.620627936958516,0.257342478686131,0.360798051967085,-0.546118927818216,0.475233266337684,0.663582511287333,-0.622949614459278,0.0387405313920253,0.0941188105866814,400.0,0
62345.0,1.13758271217913,0.105478395503115,0.784402415172479,1.25497319261753,-0.600870487256629,-0.360836453955697,-0.161727367392563,0.0760917898628391,0.280587177786506,0.0157874869725683,1.08415387351508,1.0160105718354,-0.66698228021449,0.250706245390442,-0.835022188144176,-0.130522054568829,-0.216623974316661,-0.058070512205442,0.265562888002784,-0.178887294884155,-0.195691769822899,-0.443664023223008,0.0462696214250753,0.516245697568792,0.44794257371188,-0.55494873632954,0.0318207841374489,0.0181769446073077,7.6,0
77520.0,-2.01181626198981,1.28097573098292,0.0843157868896452,0.0951663561518182,-0.18931407396212,-0.373366346820175,-0.0815290620807134,0.692652336446735,0.0612065893931667,-0.212070164667517,-1.69082597502851,0.698986198474126,1.05513862254557,0.0423788403561684,-0.511608426670815,0.0194293127784423,-0.0322974793705955,-0.341910667652687,0.653649628710469,-0.172653433319223,-0.162981124620543,-0.297098197556506,-0.063386630909082,-0.395133974181498,-0.165964933389617,0.200876525742807,-0.0865712970564882,0.101255648413107,24.3,0
34135.0,1.10928724675238,-0.562425422397824,1.07090301024867,0.298159879099531,-1.29971294897451,-0.380437944113698,-0.61985410060429,0.0719065736600114,1.28281820269039,-0.460343331139868,-0.886812224229194,0.284791167000355,-0.567812816863618,-0.433728627869296,-0.235724135517064,-0.0876068905572732,0.17793333010536,-0.560981168645024,0.452387203832067,-0.0057479000415782,-0.208311049191795,-0.485572603664234,0.0407715120241121,0.459970682143683,0.0983198899924661,0.938356059211744,-0.0472839196589645,0.022408116326487,61.18,0
81196.0,-3.90309873611274,3.76985426343464,0.353386261260259,-0.133834019728746,-0.197503895373771,-0.660110250314471,1.39055884779123,-0.997018576458855,3.14710278247083,5.8524315847916,0.898969466224785,-0.149078261294707,-0.281188407028928,-1.67782048058109,1.61385940217795,-1.4978346094285,-0.29715870478835,-0.896758483777304,-0.551245042264293,2.07665578742471,-0.321404468772365,0.489934932236454,-0.0110774872518417,0.556263403154476,0.190334742691475,-0.461693070489135,0.294346371272922,0.170119056813344,13.1,0
130750.0,-2.81407388201633,3.14939829224608,-0.843043389695211,-1.37864995621115,0.530771495709057,-1.34582735520044,1.96453360927126,-1.23367547823306,3.7058591826841,5.50542383997804,-0.181578343820628,-0.679183429199656,-0.63806365173975,-1.69671404748656,0.905514160257768,-1.22988269707564,-1.15578480905134,-0.173691992460996,-0.364512115834257,2.20054859763761,-0.419843022972409,1.20731591943349,-0.203985534254836,0.0137308176714841,-0.280865679621781,-0.409709608530266,0.249212106412766,-0.96786660133641,1.29,0
79820.0,1.44018169151996,-1.04968639016844,0.529533908565428,-1.37850539234096,-1.62871360573156,-0.819145192621325,-1.01413868204914,-0.101309591003842,-2.07457517249988,1.61305297655354,1.35146097524734,-0.284287295753507,0.0750958710461108,-0.0355014473402522,-0.113072819703193,-0.248454263403598,0.349718651918874,0.426990711077502,-0.0333108463180112,-0.320245407485236,-0.145961184438343,-0.104747805953682,0.0415331141032399,0.517439112554573,0.31585418778632,-0.237045324763033,0.0222185226439668,0.0142994625117469,25.0,0
141000.0,0.0444933604458604,0.861138884740616,-2.40657712696784,-1.51633852668717,2.90541199171835,3.00155705697232,-0.0213964816456463,1.22232279552493,-0.485721612907278,-1.07204992070877,0.008066727733995,-0.22262994318499,-0.248517957694083,-0.369617584933805,0.621472387173676,0.528423009081728,0.338800870738185,0.360599642596027,-0.855723815076179,-0.22071057041554,0.324431299846938,0.783172959109149,-0.0118300908714779,0.660959585567887,-0.661762783717697,0.53228217050071,-0.0264394035311781,0.0434991505148774,1.5,0
155841.0,2.32302278917881,-1.46908929268826,-0.865971819259758,-1.62297290588212,-1.28435164379218,-0.35203220787031,-1.38409229779679,-0.0454525217063462,-0.865476806211409,1.58193956170564,-1.49358641468115,-1.45977014627264,-0.508578796789446,-0.373000281757151,0.106970666236456,-0.277701734448874,0.366667019434747,0.269339532175375,-0.0830349330226142,-0.479642490147939,-0.186271873960747,-0.0723275095791777,0.276839689940399,0.423319265619799,-0.256127741595712,-0.189019595700398,0.0159400272163611,-0.043970423324485,8.2,0
113098.0,0.709297829028812,0.463522543064313,-0.446879449316375,-0.0800333515980752,0.204325062107971,-0.575938906246137,0.133434597217471,-0.935160912661842,0.539685477625024,-0.318737790043761,-1.20985303791024,-1.09152562217373,-2.30083675771134,1.07424373096816,1.27979881442039,-0.389474788296298,-0.196792104869889,0.527833522000929,0.301199256661473,-0.384909549520771,1.03931283403253,0.547302997129562,-0.190922547599536,0.703393283961919,0.545160344921708,-0.327646716870476,0.260661220410142,0.301671260566239,1.0,0
130528.0,2.08317234597149,0.171750612060459,-1.82671418497591,0.334071255083074,0.644057600047588,-0.604483339603629,0.204663575339575,-0.222239941788035,0.431543535434435,-0.403368660499304,-0.703203642202038,0.351788268370153,0.656346214973891,-0.964441634209121,0.216324674739613,0.323511942116345,0.385970830692182,-0.360967872197453,0.0936809840773824,-0.111933312873249,-0.371315881053274,-0.935437469167256,0.299187511253053,0.188328315746162,-0.214363685605892,0.193963079787315,-0.056909845233898,-0.0325286076114044,4.49,0
144081.0,2.0173054728363,-0.398389249656593,-0.697708634168469,0.0999716853106187,-0.178660848442509,0.175719817851067,-0.605267754475543,0.149702616540175,1.15909399986492,0.0207265915975273,-0.150733299081503,0.633701776185641,-0.23021086511911,0.180990324010046,0.0764904975710524,0.723157631357919,-1.16094761855627,0.704458062249348,0.623859450396863,-0.209763632531437,-0.204501358076614,-0.485732746965894,0.232098638648804,-1.15456985634333,-0.328860908922037,-0.573246600318949,0.0272043605721488,-0.0527329487141049,6.95,0
152151.0,2.27150253492413,-1.47452983440591,-1.07782395153172,-1.81406468670162,-0.905974832301447,0.141885538862888,-1.30379042898787,0.0202701800493087,-1.35043622630727,1.71298878104501,0.12561748835803,-0.233385341882901,0.663879288205167,-0.386417548683456,-0.755067075711019,-0.100789387000082,-0.0439058713541454,0.667739370870836,0.348443086260608,-0.341491032737127,-0.1445076939943,0.0249257922083515,0.185810280554913,0.0753516771940153,-0.177980494141275,-0.194097372149858,0.0103792094923355,-0.0533585694624247,28.4,0
121754.0,1.91564413685386,-1.26324282143965,-0.450493188467966,-0.687531691281154,-1.31921173087615,-0.834760341576758,-0.741264375948009,-0.207725744697203,-0.0174688468213917,0.63703423362703,-0.605860996770043,-0.0666160072314974,0.816524665318307,-0.531998423765554,0.166271631896927,1.24172057667542,0.0987245410696226,-1.56672266727926,0.572554257890063,0.255861397614257,0.0391165942046297,-0.124268594416328,0.271233012706352,0.0410673578855865,-0.52652244231334,-0.502917823299249,-0.0071456657126368,-0.0168388284107908,136.0,0
164489.0,0.0390615817068912,0.889239179821693,0.302198657524712,-0.585161164126688,0.431838081166489,-1.11652361981601,1.05071117457991,-0.232965198369179,-0.109813112495475,-0.425770621476461,-0.846933368507922,0.363781057196576,0.430185777613249,0.0293456299666803,-0.449951783717515,-0.115014047809986,-0.429630249832897,-0.801883329432333,-0.0908121526376802,-0.0057847438249135,-0.253421229328061,-0.535449719596394,0.0724192315963691,0.0505881928484255,-0.475028678886005,0.136236278819676,0.248946187795006,0.098622673336343,5.99,0
59300.0,-0.603291768134554,0.340582148859848,1.36162753725988,-1.16935230944686,0.156691922541836,-0.225418335599597,0.296596129136023,0.199706883464306,0.268256176803685,-1.05770894146352,1.14119681645167,0.0227282231456449,-1.603059627029,0.886055150764024,1.79594243802307,-1.03432497825691,0.208865545561107,0.730432675233883,1.7451869102363,0.0627843965107699,0.207349269442625,0.587802878439142,-0.388255358583764,-0.303340710923437,0.483804119967179,-0.376270362586201,0.107087916183456,0.0614016436487931,13.1,0
84694.0,-4.86810843844627,1.26441977404559,-5.16788542660662,3.19364784504611,-3.04562137708228,-2.09616609885545,-6.44561018266068,2.4225355920307,-3.2140554159387,-8.74597261185534,5.41604190908794,-8.16412507731485,-0.165010607208302,-10.1935303551514,-1.89521031032574,-7.36047460938421,-14.6687710766351,-4.87711900477519,1.38560952778492,0.66730977994879,1.26920538901712,0.0576572516592633,0.629307399675982,-0.168431773502721,0.443743902404587,0.276539471570389,1.44127396787951,-0.127943726430018,12.31,1
68630.0,1.19148396816563,-0.230241097471607,0.302459687994019,1.25267522303641,-0.0260132168452376,1.0430260562,-0.505150412702545,0.348948421937534,1.20935169993721,-0.211659664532547,-2.37812514193425,-0.650606020179129,-1.57805283976969,-0.152203541613365,-0.423838643157888,-0.334993020542292,0.0234240786674688,-0.232750660110266,0.278414948399088,-0.2323151297168,-0.187925738111198,-0.26670052643916,-0.236015407678299,-1.34859729934583,0.741339029895878,-0.166719442161454,0.058435865847932,0.0071010506079906,20.9,0
121592.0,0.189657046656375,-0.694284408026982,0.881588911890199,-2.12680333301768,-0.483190087140143,0.734407174408488,0.189471625149096,-0.0523047535452775,-0.83639592004159,0.311152117202867,0.630490112260051,0.211637207742545,1.77457570446385,-0.966396364783176,-0.159674255385779,2.04381270836211,-1.02350881712777,-0.209926329279096,0.474176526246748,0.577536811433765,0.384547902908022,0.921169356105637,0.307054052350914,0.10082206124083,-0.550234405178227,-0.408234863226372,-0.147508669324261,-0.201284037538143,162.81,0
25315.0,-0.481772384291457,1.80331340625813,-2.83080241353595,1.85725812429229,0.110355313618169,-1.95930021530954,0.414153100337803,0.542404522464349,-0.418954032073204,-1.36191935030848,0.382512173953837,-0.551470046437169,-0.467857050287147,-2.86744521073072,1.11243035430905,1.13835582532824,3.16593497775315,1.63687329580311,-0.452503022543466,-0.0207138741772888,-0.111235635790118,-0.284672509423266,0.136544733384657,0.0348715171577871,-0.395226919503248,-0.390191761791847,0.224793501293249,-0.186890563010727,99.99,0
119413.0,-0.307095482588655,1.01981661371987,-0.223120801573586,-0.416040582465618,1.34488059796576,-0.92452222520005,1.29461449075647,-0.579693848832428,-0.0198356612445265,-0.668033042472155,-1.00367718778369,-0.504039097102748,0.3338215312735,-1.1580612339558,0.796427363961701,0.0592224512440861,0.0967424978128301,0.877448900637572,0.228398954133408,0.0010321984570262,0.241254089498151,0.940410655470638,-0.35531502859853,-0.706011846533521,-0.0996566523483986,-0.117854022569019,-0.257027145072071,0.021702535943563,2.96,0
82091.0,-0.737400086003306,-0.849333024382971,2.85267723915233,-2.35026632878194,-1.51166167669956,-0.574796651397969,-1.0689864010957,0.180836468165937,-1.77782983058969,0.637395943812408,-0.923226821625099,-1.64989358139146,-0.21071507476141,-0.760519518767115,0.676166528499706,0.379632938392659,0.0389188003151181,0.909542350467743,-1.14708736890429,-0.239093625109693,0.145896721047292,0.609675002655898,-0.19893641096423,0.362902940179232,0.210197908056642,-0.123114793772602,0.0792678657830702,0.0835064437502083,25.01,0
135176.0,1.93855793073941,-0.464878068728155,-0.0605973558244852,0.962776177831044,-0.338969051218308,1.08486610346558,-1.15863277314045,0.392212750147678,1.21965619105613,0.291183341288389,-0.510330736447199,0.685524160521458,0.552922924513567,-0.31738699144337,0.253148875970845,1.27209245460697,-1.57429755724836,1.45302638623738,-0.127388225371282,-0.161917744820893,0.227468974664998,0.833699247883727,0.011499669339469,-1.45821081971988,-0.164857470484752,-0.517515246719786,0.0941553821748839,-0.0390534249957343,13.99,0
160791.0,2.13238602134104,0.705607819703042,-3.53075873641584,0.514779310643757,1.52717469821568,-1.71626826866624,1.13279092955315,-0.574214355395823,0.128903890816348,-1.00080505203989,-0.191190536963042,-0.323794189703165,-0.572455950927237,-1.42206385294204,0.314684199046673,-0.387162054366978,1.73474160368315,0.610975987993976,-0.221267207742386,-0.211167179112658,0.163739121720823,0.703910440133969,-0.24507615703343,0.460049173768465,0.920280992581626,-0.216585741807507,-0.026218563758315,-0.0250012963633226,1.0,1
159307.0,-0.0080787424478823,0.769588134363233,0.33878334624197,-0.67217927418861,0.360219561538741,-0.867050883249921,0.873830716688869,-0.0317154534291104,-0.21730385889967,-0.225167913808083,0.749890738617782,0.527858824897289,-0.708912373020651,0.437692985491652,-1.04263378550353,0.105258710593892,-0.590216258485524,-0.20708879334397,0.174323448013184,-0.0673122791425052,-0.209011362748379,-0.492475714892353,0.0793460866446554,0.0534627905148786,-0.552175107067649,0.117077486612644,0.238966117228451,0.0869585426942846,4.49,0
57953.0,1.4268572205593,-0.534910066384916,-0.0071285031739622,-0.63855615859857,-0.53786841263407,-0.388633715355565,-0.377139011168217,-0.218566057081344,-0.603430790838263,0.473522005473131,-1.19767445098926,-0.132570747563671,1.11274952434772,-0.646240923322412,-0.608862007898926,0.671543648054848,0.361462686728174,-1.5945012280949,1.23981132333077,0.168597363632186,0.0199919531822268,0.174990378102012,-0.236209632574151,-0.385121416078991,0.82395737762497,-0.0987653030428531,0.0075115232133443,0.0053037663369963,29.05,0
52176.0,1.20138999149218,-0.0048183249710915,-0.335282377538589,0.894610685668396,0.674578844411334,1.12668189499737,-0.0869021894824819,0.273841801354437,0.244974357549015,0.0556042796233514,-0.493873833670897,0.304984471326312,-0.555343034777523,0.292143419706576,-0.594387727711171,0.0106040699586337,-0.578043461982587,0.164894168446036,0.570831725675175,-0.120541671886282,-0.158113436693868,-0.326611267806401,-0.299385462725244,-1.706395033915,0.834024718943436,-0.223207522736336,0.0254868592441979,-0.0092937199400145,30.0,0
107681.0,-0.631894047770863,1.29410180937628,0.933836048127226,2.68873308708083,1.21794847786883,0.551975920684122,1.3703620528652,0.0002295503404009,-1.03134521581161,0.419790046629638,1.27673111064922,-2.80714041672568,1.2242229459116,2.0173834833831,-2.11837411138544,1.10063522432287,-0.533150724128219,0.809965559665262,-1.80713867933871,0.0203341783250683,0.27497019337435,0.665191801254348,-0.0353485298729975,0.6719047546335,0.0173938622690243,-0.007861151920225,0.0222448811347013,0.152492639855094,111.07,0
130121.0,0.0896103536991394,0.799155952405575,-0.255896831837867,-1.02366939215894,1.15892339986889,0.0009848623012701,0.928839727981506,-0.0009125748237728,-0.282835222998937,-0.258144277810375,-0.372052127763831,0.62153772039042,0.632278112805997,0.134555834693091,-1.05454432184444,0.481287149596973,-1.18368044409275,0.138020054177036,0.71681486211644,0.0575160188611742,-0.290462614583578,-0.672991401481339,-0.105713963740717,-1.38071317902706,-0.318971875101482,0.203938113123718,0.24287034369042,0.074735229244221,8.14,0
147165.0,1.3646235504762,-3.05154330777863,-1.12731826511668,-1.0368810152607,-2.26107410800738,-0.805926141732734,-0.751214364894971,-0.23043445714541,-0.781912302076994,1.39490743123491,-1.35267992051846,-1.81687675000423,-1.48441122223547,-0.0347743796478232,0.207621107732083,-0.288657864571828,0.5770078409894,0.34826620276802,-0.36103509407069,0.39134663591415,0.119246254744803,-0.290139803186803,-0.129947664642798,-0.0047267010068442,-0.526473440986197,-0.222278665493033,-0.075563882412002,0.0334588384200246,487.0,0
126241.0,1.96756072681683,-1.21279582219431,0.0053616344078742,-0.465615510880619,-1.41582022307466,0.0614677899039609,-1.32918787767481,0.146808480857813,0.046212400647247,0.932414188420879,0.359942450091996,0.773066240002718,0.742163874111264,-0.340976186859302,-0.055857225132859,-0.54420472822621,-0.769763475899982,1.96016299708483,-0.694548479584381,-0.442373521975622,-0.255835146352058,-0.246726765895324,0.300866413929956,-0.341804386512154,-0.706497338802141,0.481806427912871,0.0022024964774577,-0.0369230365027869,59.63,0
152094.0,-1.01998318848895,0.166805872316657,0.880599173938756,-1.2220963313269,1.3166864271199,-1.50532728351196,0.971592074187719,-0.183330757884474,-0.286667350872313,-1.10272684773146,-0.984889548918602,0.287911392635539,0.14689737028723,0.0892723378726467,-1.00602527291142,0.224450894431177,-0.745425435290042,-0.942696752606643,-1.17998997017761,-0.040718212821663,-0.147388160573474,-0.666797405068813,0.0471372005080562,-0.0222219518768367,-0.0782411890745675,0.002585257582726,-0.0057946281025042,0.133060357036272,24.96,0
136714.0,2.06657913519816,-1.01721381658162,-0.709068897313079,-0.821793646627933,-0.741669387573849,-0.25944823486829,-0.737875845222918,-0.126693855971772,-0.0385331223108872,0.574899273663895,-0.846267893370637,0.312723651754271,1.42144065945247,-0.783788779583016,-0.539520826707832,0.950520073991444,0.212851557007423,-1.90188931521034,0.974317544004998,0.186013589176212,-0.180883491213305,-0.550211338037611,0.369332221505481,0.577146149149164,-0.413313419597223,-0.606733159669516,0.0008317969759512,-0.0249793823861941,70.18,0
63416.0,-3.51049104043239,-4.21478939184768,2.75236323909171,-0.422254187290919,2.15245244995319,-2.12163379383638,-2.35753680525032,0.497671109153765,-0.442746924704896,-0.265223275974536,-0.424181274370669,0.275385340515342,0.729396418984649,-0.992389599706482,-0.982254145669787,0.412651286161468,0.879676297413093,-1.93775602424114,-0.088051343138178,1.32958816667423,0.493889856055514,0.229195429161736,0.797519355012623,0.421096220898708,0.526197580604928,-0.328404250923324,-0.0893566282422222,0.151338806559214,144.84,0
33365.0,-1.47760136301048,1.50485241043976,0.656550961576678,1.29410120209348,-0.635950952334864,0.148272000725024,-0.174010698482923,1.11203258078351,-0.632949139686713,-0.0718071357637851,0.902900376590408,0.966423283708826,-0.662286551769846,0.891857913672955,-0.491295939220957,-0.818395301629792,0.808177721398479,-0.129080924174022,0.899524865315493,-0.0067696637189584,0.068273288485203,0.323988178416553,-0.0555326009286721,0.223673075155856,-0.0760072167468925,-0.241677073739385,0.32194850737523,0.0820060607527038,39.06,0
61768.0,1.23924550123028,0.398756237233005,0.316977186632901,0.691124302264235,-0.290193107561661,-1.04587320613776,0.167979355156631,-0.26401636813237,-0.122575118154586,-0.316823571424341,0.107607126767286,0.776240505042085,1.24441464113793,-0.487783930550411,0.98352155668733,0.431987187763013,-0.0630398124615241,-0.422125972948949,-0.208282837933877,0.0031342598518929,-0.270324331510071,-0.751462266483738,0.109057365817954,0.37368375273741,0.247099005699451,0.0900135961523589,-0.018164048062861,0.0346112864425858,10.99,0
161787.0,2.31038430085695,-1.28978867328521,-1.14366181393504,-1.76305529946717,-0.835167623570078,-0.25367781976179,-1.05046777509562,-0.152084447932824,-1.59979236662208,1.71611686458905,0.268030058535374,0.229143190025168,1.45178519188047,-0.4329486754109,-0.935860093635876,-0.32984981213793,0.0075352924123025,0.362645763977789,0.355512088333783,-0.364263239775145,-0.150681368753485,0.133831249869675,0.125545788278379,-0.790347730835214,-0.0791329594675914,-0.132606814298007,0.0149417654936129,-0.0681685544777547,10.0,0
48550.0,-0.376289312142453,0.975817142225953,-0.914762085919522,0.0007128179754471,2.0782909960196,3.54473484009537,-0.141046143105106,1.204921168307,-0.823524109800937,-0.151237572416339,-0.36313551338693,-0.135010343260164,0.0746105655179646,0.743403211542917,1.38003331138839,0.0669503843860722,-0.430985014013356,0.595900172920023,1.02936081040009,0.0034993739355556,0.119313408565202,0.0994909160140415,-0.0568002968566514,1.00487875003163,0.110025861385832,-0.253716652019292,-0.165709638768564,-0.0581965085861194,41.5,0
68863.0,1.20342150788786,0.0678458879936522,1.04056017013299,1.14470392684321,-0.636621014950527,-0.0198391774348794,-0.480081728060592,0.0500903531844809,0.669419580171802,-0.166805153055343,-0.981142888593441,0.603574288387655,0.874564862345208,-0.397458292626052,0.567412474094713,0.369337172035298,-0.618109586151631,0.118855118049724,-0.164955477631965,-0.0710305615502021,-0.0483733193759251,0.0478665119437369,-0.0668252373112716,-0.103350558136026,0.478088019150327,-0.384931276543286,0.0719741046904066,0.0347850078231199,6.51,0
123172.0,2.00486153964826,-2.16624582864173,-0.401682290780486,-1.44327383487092,-1.75119230747828,0.586453132613614,-1.80261176275959,0.317347383615045,-0.407452667927889,1.50879380743042,-0.294513115590389,-0.702820892951098,-1.07160007020623,-0.623554718586623,-1.56184371946998,-0.260485159655503,0.441875430926587,0.58910993960396,0.569288824877267,-0.274168580501302,-0.331193239440078,-0.655594286178543,0.298684865443502,0.276128503892814,-0.55850481037969,-0.402167949040235,0.0249668854556301,-0.0253723118529556,123.03,0
122725.0,0.0429464980432713,0.788289090873998,-2.10801374830806,-0.366738187406262,0.675464388984458,-0.937592592543257,1.31812241045368,0.186096690146842,-0.679236058334327,-0.965172260721572,0.672601274616025,-0.0100522016786524,-1.34534910503728,-0.0102516240248011,-1.32439775299491,0.208704258433176,0.612093718270445,0.592524187150022,-0.111563620212296,-0.102275696922619,0.288657026200528,0.533351593380876,0.240660578027389,0.689827266422477,-0.317915602447639,0.491902139222151,-0.204940106741663,-0.0487268167470895,124.65,0
166883.0,2.09190018751563,-0.757459362256544,-1.19225763407193,-0.755458092963448,-0.620323625943217,-0.322077026663935,-1.08251065680614,0.117199961876445,-0.140926651717943,0.24931080342673,1.33831754595819,-0.329759339656804,-0.363591188943619,-1.82483910494673,-0.229678513727838,1.84234692345975,1.19421171382239,0.0374666576390236,0.423099369076423,0.0374375437836754,0.288252720367131,0.831939310447442,0.142006990607899,0.592614974257539,-0.196143145198634,-0.136676262268618,0.0201823653167864,-0.0154697051692816,19.95,1
40540.0,1.34597875386933,-0.460365190029883,0.109819029037406,-0.759128855469788,-0.706532481992777,-0.60566893327496,-0.327562000424062,-0.186163291899619,-1.33175701615733,0.827958775499167,1.0804910446871,0.958421843046132,1.30365912866197,0.12954612594058,0.0576667051229005,-1.08536867425089,-0.442698756742063,1.35057762412955,-0.359893890486243,-0.347564465210307,-0.332490038000848,-0.500729280878761,-0.03882151744059,0.0623308807079212,0.316094184662274,1.03783567686581,-0.066987176766753,-0.0030203640251404,28.8,0
57067.0,-1.64234781212896,1.64814893764788,0.175106950968411,0.0834741986244419,-0.695906948233924,-0.686413646303052,-0.43611352264636,1.2065712523038,-0.828303013929486,-0.939924815868487,-0.756284485979181,0.319681775385589,-0.181211754659909,1.21260614263404,0.859530562249135,0.153880045360621,0.426022088466453,-0.633020410756613,-0.312335429696547,-0.478802312676626,0.107824363852858,-0.201632043727052,0.145292938401774,0.0652698067650823,-0.637221033408554,0.0705326482390108,-0.507346563215627,-0.069135752571303,3.51,0
144349.0,2.04935173265536,-1.16682792537848,-0.278093035052473,-0.884024746566996,-1.44787753685551,-0.657373091221963,-1.17390424471776,0.0858799605676673,0.0214462847390857,0.945028493929691,0.873632691334623,-0.555947190508139,-1.37109408520872,0.104887323854581,0.025948353388205,1.67500645528557,-0.132720309612112,-0.676116819425205,0.724882520651423,-0.0572591220140813,0.102862670408964,0.103408866647457,0.357123545662407,0.0135100429329861,-0.613575881389945,-0.460495442949352,-0.0045758056870388,-0.0456933650023691,41.0,0
143354.0,1.11833065981936,2.07443887131076,-3.83751827706316,5.44805969239449,0.0718159680535395,-1.02050922759556,-1.8085744418815,0.521743506077524,-2.03263824879436,-2.73279196653765,3.2740753098509,-3.541687479312,-0.946820179878694,-7.55572894101666,-1.7670051458427,-0.642332574056763,-2.11442919291931,0.183327412773884,-1.17779250651196,0.163513485137887,0.289861124197445,-0.172718010367512,-0.0219095177813472,-0.376560088595995,0.192817419134693,0.114107224212598,0.500995608471866,0.259533270224708,1.0,1
49512.0,-0.366851033627608,1.09709502471832,1.19066995162936,-0.132774690956799,0.305076622977094,-0.472211060976734,0.617627617768316,0.0703383112222306,-0.700432207139174,-0.35285428833362,1.27261105637341,0.74857299952447,0.552757823542062,-0.343939896380253,0.167019941401696,0.652134955413894,-0.387482132036018,0.406609321937415,0.319497919077477,0.164368849961186,-0.228349656900579,-0.599952631480186,-0.0753424440634596,-0.0352044721593607,-0.131519965569005,0.0732794974017854,0.244610975819835,0.0859089749479258,1.29,0
36996.0,-0.986318211000933,-0.0910516389865475,2.77708437290129,-0.918051254566196,-0.113371972559511,-0.699392499138796,0.123698146337188,-0.0647832076915753,0.468216152631705,-0.864118283512849,-0.673789318563483,-0.119473290464291,-0.172423678848532,-0.63354806598132,0.26312445207527,0.398360053471772,-0.512566364867519,-0.139950557921615,-0.340728438396493,0.178689589043873,-0.0182726896255589,-0.0107619977343067,-0.158612598205306,0.447374897461506,0.0852394680184199,0.896599151864408,-0.20594172050787,-0.154595897128036,25.0,0
83116.0,-0.385236765546984,1.15138910035267,1.28746361228248,0.0037721229225536,0.306044398211588,-0.494000887834841,0.695896360556894,0.0106941537438123,-0.545107118923094,-0.583360895434332,0.175298220722546,0.521991916984849,1.0672130980107,-0.593729575617162,1.03948520343621,0.0442897371865665,0.231673353461276,-0.706722587709907,-0.455951389094719,0.143858225876847,-0.225004627769483,-0.495551559209954,0.0024866783629553,0.049400892103991,-0.200738520001657,0.0983388578832816,0.268526679614475,0.0969962181039193,2.69,0
67659.0,1.23082493367208,-0.0133050972194317,0.597608192059573,0.892457590899824,-0.666892220198063,-0.607159265504223,-0.1617523239965,-0.0786110664854003,0.679121475748089,-0.200277507913151,-0.858938962174022,0.256604270884997,-0.466406392119854,-0.112257350651088,-0.356077178910427,-0.345899434128401,0.110799253812386,-0.513516937211808,0.19267502983677,-0.15483247758441,-0.0952722109575103,-0.0385682529315932,-0.0814958949572528,0.442970301360443,0.574304066931084,0.43979776062116,-0.0179991818503343,0.0095459463502349,3.79,0
42308.0,-1.88475634544524,0.0326318566649643,1.15433245481027,0.706551391496243,-0.976670261235974,0.457714437735634,1.10690586450935,0.650065936386164,0.0407137067646067,-1.98696157888416,-1.00217179132052,-0.47606225166685,-1.43670128675347,-0.984345887000113,-0.656355427406742,0.0609328319718937,1.17286510538209,0.168791159353457,-1.07612560649604,0.443852634927139,0.213105246835293,0.0211522725485957,0.429530401712418,-0.0830109457054019,0.730311262385233,-0.336210442492184,-0.139142044832779,0.014453431325964,337.03,0
171372.0,2.14900977437399,-1.99889297049104,0.0230116624832258,-1.2954083830544,-1.99568622335004,0.34491318110085,-1.97110647612125,0.148708972255031,0.0271790871632401,1.28925975519844,-2.22997353080615,-0.725042850277102,0.461134692628222,-1.38488198755549,-1.12065236998657,-0.380991338789091,0.493887277911031,0.302457974454387,0.308241628690511,-0.327598929912124,-0.238417139421019,-0.0348535568823917,0.174722515579778,-0.723456662990563,-0.378239654186517,-0.149386935780121,0.0752765544008978,-0.0294633176662625,66.0,0
29718.0,1.27011387640107,0.150507107990991,0.0747534227028108,0.0904753989410154,-0.357568975877081,-1.31399647152461,0.334629096922109,-0.317146833601805,-0.0598267076366733,-0.141170775515064,-0.159721464624235,0.23563086787942,-0.0389614219031566,0.441425598115859,0.860405151197315,0.122100147456259,-0.197711082929029,-0.998916677142628,0.275178538554211,-0.0465136660324215,-0.43519647473247,-1.34592771750059,0.196177706711624,0.405069372174148,0.0924128624294328,0.620554657563362,-0.104441975188618,0.006386711711914,22.98,0
130888.0,1.97944718821089,-2.23467762600608,-0.719044007182688,-1.59846970450674,-1.32165300828777,1.11274099443372,-1.72024795109221,0.324364621485006,-0.511705885428223,1.45658791010907,-0.711771209155975,-0.398305789111758,0.0270467183444415,-0.846021126577283,-1.56492068888966,-0.153352824765051,0.18602587791348,0.61930642291264,0.74690377592471,-0.124369447829109,-0.339672599922134,-0.701243918420257,0.17546357331076,-0.456045110604887,-0.458834517193943,-0.360048468285753,0.0269972524662619,-0.024978778954479,157.8,0
65244.0,-0.391903998643614,0.69548539743368,1.02529145503406,-0.112980855090503,0.624606029227322,-0.0909821309058373,0.660145765994174,0.209346418633964,-0.496559587975977,-0.419122252371138,0.78915153058193,0.0186037918550966,-1.28544599954269,0.663068506763396,-0.0750793657955331,0.298173529947363,-0.741702746628968,0.22098792121666,-0.945084306327815,-0.244495048302719,0.178055147522397,0.399123565777179,-0.161974060381344,-0.344724035542104,-0.017619695199172,-0.499346516956696,0.0539389701457142,0.0360081139703224,13.46,0
169175.0,-0.0973846185300497,0.774136596604257,0.0754161259428821,-0.808008933583532,0.545326395694022,-0.494924081385233,0.822406752116006,0.0173975442240743,-0.0321033580805433,-0.109330622123087,0.271025933948307,0.0790984066445104,-1.19585763753283,0.49150922939204,-0.888715872699016,0.206228068903987,-0.687448089419384,-0.0733743278946443,0.294286179186609,-0.113199843583345,-0.225786405110679,-0.607265456328931,0.0324364839236798,-0.505789662469697,-0.534048346595923,0.141743596344469,0.105210097110608,0.0758106307824943,8.99,0
25300.0,-1.31170173184878,0.935834472072616,-0.437925641612675,-1.28053113750852,2.34128512944966,3.29062828174517,0.158834769640816,0.927996878448846,0.0777666073679715,0.681013120463851,-0.0951528200197317,-0.216228967324865,-0.0254178431253069,0.0634512109878779,1.12030668532391,0.500807579163782,-0.933780882705781,0.0455641321244291,0.319179201564689,0.479080147135118,-0.424276373272026,-0.960803315026655,0.0589451620745173,0.97977624626845,0.151231375929815,0.108790042280003,0.630464462349975,0.342286950009724,44.99,0
143438.0,-5.25643383358625,0.364541282922338,-5.41208501568175,2.40003149118237,0.697301198779903,-1.99875502849663,-5.83553244176087,-0.887739383363895,-2.82828664079509,-4.61450773315675,2.71069667870109,-3.15815569757752,1.0836091478793,-3.41515194777416,-1.05387003179712,-3.75103073303678,-9.26164098662644,-2.95516522195402,0.606570797159568,-0.403684910413759,-0.648259076792221,0.511284975320154,-1.11004452267604,0.178986970607497,0.22023534750991,-0.699808550320153,0.580486716857456,-0.173629869645159,8.9,1
72287.0,1.16750869698632,0.378392352916649,-0.412815502145579,0.830717241653932,0.102082932244087,-0.70203517824189,0.121669777570657,0.044664218975567,0.0898182958269926,-0.632149548624363,0.543800130207518,-0.77635145974603,-1.99512865769936,-0.570743551740965,1.62161459115861,-0.142040574505751,1.60306744313624,-0.648535251913906,-1.15930588503743,-0.270308152291585,-0.0815813731452166,-0.200721057127281,0.044005206149103,-0.0419857774057931,0.31743346718429,0.413810778649087,-0.0124297628541338,0.0292283062098797,0.76,0
170413.0,-1.42898625189406,1.67672720960281,-2.47628352549185,-1.54209747801595,2.1123124346899,3.21969550410294,-0.828734533007693,2.17400776667075,-0.493431922340877,-1.35527932899159,-0.410918986709039,0.185294887278768,-0.196835263460235,-0.0572410061370544,0.167449603308291,0.610347948953838,0.847022021260084,0.237200565149447,-0.548528338054204,-0.276424611975135,0.185726724599319,0.15636698989154,0.104364506486399,0.634392508045065,-0.601999524788484,0.378238618302915,-0.222060453821816,0.0923562819936745,0.78,0
17503.0,1.28122872356991,0.347863651764069,-0.0634087770589965,1.07603953128956,0.58338739186167,0.43162722601533,-0.0750964300826306,-0.0430241814361764,1.39431197209443,-0.343385677558271,-0.53605795738371,-2.82322223939018,1.69981112983835,1.74917516117498,0.576264126004302,0.245740137001895,0.0416231364596428,0.237045743860558,-0.509746940982447,-0.173477025274414,-0.143468290041178,-0.0953533619315928,-0.243735491036215,-1.39093309706136,0.755253008331487,-0.202461615589737,0.0038267019957956,-0.0014855739415166,9.9,0
109467.0,-1.41438242067094,-0.80689946685618,2.27013697634128,-1.29445310981496,-0.441163286418208,0.406159805073473,-0.381568523892516,0.351989276371918,0.334075366198849,-0.308258985246501,1.35407656058829,-2.45367645117655,1.5955986913431,1.13088913076631,-1.01077171280695,-0.690226183872011,0.108760832362385,2.38577333243653,-1.04064820140195,0.166081355207962,-0.369093841997379,-0.74522903568248,0.296530203197609,0.65261499131495,0.191992708039331,0.504548266731172,0.167578858737083,0.141286763561424,159.9,0
33361.0,-1.63159820544241,0.513108394423172,1.77288028029875,0.279982350959628,0.816396361640681,0.558869926432224,-1.78490416934863,-1.87869113042529,0.59129462552999,-0.145273937119819,0.468028859221738,1.05862403374375,-0.440378020967503,-0.117943276496242,-1.01371659994231,0.315175559841928,-0.429559319665991,0.163790558380349,-0.857889769935367,-1.03937866226239,2.34655019892219,-0.385124967052984,-0.848500789427658,-0.282736704425647,-0.944406557677692,-0.634329868643099,0.549360753575696,0.180463501379167,12.0,0
36774.0,1.39909806560123,-1.67843894189451,1.61859202128125,-0.82649562306762,-2.60974623997737,0.123626260462863,-2.04929878470311,0.288755335438843,-0.10898776728315,1.11229565135865,-1.66421881394565,-1.24238546423423,-1.29519066232555,-1.21795679734564,-1.35503905499781,-0.875209728943496,1.24311343257907,0.164980430155025,0.24389794697632,-0.455955513856965,-0.242333588562477,0.0288783461266003,0.0023890426942882,0.362405032460629,0.310125557018148,-0.0459204099054874,0.098865690622205,0.0303450205657092,16.0,0
63592.0,1.12287149320316,0.343285018814307,0.999876468893372,2.83475282790965,-0.583734135148778,-0.353147835953036,-0.0888085088115253,0.0048439990062593,-0.115845700412579,0.535837128295189,-0.839291912073635,-0.0809765866066423,-0.855253663490151,-0.0310892982815697,-0.846330646778631,0.0319877157746111,0.0103436751510783,-0.544019518154972,-0.736944407385182,-0.22007150168593,-0.0628391233333598,-0.0351467336291904,-0.0359443144973028,0.706701751062706,0.556417232896635,0.0593295010880383,0.0036189081348187,0.0230868417475626,9.82,0
109298.0,-1.00061051985933,3.34685000184439,-5.53449117133595,6.83580203854396,-0.299803293657807,0.0959512989990878,-2.44041927394713,1.28630119597073,-2.7664382829404,-4.45800770078481,4.69653339192897,-8.76211333956078,0.985826601093264,-7.32027202211023,-1.06384045772504,-3.37112471078725,-4.25115786762875,-0.43005729986925,1.80401333906519,1.18981379228675,0.439756764345897,-0.694099203587273,0.299660329499667,-0.657600627722995,0.101647558980344,0.430457439169415,0.824685450418745,0.326952273050223,186.13,1
160034.0,-2.3493399641893,1.51260401518904,-2.64749719609623,1.75379247237301,0.406327950335496,-2.18849400496996,-0.686934747748875,-0.547984409288573,-0.0995281132954432,-1.67234597814111,2.17297610055437,-3.10347667138871,0.217560544573622,-6.03440257566619,0.164400705894815,-2.38382603356602,-4.16647877527802,-1.77239694698232,-0.526280794204029,-0.0934214753719124,-0.0885194213942628,-0.595178282040403,0.258148130014773,0.0619011334336728,-0.35418019381022,-1.15267106612603,-0.736072755373029,0.733702732493917,4.9,1
151841.0,1.24265668348964,0.244838873708818,-1.28100269656389,0.0567001472823854,0.181415660237705,-0.533477834110444,0.127615588154756,-0.256728184789076,-1.26564619572665,0.602261475951828,-0.570002916041299,-1.15280042211921,0.3056146095256,-1.24737313737313,0.956141811582681,0.127107221922368,2.07118985996347,-0.741851717264422,3.24334698763775,0.385628668774645,0.0763513823660816,0.329674394854437,0.249654844617112,0.398792351525733,-1.17813411992694,-0.0486567532223178,0.145730406553308,0.0796367320855692,25.0,0
46057.0,-1.3094413460044,1.78649494921925,-1.37107024042555,1.21433549160762,-0.336642221570741,-1.39011986486896,-1.7091091066305,0.667747590382643,-1.69980879955917,-3.84391103993778,2.96259879138962,-3.95604520140947,-1.53923191944683,-4.63463139323434,-0.248403490673103,-2.05855138409951,-5.63549400383391,-0.775271204300359,-0.23930965408033,0.253464129147281,0.533521286327158,-0.0221799534199139,-0.299555851230085,-0.226416167090146,0.364360460778096,-0.47510178544057,0.571426303828437,0.293425836896259,1.0,1
131581.0,2.12189683953414,-0.0394315699195609,-2.42607541761485,-0.261891415090463,0.875082795904645,-0.776902304237768,0.541921188760597,-0.248620859924195,0.166530423202005,0.215462586410865,0.468363505912609,0.0525276772789728,-1.44813150952405,1.24592342596827,-0.0554197808685436,-0.284018932876372,-0.557791275604389,0.208090910761288,0.515089600806678,-0.281815856194964,0.154299436942929,0.462452003228969,-0.052050835062902,0.241589656684752,0.427412178638864,0.224707209809316,-0.101096718189887,-0.0900052353230805,3.79,0
37087.0,1.13809393616379,-0.124003535547818,0.236960332803014,0.556868573368284,-0.465578174800997,-0.577288110253471,-0.0626944474018371,-0.0163863463595987,0.318190203649331,-0.0653943458803409,-0.365388834333865,-0.54658603709957,-1.43154633128941,0.608808531889315,1.42577228158026,-0.0185604668384626,-0.0073518258774743,-0.518633973194215,-0.579481101228266,-0.133207530095841,0.0762945637280606,0.120552623161792,-0.0644104700564853,0.0979423509429686,0.357568774590011,0.564154639583024,-0.0458091506549174,0.0108087592659769,49.98,0
64275.0,-3.05938926113578,-0.214548555826073,0.494682640612364,0.969083919988339,-1.57954281127848,-0.51057606078313,-0.149516380240126,0.65346107965314,-0.0859413862183749,0.139582071684012,0.182749710361473,0.0649044857939949,-0.225570438463157,0.614556260079121,2.40836723513355,-0.25761634282642,0.909310346177686,-0.583478598185049,1.26272169571474,-0.584064534128626,-0.227424231924546,-0.0098963026727764,0.569289175406582,0.701986642000239,-0.892096068059882,0.918071845204406,-0.348341786568055,-1.11950125714897,72.28,0
138408.0,-0.7924252457963,0.0526916392181663,1.47155913301964,0.880906901018297,0.511908276570771,0.0645708639041089,0.506631482158196,-0.0572959249806838,0.177377659636344,0.0457818027111,-1.60802749008988,-0.761796223336285,-0.209920741988406,-0.180547299161855,1.22071798007228,0.126602739212182,-0.751932263531295,0.943132317282775,0.520764581109451,0.571574601851675,0.243417533571524,0.758689364505535,-0.075411951638739,-0.682747593195651,0.109164916835922,-0.343472093599973,0.221683162295221,0.0031237328288257,111.0,0
92788.0,-1.05428098566402,0.273845246172641,1.53697555805438,4.67311643754974,-0.81561019582468,2.05226183102779,1.4578339501089,0.135190684196052,-0.907935579831947,0.941887775061909,1.44029349406384,-2.36888762102475,2.88511435838309,1.45740863379934,-0.212843668736556,0.519842342832406,0.248377476007211,1.47810864122396,0.875840587292041,1.39128921311473,0.394581820197044,0.77026920477317,0.852167384722187,-0.485520814086045,-0.228088547692828,0.422986547973031,0.263194243623699,0.248635777272214,460.82,0
103808.0,-4.51734375344642,2.50022390414582,-4.01392753708116,1.18945163355882,-2.48686063585833,-1.41347553285281,-4.24570662259591,1.26508694822894,1.16882778968781,-4.51390660472333,3.69471123994721,-6.11044323287235,-0.110521636054475,-4.18455528093394,-0.93103463417672,-1.61471832598223,-3.35318018239636,0.236762036968587,0.0038960221310578,-1.05616226010439,1.32694422202396,0.102998961106284,0.508166904438541,-0.278017536127694,0.139721094971637,0.0646100247346309,-0.972358289293076,0.351359561196795,2.27,1
70150.0,1.26211266208422,0.23340138735185,0.509072614690168,0.623223861748701,-0.505401299715562,-1.0009460075811,0.0413331720638588,-0.189369592243762,0.0878834970905725,-0.0568972023574938,-0.262872741122919,0.219333964564751,0.0319341747056277,0.295399456674622,1.06262958901648,0.31552059335892,-0.406398993839685,-0.508315380403321,-0.117161144003302,-0.11366836480827,-0.261272911831938,-0.766743259859357,0.141004206093396,0.372492012583579,0.208119761217061,0.095582662782913,-0.0306948990212946,0.0182331394222452,0.69,0
47896.0,1.24897884875137,-0.683398998916595,0.33021995080388,-0.583155429318046,-1.09519296466911,-1.0289588789988,-0.354185882137209,-0.282295815362006,-0.873937284735613,0.57952308302154,-0.171317807940803,-0.330061286166968,0.691872224407977,-0.229576901364008,0.678913279133399,1.09371495664606,0.226309242250026,-1.42434922166675,0.488867925114275,0.276799203020617,0.202988652709035,0.343904232634989,-0.126322573825544,0.430179274747787,0.48416530291313,-0.218536703001181,-0.008690256280949,0.0317248349419108,96.3,0
48516.0,1.18158670026587,0.251615559948883,0.76087402417421,1.19735822247995,-0.709371309655671,-1.05027560625259,-5.60387028289e-05,-0.115690489423924,0.211352728109804,-0.0115878328334377,-0.173838752949858,-0.0798534641229137,-0.901263799763862,0.499500720494577,1.15060826848405,0.240911868471813,-0.330931306083134,-0.342784837276888,-0.402231086225111,-0.190182869658909,-0.262344756433321,-0.835185118161262,0.191537012363779,0.626589456893867,0.209204280712541,-0.710918793828565,0.0228088595265914,0.0355810642032422,12.0,0
55618.0,-7.4279242314783,2.94820920837905,-8.67855038407896,5.18530347959595,-4.76108997261691,-0.95709501604379,-7.77337978477431,0.717309273781191,-3.68235923846278,-8.40315026242229,5.70520550718269,-8.6407464115182,-1.60292501896209,-9.46613912320431,0.137324186945341,-7.30324272860725,-12.4480392359586,-4.33283424125087,2.35202964025176,-0.123085015912889,-0.299847070706951,0.610478813685703,0.789022761446755,-0.564511939509452,0.201195825477742,-0.111225430586455,1.14459850910478,0.102279545438297,130.44,1
151910.0,-0.301655843985268,1.05517051397284,-0.116163054468845,-0.548914226470012,0.0527931637578285,-1.15035411647604,0.63156802413829,0.256352274469231,-0.119077122799886,-0.621626556957978,-1.23221588263915,-0.0440835479876752,-0.518879062741115,0.545106633444174,-0.371376418208814,0.0761066696598996,-0.228501523888581,-0.61383588000638,-0.0629450866837244,-0.17054126080631,-0.22533798203629,-0.643596664037381,0.139767303464346,-0.0493348108506516,-0.474579473985008,0.146373283545376,0.115620813097225,0.0330213324329464,10.11,0
61858.0,-0.43616434317735,-0.914008722915626,1.23796253981211,-1.41526803766036,-1.2646007451139,0.173094534834869,0.0695702147305936,0.0583757663434627,-2.92677789300283,1.23736599387996,1.33724036902019,-0.626528492102395,0.140738603932367,0.0359876110514471,0.419223237007449,-0.972935873343895,0.93754332413829,0.233882714249745,0.869298609397742,0.248646889532824,-0.0442913640130519,-0.117529071139119,0.493092351343844,-0.036586254484137,-0.513565638217528,-0.255538422467962,0.110598793783971,0.146744232791681,193.0,0
45014.0,1.29926144553725,0.678248679304249,-0.579409838774142,1.11052011184475,0.476106184696239,-0.706978934968284,0.309073301997366,-0.215720315565117,-0.090805204478307,-0.577485032197557,-0.63407607183306,-0.0970771167292844,0.557349266127151,-1.19070549694009,1.07188431404336,0.728186352502849,0.342828952364304,0.68567075656055,-0.269573348448722,-0.0501207992298875,-0.102091674978724,-0.197127058201205,-0.228275840339296,-0.552031409642568,0.818353688176884,-0.276987565010381,0.0336784509914729,0.0436889442694755,1.0,0
120400.0,0.110743954172508,1.03310395518121,-0.4233790867007,-0.24930656140421,0.68956444463639,-1.14231599527402,0.904836128507913,-0.134942897029551,-0.256529856388181,-0.600284858463537,1.25805995341977,0.457883088602611,-0.150520596977636,-0.633747414747522,-0.0202010414455864,0.191936971388448,0.221386920122682,1.15837221937848,0.055894363583301,0.0406632672181592,0.321089036238879,1.14027959502844,-0.194050757779073,0.0116736425479525,-0.366667181431655,-0.164400512582935,0.383843582667129,0.182307541476396,5.55,0
125938.0,0.0445969565237473,0.197091720857992,0.39508432868224,-0.238739637315787,-0.591161993096617,0.965173158403403,-1.1277550538735,1.0583241773187,1.32077362354149,-1.2962643718892,-0.211574858892686,0.380935166954912,-0.721723158813815,-1.77271681138324,-1.41495624457048,1.19200445371459,0.386020495190203,1.51332013622919,-0.219086082070861,-0.260601011566609,0.230398040221566,0.789843530984577,0.180894531267606,0.143552914990468,-1.11550188607385,0.394198636802963,-0.0143883938901946,-0.0086062995503462,22.8,0
11635.0,0.919136507326981,4.19963266902077,-7.53560659365729,7.42694037455047,1.11821533001319,-2.88672235145027,-1.34103599607144,0.363933268353337,-2.20322443100109,-4.13784019622865,4.57011280759332,-7.62916958856017,1.73391746350254,-9.44037499459843,-0.0233533498971062,-1.23395828198259,1.63200885764087,1.3157345644727,-0.287188855297045,0.535434663150233,0.316093599204254,0.0551792270194195,0.21069215028398,-0.417917881438145,-0.91118827562932,0.466523924588163,0.627393270472548,0.157851282541588,1.0,1
115117.0,2.03451566043268,-0.264298911897056,-1.44330793750735,0.0822235762766542,-0.0120614719987994,-0.891709674505649,0.0310384226633338,-0.178544678123222,0.343122762821873,0.368169665927499,0.540483111297271,0.144193797929199,-1.07515648263595,0.827195064220636,0.0735701946552925,0.37905939081005,-0.773066170038296,0.448948052047752,0.181879721576479,-0.224986536527853,0.236848972343727,0.684885800172817,-0.003913467335562,-0.289605298570744,0.0259094321763907,0.78942854047393,-0.104386759366339,-0.083462905307142,19.95,0
96575.0,1.66320472598045,-1.13689825351853,-0.748404446216907,-0.0123521541395068,-0.691444579092857,-0.198092907725834,-0.543873376660235,-0.125848025298212,2.50206232034806,-0.484526425516248,-0.156665216082204,-2.65699766463766,1.48721421767449,1.42017268572912,0.333406986154994,0.706143962557253,0.0647704135083158,0.421466728469663,-0.321766332223657,0.247971627842933,0.0998572902880047,0.131078971384041,0.0489510284591516,0.49709555857957,-0.542047305818531,1.1947490431951,-0.158091671456105,-0.024513152256292,219.6,0
134254.0,-1.49299239737868,-0.217155555787023,0.750940498977171,-1.66329927371948,0.0266826235899699,-0.530445640198549,-0.440070873791501,0.582716416899993,-1.50388054948724,-1.03109706748891,0.844931471196738,-0.335791852178986,0.316441195937082,-1.71491066012117,-0.61713688148585,1.98765489842273,1.21235279834578,0.268494802177418,0.494327231319923,0.409161822466193,0.411992758789115,0.673294081764204,-0.386005677577562,-0.486165091408107,0.704191720265391,0.0329291054748986,-0.0778491558502337,-0.0930686299472487,69.0,0
123722.0,1.94555968099988,-0.234243051047527,-1.07183088128652,0.404945013327516,-0.0377094952215725,-0.14725242172439,-0.458055051046667,0.0394479143157224,1.02083408805297,-0.509442623220487,-0.807440468637127,0.079792601330349,0.300957456503561,-1.34456064805071,0.759580431952729,0.918469735442245,0.247834865514585,0.209828200629791,-0.185921336772349,-0.0354247367745347,-0.28245116813224,-0.794818581234567,0.348404453286004,0.158966715202649,-0.556479559605134,0.15296886524056,-0.0202947597867153,-0.0060277040419644,46.3,0
62523.0,1.21594905131626,0.253286878578568,0.513900419421823,1.11899203651514,-0.501595628410453,-0.918068548040211,0.0419334773610239,-0.110024585002036,0.217161181121574,0.0101784181364132,-0.515725038137758,-0.334629435484178,-1.09338486217761,0.566729765130616,1.16517049965159,0.285731976302917,-0.417980818698567,-0.194431609352786,-0.281368273763803,-0.200538730191254,-0.23974040614945,-0.766979897539791,0.11008784438038,0.298736907757221,0.328300977178184,-0.626917327306101,0.0159107350594527,0.0283249673780664,9.99,0
160975.0,0.139376666950465,0.749383647483453,0.176799459374856,-0.148450949866301,-0.143116718267711,-1.52709164194316,0.45805496576949,-1.07223955745546,0.415873551523455,-1.56600470572892,0.166505587641388,0.120386870760632,-1.00875155107186,-1.35549220809169,-0.411513691713626,-0.10810754359031,1.49520530708256,-0.132586822062315,-0.603998408378254,-0.284166020433622,0.550160187501844,-0.789240430150246,-0.144558703109881,0.789512204006688,0.815560101788567,-0.0552331901030408,0.149015204776743,0.265032739270061,31.0,0
61108.0,-2.7560071191969,0.68382137690334,-1.39016888269883,1.50188726081003,-1.165614355805,-0.13120694925796,-1.47874061646082,-0.246921578045176,-0.100522731731488,-2.30110989675506,1.91445404493049,-3.8309980112302,0.719488566785256,-6.35301985790071,1.43871619241123,-3.29723907467834,-4.86297149937169,-2.00235399924327,1.54523326964355,-0.106944639579729,0.320473875601072,0.61102668559867,0.174863684107414,-0.502151101117601,-0.174712784335661,1.17924208342707,-1.16631532833921,0.821214803121569,101.5,1
126118.0,-0.184644443115008,1.57941106267378,-1.77358333033864,-0.0213379657005545,2.56789118780817,-0.306927627757837,1.31136979403969,-1.20480972711383,-1.00644991372754,-1.04637264464276,1.05143397266811,-0.0623003443093353,0.338929308809421,-2.56304919699825,-0.431997696401013,0.152751462049109,1.91879030570441,1.45920222796882,1.24736485937775,0.0369536837490579,0.752053745026915,0.0903492928370554,-0.436001671359242,-0.355904873218259,-0.0187076640758369,0.795078954463326,0.0264828060500404,-0.0104800782222929,0.76,0
82864.0,-0.868380299035894,-0.120881407451863,2.27094920266018,-0.079495045582422,-0.487147159000785,1.95120846441582,0.162243689006455,0.639717060316599,0.268736736484998,-1.11151234533462,0.448395582331906,0.935466264656644,0.39299611258865,-0.558106171471754,0.887695771804116,-1.85768346983504,1.70537250841051,-2.43833982857761,-0.388434666638473,0.284444509275402,0.0822844615769025,0.412453751108485,0.381573317027923,-0.55885052138751,-0.617996599112529,1.12399076535661,0.0903203689881931,0.102940160619926,148.6,0
83456.0,-1.4965693532796,0.974614721309015,1.00861448684463,0.205275105385101,0.0560439919615979,-0.900289533380445,0.181542536178112,0.301002716865986,-0.539762082136922,-0.644197522161548,0.151529828000805,0.322672452371464,0.234387934925839,-0.119001911698397,1.08727557863793,0.059726683891765,0.550405376949946,-0.659585904494226,-0.48604745944139,-0.190521280021658,-0.0379523836226857,-0.424761870722808,0.0879919965697913,0.363921146812474,-0.579002770310929,-0.0106810426868387,-0.487062658778494,0.219676629987042,1.79,0
93853.0,-5.83919161928092,7.1515323543223,-12.8167600806187,7.03111476501099,-9.6512721679897,-2.93842725771624,-11.5432071690832,4.84362653179436,-3.49427572506535,-13.3207888671784,8.46024444901677,-17.003289445516,0.101556614891384,-14.094451660329,0.747030766392512,-12.6616957230679,-18.9124938172188,-6.62697484523061,4.00892074227194,0.0556838813863639,2.46205591127559,1.05486518382957,0.530480596078193,0.472669814042592,-0.275997967880675,0.282435024801752,0.104886020210564,0.254417096767513,316.06,1
97685.0,-5.58247206706372,5.14640414195253,-1.87700444264557,-0.263438231978821,1.38265038441759,2.13319111179326,-4.33453754486651,-16.4467675355786,1.84151101410689,1.16680509669726,0.0317699009704347,-0.930958347129252,2.12790827485254,2.21467277242031,-1.27301591156979,-0.492728939582284,1.30293461835767,-0.0080194848189329,-1.05826022412725,-3.67621679763732,15.2487619092988,-4.896348630626,0.313043857806977,0.380954044559353,0.279394434139082,-0.563157793421189,0.554488117963838,0.109420767377897,80.0,0
66484.0,-0.848972680160124,0.941771896773746,1.56008905151131,0.24850506890855,0.37568675074126,-0.549269384529048,0.552818814403784,-0.178914484062048,-0.579894321828814,-0.168148219860413,-0.811168778839411,-0.280411737722037,0.346946940945087,0.084085344971895,1.26689036262257,-0.0775849579216758,-0.285699778776806,0.139099924561648,0.845646144780336,0.0464822783387716,0.0929187607297592,0.215940698191995,-0.445539080955261,-0.0540718992348974,0.391763001367524,0.568058991477652,-0.242075095743687,0.0910422190459957,2.83,0
97360.0,1.93078176559756,-0.632286415074645,-0.179330782894986,0.225339299726609,-0.499360250533693,0.632003821350829,-1.16247422364518,0.260716786714934,2.55153256707801,-0.2175297868605,1.05461170958977,-2.12081703773178,1.1380709149979,1.40859782150772,-0.495117208318153,1.08079393023727,-0.364070566667524,1.13394206260861,0.0222696280427504,-0.146236369294966,-0.103340781309122,-0.0686686622500826,0.259360973011346,0.0368837945882461,-0.584302607727659,0.428004071882667,-0.0589859316281942,-0.0501591235636651,39.0,0
72237.0,1.20607861563545,0.151283263052917,0.679960422109437,1.32090720674092,-0.576750381930854,-0.577694727470952,-0.0882260130419197,-0.0420286133847324,0.593396533383208,-0.142538697569217,-0.839567177901607,0.124844448405343,-0.802132247066063,0.0912057237494023,-0.0925636136167094,-0.256583389206522,-0.0253287964069741,-0.457220223820636,0.0561794334448101,-0.211780114506197,-0.267264911231072,-0.611216359019993,0.0419018696414467,0.358913330619558,0.498725415346892,-0.523410580278296,0.0348326020689568,0.0247151778003668,1.66,0
125323.0,0.0630421876983036,0.582839444802165,-0.554516899596541,-0.508274461853764,0.676391871036902,-0.691447742881197,1.49405144937134,-0.250712584227519,-0.308752854810545,-0.502448216249538,0.317092655328039,0.358611357766175,-0.627317311155829,0.837662197787928,-0.526887472631821,-0.495112344523529,-0.641125149139162,0.630600956580598,0.748086367781429,-0.002045800393178,0.35422579117268,0.996399558295183,0.0378409238571573,-0.366203993968879,-0.71123787036135,-0.647207268663796,0.240598060460469,0.251735758649068,92.79,0
119719.0,1.98791729484496,-0.215371352917759,-2.04315653015406,0.142346131357513,0.922722229671065,0.0701226674091679,0.36053549233195,-0.158050712782798,0.0706458075211584,0.248993543659246,0.020589032928147,0.984496792677102,0.716575181128974,0.420819625722602,-0.772243251150183,0.180126982768781,-0.925901538295613,0.0294825862868599,0.765200955427645,0.0122717808664037,-0.103934525772935,-0.327360438251924,0.0057862011641619,-0.307730836786501,0.139685944010014,0.227134227217503,-0.0928811178660511,-0.067981339214682,70.42,0
152858.0,-0.0899261334404191,1.04015786309031,-0.841571324983442,-0.132866863620891,0.182665856776643,-1.11720901499424,0.624749045273841,0.274232967634795,-0.418411166945871,-1.01672384233655,0.974273784783296,0.20507242587756,-0.834568026974517,-0.139066796270236,0.0187073253285324,0.378956174263705,0.426828404366991,1.30401409611794,0.0598193472598404,-0.194297911506967,0.415377790649714,1.0692604295091,-0.0441401760410783,-0.0125019869939143,-0.394764751657811,-0.177120762450307,-0.0232041840050544,0.0305286749603174,42.81,0
101964.0,-1.07730180098601,1.03988044344268,1.7179070911097,1.28241408289597,-1.17686825207871,1.27776600847367,2.41668015133759,-0.587622580860981,1.28619450016318,-0.743767492129238,0.0833440659597867,-1.71929896430037,2.89380407826544,0.482651970255454,-1.55334476492418,-1.00568268718337,0.888817810030952,-0.617164759478745,1.0336545121884,0.0196126466814944,-0.823129552960529,-1.26721556161179,-0.0449348136451169,-0.0802852986622637,0.405122392898881,-0.861616226795006,0.161309146651304,-0.223198644830205,366.77,0
1441.0,-0.568089230502458,0.223633557199262,2.78480852459974,1.39855396421174,-0.97641736863808,1.18146153589354,-0.350213179943315,0.544986712068083,0.184840083632557,-0.298910430993942,1.0632239769358,0.987809618420702,0.106468316787256,-0.464711413421649,-0.0325047336639787,-0.387102228165613,0.141812932942295,0.633134656710868,0.515119150520383,0.200905204817649,0.434369067676199,1.41953719861945,0.0254510134151284,0.259867156334466,-0.494200539211282,-0.114422390515077,0.237890880514878,0.169841543326328,82.74,0
128781.0,1.97845884213413,-0.0401345930587602,-0.794778660522785,0.427144804769526,-0.301929012125434,-1.1955728366098,0.14036327140544,-0.262270021125417,0.141781278406568,0.221264422159562,1.57594774777053,1.66925680328591,0.549936622392253,0.372863134454033,-0.774978590689499,-0.104476329763303,-0.372065588006355,-0.640119663037125,0.218345838200564,-0.186903718223902,-0.192261497577516,-0.428462882328683,0.388648038419376,0.567139008908151,-0.381425878966039,0.141173018675867,-0.0696069738725279,-0.0628040440206177,2.69,0
144994.0,-0.0339931539998625,0.78920593845191,0.537569368231744,-0.563801723633104,0.126794558684566,-1.13806120363578,0.87570703436077,-0.0581400556891433,-0.239881760462388,-0.222569716024528,1.16046239692885,0.650930931047107,-0.85280570301152,0.47759126935482,-1.07070539854476,-0.0294662958236213,-0.415581486161498,-0.354181759006518,-0.0021248180341107,-0.0926659389433804,-0.180500952194145,-0.410333413309977,0.132046085518185,0.523392415690865,-0.618175827688261,0.0881681225257903,0.240141929326793,0.0913347737586879,2.28,0
40685.0,1.03746853520725,-0.254415507271453,1.09460201746394,1.53803566519518,-0.498669366845712,1.11775810080029,-0.6269036338616,0.448699138377966,1.00989582387894,-0.253370859098588,0.301162408740856,1.57325001727725,-0.27270788002438,-0.566870788753923,-2.38080172589277,-0.853785003711945,0.40351347761289,-0.751276758173588,0.583942241372973,-0.162251056721466,-0.378150654346967,-0.6720712740736,0.0210397799793732,-0.299600457310711,0.435936140350755,-0.508119951839881,0.0849819633513376,0.0173220839421404,22.3,0
156065.0,-0.119518896179668,0.415116139703453,-1.78903044220549,-1.82362941897726,3.47171723941346,2.96464820455344,0.32230935735778,0.828672460256214,-0.0888429050948678,-0.98691564240897,0.0160176060961017,-0.11512738907098,-0.471324288198232,-0.754059778267245,-0.252482820542195,0.406642708991256,0.106487042251953,-0.421488402733279,-0.944721525119375,-0.169797448691582,-0.208519080381164,-0.756669219505634,0.220119108884462,0.590655216622497,-0.912454829247024,-0.0407251127074354,-0.0623716171922462,0.162686168747019,1.98,0
117738.0,-0.888906181253519,1.33612696422193,0.869485238962827,2.76846104004972,1.40194499181833,-0.456824715154474,1.2063929871461,-0.212530245828289,-1.72784778352521,0.923656926706173,-1.49880390542485,-0.755683108200678,-0.497535082222247,0.26185274892832,-1.32667968255576,0.655066173327807,-0.794449564952958,-0.605343083631056,-1.41448414455936,-0.429212272223146,-0.108953948548594,-0.358893312455857,-0.221912780695779,-0.0746360579671695,-0.336815315534721,-0.290853608443277,-0.0667828064184207,0.13478301754917,30.34,0
148129.0,2.38797968371234,-1.13981820774644,-2.3356456271879,-1.83766968080189,-0.0860512181633927,-0.543276891113438,-0.424858434073067,-0.290933875627257,-1.9517514451761,1.85379637438926,0.0111110756637241,-0.717246769670775,-0.294869118150246,0.30079299559476,-1.32503813098199,-0.866332741878944,0.332717016745393,0.338096125799074,0.600382093069156,-0.453429104314605,-0.0479757227273249,0.340933963829448,-0.0522147931258248,0.105436325622613,0.442246142045305,0.0987345816345449,-0.0584402702711916,-0.0882684589396064,11.25,0
86853.0,-0.767945781194457,0.834231771695461,0.794003778554168,-1.49325581410338,1.5097396448725,0.0465743134486983,1.15547193656013,-0.0068440120340057,-0.808243597835158,-0.94192192736272,-0.359310382283157,0.588794153348745,0.728000504523749,0.11606449462023,-1.2245049537519,0.622738890676776,-1.28479367957807,0.0859640013497521,0.402757110699224,0.0059059039298097,-0.306355636453679,-0.961888194714668,-0.481180154968328,-1.37001408920626,0.754180094442616,0.299304598375987,-0.0694624887120633,0.0164327948399692,8.98,0
134718.0,2.0726747234203,0.537734608021075,-2.70579910963909,1.11128468754351,1.64412603984612,-0.035281944087312,0.59668145630026,-0.168771502187316,-0.195058987555465,-0.213400656744643,0.385066791750355,0.824273456515409,0.671667353060679,-1.03381493648872,-1.0459511187764,0.22537737253599,0.330511216796959,0.754213887535621,0.24007605718733,-0.140051518589028,-0.0485891979763596,0.0945343962467459,-0.134253825186542,-0.457650486624861,0.6190481002579,-0.478492579216966,0.000604391963754,-0.042018002143069,1.0,0
137510.0,1.98497406396694,-0.0457285504896491,-1.56983060223819,0.956265776750133,0.544641221701541,-0.082265909845966,0.061550174712622,0.0030442892544328,0.19000638847735,0.518350594575819,0.296157911802572,0.0090659330622669,-1.23357538348124,0.921771113982553,0.0922262682954436,0.32386851579365,-0.931878783868973,0.747107639474381,-0.210479150675733,-0.262824511635743,0.275795918753767,0.761503489600034,-0.0348885572524914,0.19335090259879,0.303989187287701,-0.444490419694821,-0.0154964636487316,-0.0593210742070185,23.08,0
60289.0,-1.15235970823847,0.0391128382244271,1.39509733974228,0.304623361140279,1.03248678400467,0.0373632510749809,0.5478301184651,0.280413209538051,-0.41657267063618,-0.628371721038911,0.534569008475675,0.64344160077557,-0.645043837334067,0.215939533229202,-1.37426866864857,-0.260109556874136,-0.337423716472387,-0.188209583832726,-0.51479653135618,0.0768704347203746,0.108875420738922,0.131382962952376,-0.0089957251525026,-0.320344307336493,0.203434872361507,-0.489481808181715,0.0748643025493046,0.119731259477286,70.2,0
129398.0,-4.73762572957473,-2.71024316473855,0.356650665941333,-0.555799732208107,-0.841958073222587,0.888235200169633,-0.879450785106996,0.814571861297911,-0.374260302096643,0.306647502117604,-0.289093955646652,0.126577906875012,0.58566311586946,-0.061394965366321,1.03456786400289,-0.11786465365265,-0.755452820745574,2.89980718279054,-0.0703121486261707,-1.8330054330762,-0.427441834132448,0.166881031612955,0.2732576897619,-0.0868866823469098,0.584297948139615,-0.108143257445303,-1.0708530390214,1.19401946259918,171.05,0
69270.0,-1.33557762323946,1.52314181882756,0.65508054960392,-0.154166577826127,0.730775451911536,-1.09933679215685,1.21446804614643,-0.202039745807673,-0.160973093805622,0.320326605447743,-0.952673399476343,-0.490369470228175,-0.661870835505819,0.312341938338722,0.228483135375528,-0.0058589280501607,-0.660901400522421,-0.134492727957299,-0.662361323847856,0.10857564832309,-0.062473091053922,0.0423924419974085,-0.431474360731554,0.01788933019527,0.643563444248426,-0.398295342618221,0.417040097581794,0.277540642531138,14.95,0
136931.0,2.05480728077663,-0.0973665560827295,-1.23844232851309,0.186138115887096,0.163338727381964,-0.612605267054944,0.0828201650427645,-0.167602975571277,0.286792083443103,0.237887540464979,0.563058626434135,1.06772905930615,0.246094897480759,0.406726888758386,-0.645885600792078,0.221323405415314,-0.722388233026374,-0.241648481423829,0.614114694897377,-0.18798875597142,-0.267304067472213,-0.658782414966542,0.267522297363033,-0.487693432587161,-0.258422929846965,0.207475609937848,-0.0738045345157108,-0.0747057315398536,0.89,0
134013.0,1.90337351201853,0.0295556488881886,-1.96971398288244,0.178598825872951,1.04129700180525,0.53182473406152,-0.076740815664699,0.218099263317061,0.324945454543255,-0.490352568540929,1.76681172282559,0.940378255639359,0.0241992473897072,-0.590460825475282,1.0401422224074,-0.406958722341601,0.979158231257863,-0.300985682651035,-1.17281932038236,-0.277418827781962,0.306107305722329,1.14715304512123,0.0123467594972152,-1.48529623979623,0.043661639962729,-0.000661301481127,0.0489123026663798,-0.0539716715512589,2.42,0
153761.0,1.14625926661879,1.40345824321907,-4.15914819129688,2.66010705652321,-0.323216826628972,-1.83607089433649,-1.62374005926978,0.259562498148672,-1.13204414952948,-3.35647371355361,3.64647783754223,-3.00268415590657,-0.647500580265193,-5.94500331282299,0.17465003740523,-1.47563951431173,-3.08227352537105,0.224739755103275,-0.300930778531616,0.284830655578029,0.564449516452437,0.445743911757892,-0.141136197426929,-0.265517116377678,0.362259920457956,-0.416062097561802,0.507369852566067,0.243744113775662,51.37,1
123009.0,-0.539590667175462,1.38654219607514,0.806433350371623,3.35650471379127,0.679410147964488,1.73790003493496,1.01352870902962,0.0168990158885752,-1.11335966573294,1.06465008601382,-2.27281252487797,-0.367635592503177,0.697277097179997,-0.642266175824391,-1.64623106398716,0.0667528500057921,-0.366948038126012,-0.104021138776209,-0.0474828224860932,-0.161494426213388,0.16614111063057,0.735535037386132,-0.294970245239952,0.075797969280724,-0.310760218796497,0.20675011930426,-0.11572583842896,0.1689713606396,113.56,0
69451.0,1.19029487274555,-0.476584586017255,0.888687048179038,0.0957264890669429,-0.829169532975789,0.350770063125399,-0.768579953291469,0.25270798566368,1.31904399643297,-0.482063399440104,-1.11203680583312,0.203946447257409,-0.509524526579524,-0.445367473277862,0.0461014461395873,-0.241204648639316,0.274135645627848,-0.857272867870407,0.296493719757227,-0.116018209861389,-0.241359559276133,-0.437627431567607,0.048700559462729,-0.366802600137458,0.108631929409599,1.00454070373388,-0.0226382719964032,0.0057650828832655,14.99,0
22917.0,-1.73368820826921,0.0129987085663078,2.40261083721797,-0.570834554429807,1.33592942272312,-1.53199059300047,0.258900269589986,-0.0504041687512622,0.662982562293639,-1.4975974086738,1.24899056230912,-1.6082820212226,2.54427832474738,1.38928312875723,-0.721578641473272,0.294812931112754,0.156304580222794,-0.994572584423272,-2.3815091858604,0.0603823434024554,-0.195259536737973,-0.740796540784288,0.114577613968277,0.536847142255699,0.272179912930137,-0.193600471554215,-0.0888487226051928,0.0707871242672302,11.99,0
49096.0,1.12440399248974,0.382732057217236,0.134522241999927,1.06782904757364,0.140715009222091,-0.584744798412516,0.499172037525907,-0.215568014056348,-0.384517596718894,-0.107501053770991,0.145698364318777,1.02360588685839,1.13869575958011,0.322281589168485,0.903366058875565,-0.351211482986584,-0.140485925809258,-1.26863383058063,-0.47333653398392,-0.0176669055599841,-0.321910900357861,-0.960259543444754,0.122255285601631,0.0548713659431709,0.35565507014694,-0.720405604826574,0.019762642744647,0.030603930203137,47.43,0
165981.0,-5.76687873469586,-8.40215367768915,0.0565432462509224,6.9509829448522,9.88056402552862,-5.77319176920948,-5.74887919911031,0.721742893680168,-1.07627357886614,2.68866993252224,-1.47514531556892,-0.0504679838548109,0.11350047541885,0.98434361557577,0.363968739240705,-0.674356809209657,0.327463514418321,0.0914699151148088,1.30794073758635,2.49322389130791,0.880395096548056,-0.130435547668829,2.24147141354365,0.665345536539228,-1.89004142193457,-0.120802763842984,0.0732685585796402,0.583799418317518,0.0,1
9064.0,-3.49910753739178,0.258555160773118,-4.48955807274398,4.85389435139681,-6.97452154477167,3.62838209065084,5.43127092073166,-1.94673371078472,-0.775680092900109,-1.9877731876087,4.69039566550924,-6.9980424321007,1.45401198637847,-3.73802333366749,0.31774206255503,-2.01354268083989,-5.1361351026702,-1.18382211654359,1.66339401354543,-3.04262575715977,-1.05236825623151,0.204816873569406,-2.11900744010783,0.170278608305444,-0.393844118118335,0.296367194488607,1.98591321801306,-0.900451638402827,1809.68,1
72784.0,-0.795252066054176,1.07774040629755,1.1789952939527,0.393423544322801,-0.128629140158078,-0.0113321063693374,0.269034792641012,0.638489136048283,-0.86960484697319,-0.552926361543169,1.11554614154454,0.440537470841215,-0.80684689012192,0.916557001521468,0.40079841966329,0.133078021534485,-0.219704147391937,0.191055066481719,-0.282324334030622,-0.200988518907075,0.153907868792348,0.215005086443468,-0.0422444810661972,-0.0302864970675534,-0.0180680365592024,-0.463476902349359,-0.0513973555906325,-0.010277432743492,29.99,0
121076.0,2.0177509635226,0.038287333226308,-1.62518154427788,0.355744547732901,0.290864520061401,-0.687758549673635,0.0177538831778841,-0.043629040806755,0.375752264242955,-0.179754658224081,1.12461719925702,0.355123146120129,-1.07221233101963,-0.43371939780501,-0.39710090171829,0.506033742061002,0.349079647718693,0.251639337689909,0.278607755160725,-0.215797495368526,-0.31219087180434,-0.881265304581142,0.362561430639265,0.641907439962022,-0.347781517681026,0.14596784192272,-0.0729727926172165,-0.0408805765891625,1.98,0
37144.0,1.09143341214257,0.0888490414835514,-0.128658806507205,0.625839447490156,-0.174548592447097,-1.06129397437535,0.516974859325057,-0.278615789980677,-0.565893820231388,0.129607317500712,1.62784383105901,1.08684877441052,0.186296415789188,0.687231322372196,-0.0338489656183548,0.001439122346761,-0.428682821010021,-0.134079961111947,0.102264046458249,0.0658596977263588,0.0913300460562702,0.101444464157541,-0.172226368802874,0.593917511382738,0.61425023175437,0.390078870930952,-0.0804506540915847,0.0064717836386732,82.35,0
139023.0,1.70920935726675,0.921867399813143,-2.34924607679059,4.26335224568218,1.16486268837251,-0.712155343860363,0.730886170667718,-0.102934029846534,-1.35404444370901,0.352714478020412,1.24588777021084,-0.728203313728115,-1.70737225165298,-2.26243383346169,-1.56841444534803,1.49997110571338,1.82809321735281,1.12000176551612,-1.57780826833669,-0.131917916956881,-0.0921484337821365,-0.422369417536985,-0.008842297446483,-0.300788819835671,0.0931304436658251,-0.0027258046454911,-0.0490806688161396,0.011047977802089,91.01,0
72173.0,-0.456298835051737,-3.67098623611817,-1.15064034460801,-0.241709232263113,-1.20835617589307,0.58925281317885,0.678061124988672,-0.236510314169939,-0.833264133980883,0.0991709612660929,-1.15982439033409,-0.761324133355199,0.801693511236368,-0.0272664799261037,1.27063188823629,1.4729852766868,0.0039413034587632,-1.3954344325664,0.459207009433885,2.11844417215096,0.444405977701834,-1.046902558356,-0.885919488424216,-1.28532019636815,-0.0132962577491133,-0.471738442767756,-0.161472070651481,0.178535782644556,1002.0,0
156486.0,2.2555422229152,-1.2214307238098,-2.08057188306015,-1.62927952322907,-0.436929865857926,-1.01837920486728,-0.253581583720694,-0.442472743820695,-2.09788441020475,1.80485256410839,0.503201256516588,-0.0931621004103955,0.496354349660943,0.179118872145965,-1.43315546604589,-1.07674065639925,0.477912432394809,0.0161588364024021,0.379076327651665,-0.348067577998115,0.022843489838412,0.523847254324194,-0.0955610356664903,-0.353712191454837,0.378789468152417,0.110946393113162,-0.0532558034326242,-0.08258790083046,58.94,0
160357.0,-0.970963864158999,1.13203317880889,1.77922060745143,-0.361291889923088,-0.380417095385447,-0.375489502282449,0.287061058700865,0.391386223254103,-0.271367351381368,-1.29651028243989,-0.854431466917493,0.7866301959028,1.20833643446332,-0.0206177568127872,0.511595034374135,0.019795323871692,-0.250523132382498,-0.0765583923254034,0.423318716697852,-0.0253452760587057,-0.114028818736573,-0.374684273874066,-0.187967046101798,0.0412625171577909,0.370169668837874,-0.420855398485334,-0.0460048799986763,0.0168863475955231,19.99,0
92429.0,1.88189151958552,1.20708010112747,-1.59662352969775,4.19326923211445,1.19435781171351,-0.192822858458249,0.212360341589525,-0.0356532407875399,0.0504869507742808,0.117414463433189,1.96363639753473,-2.88210887257318,0.822141597884201,-0.762884543269612,-1.9048937585959,1.89674456894479,1.86992501302521,1.25145192928242,-1.59972954969891,-0.291056080811637,-0.547936182222076,-1.34924069616536,0.287888341701158,-0.792622001031494,-0.300009113998421,-0.371722105036127,-0.0347328871014538,-0.0042739480221595,3.0,0
53451.0,0.385108461103674,1.2176203228402,-1.95387216540948,2.08707599095328,-1.14422540643716,-0.57688799482478,-2.58286504391682,0.643229999334504,-1.19123269237613,-3.09509360697848,2.82114488798301,-3.1005456578695,0.146199374342408,-4.51012391529804,0.574490022660784,-2.12346278453199,-6.05331938825344,-0.70637615273475,0.572791028207014,0.380545212283106,0.594623132460925,0.372143665842342,-0.310455791389476,-0.624065148802846,0.840216130296559,-0.159451766672991,0.599482364663208,0.288915549852885,8.0,1
34809.0,1.29992975053655,-0.0591476158884826,-1.09896599400879,-0.550580804397756,2.02203136477471,3.27101216030315,-0.524364710512707,0.806171071804549,-0.0536675053586304,-0.0025820145852291,-0.0284941695140753,0.0739864366704824,0.0427129054087242,0.42731391747386,1.24628418364394,0.641423987768566,-0.909999030218705,-0.0670569525853809,0.252709358649747,0.0332642009672294,-0.308453939397352,-1.07316196043951,0.0967365960043523,0.992536727581736,0.366457084483457,0.109519263754431,-0.0298155315024531,0.0132309897601929,9.99,0
20459.0,-2.46241281136081,1.33668504668843,1.41369164290762,-1.63068593422514,-1.42561996207536,2.13009394202574,-3.44321483932275,-7.98165522066461,-0.171735515630483,-1.54519610139386,1.13221312032263,-2.18324984484352,1.15655736101319,1.64148999136373,-1.77059442151858,2.16067244329177,0.606091270794834,0.0993221376393857,-0.17531381519167,1.74612181527019,-3.66043983485108,1.98514850575336,-0.407868558107654,-0.390203735245799,0.131629174613923,-0.249277795102607,-0.323452913354313,-0.123715402203676,160.0,0
40679.0,1.05876212159791,0.0006913045510066,0.880701389559787,1.03670815650939,-0.572056022813926,0.0207373198379431,-0.39442481996796,0.201537921423964,0.0789802004473404,0.0999159744383007,1.63007895038382,0.902922701375905,-0.261576624040768,0.418090189262846,0.807655726090802,0.25132015879142,-0.475330601562665,0.219107109521676,-0.722456492470299,-0.118759598962613,0.236929689365007,0.668274998547212,-0.0591504999737789,0.234812613332417,0.386132539261092,-0.298874282227051,0.0504792316308778,0.0236727436641033,30.24,0
139317.0,-0.985927417412168,1.93422194325501,-0.408783355851266,4.2369149910416,0.852724289780296,1.22514573575858,0.932120588107331,-3.2802795753801,-2.94182680263429,1.76181658439871,0.672725548785863,0.276881708100253,0.674246389194296,0.890465000413754,-0.143570167077497,-0.236247882382537,-0.164171791345262,0.238302184476894,1.42262506353582,0.457878671778653,-1.14852764202363,1.25848290267894,-0.207671938897143,-0.336094760786654,-0.540669831807942,0.378460337501735,-0.181866863829,-0.0645516408557975,191.16,0
71026.0,1.30667169246675,0.309398873570613,-0.0530313834223758,0.501021376612921,0.0227876095780676,-0.593841612043211,0.0670105522240927,-0.144711254340258,0.106871809771661,-0.280161379670081,-0.836528975750018,-0.102911314431622,0.259074413173338,-0.31402990676355,1.16848726390618,0.729351469270935,-0.303802093540236,-0.0102813145357988,0.117371032354962,-0.0517661427904802,-0.341408136601528,-0.996295314786953,0.0229912028698791,-0.498598680064455,0.322616903081798,0.146384925222728,-0.0257702860080028,0.0228429372363452,6.27,0
14422.0,-1.26227012184717,0.371330451416721,2.16961086740622,-0.66360630805709,-0.37746113204134,-0.781737055398854,0.294178139265221,-0.264428959585702,1.80841076129744,-1.11653693059002,0.495243707097597,-1.73587096169135,2.53476560758757,0.603771911993739,-1.39562978224602,0.0205561515763519,0.425060821534753,-0.23385889431206,-0.751745830846369,-0.36529740293874,-0.012214516916546,0.545643852107173,0.125003564555109,0.77380742941313,-0.184077707221122,0.893536750240105,-0.294556431452117,0.101074186806677,24.89,0
154200.0,2.22906984242659,-1.51891544155035,-0.693495280920714,-1.6191236868259,-1.42813454686043,-0.413729253442584,-1.34288268198553,-0.0481213910627619,-1.24367313629281,1.72309535594312,0.359195101043384,-0.277531608365269,0.245743800427645,-0.327291818895531,-0.728047683691288,-0.142960371375647,0.08820926113861,0.63159448703966,0.185848192419215,-0.399778632751894,-0.106421352397271,0.153620061540321,0.197729473448576,-0.360132496128304,-0.28272715489097,-0.176790331149975,0.0185566124398826,-0.0556731061099808,30.0,0
136087.0,2.03708484869576,-0.523847557088687,-0.65794994105175,0.395065777980737,-0.349980992078105,0.215923682093754,-0.789673368172696,0.155616153539624,1.45986318407005,0.0618001805457699,-1.84950901685822,-0.557500024996554,-0.939293211525572,-0.0629291172401967,0.560219058973027,0.592907869838516,-0.711052471578556,0.448203847394336,-0.0429245427081534,-0.226415096467352,0.103172761209367,0.429238898022728,0.120525435993632,0.0978989563307917,-0.171934353831001,0.398345961669772,-0.01917867201058,-0.0464334022647064,9.99,0
36170.0,-5.68501341827133,5.77651621042963,-7.06497672861513,5.90271545151069,-4.71556383098609,-1.75563332378958,-6.95867914257843,3.87779518702774,-5.54152882782373,-7.50211219093686,3.67670318691664,-7.64298306727846,1.68986512270453,-8.29965953059956,0.646996364810759,-6.79279505972775,-12.075932061394,-4.88217964265137,2.62662452479163,0.299488632233821,1.12864107441301,-0.962959729230981,-0.110045083655872,-0.177733240766768,-0.0891754157062679,-0.049446723229275,0.303444581632884,0.219380438614266,111.7,1
62436.0,0.83232101481143,-0.855339217116369,1.07587614816527,0.244279580376811,-1.13432481873624,0.353965817751392,-0.585805873569416,0.245608203278887,0.799318351008447,-0.416443091358038,1.43726537203085,1.81731055289378,0.599469683513064,-0.432546343137837,-0.830131083288263,-0.292066942271813,0.209019124764436,-0.721344146589049,0.268460276721313,0.236055027623314,-0.0450154224984423,-0.162789235163318,-0.0140194384136431,0.325934915659014,-0.0221699243979289,0.924471582382179,-0.0431579173134654,0.0295094423680775,152.96,0
140877.0,-0.555219106610032,1.07979935306326,0.534403207268237,0.992203231786434,0.208811357088167,0.694154968108318,0.353606186941696,0.459642266466868,0.0493276584230508,-0.631798747291924,-2.33634970056487,0.494555966969044,0.743213535213798,-0.197274514100755,-1.00140808188513,-0.55388532150206,0.0654339387374769,-0.381105124380978,1.53990429061222,-0.14465476218244,-0.416386394684289,-1.01281179533291,0.132779543688887,-1.1142797356923,-0.638636450717189,-0.95042496756872,0.0367150856489697,0.123111253707917,45.08,0
143170.0,1.8667465392395,-0.206115468541666,-2.29401841672481,-0.146616362405774,1.27655883730438,0.30527477077128,0.554488877920516,-0.038676031982879,0.160293000807091,-0.196393628665544,0.238639419405107,0.692245241339992,0.0560038909096184,0.898045881313817,1.45502057125779,-1.8728701285043,0.889861072138215,-2.46151906540084,-1.40745042189233,-0.27022840762643,0.288434745294431,1.03940495607009,0.0241768791021471,-1.39096181255733,0.13342473656015,0.370492043279772,-0.0221904279806499,-0.0865398812338811,49.99,0
136068.0,-0.613517773715867,-0.774068708287915,1.85340067334165,0.630396549455607,0.167018958399018,0.721567877046274,-0.225830113351361,0.2075759062905,1.47573198278688,-0.563587808722992,-2.3730307147362,-0.0290276709867411,0.0847789940601143,-1.17495385753279,-0.986800440974462,0.256067797550823,-0.870773959422604,0.726103951590445,-0.467562968963074,0.258859901216048,0.352208073993449,1.20537443316933,0.229732762843103,-0.783960079075484,-0.967976091489947,-0.688697769851317,0.146306237171407,0.0684823415848753,118.32,0
48207.0,1.01155603338144,0.0331755027775856,0.409834697753973,1.25217746374242,-0.271338632146087,-0.336734974128224,0.136643704946233,-0.0639157760614962,-0.0304499494124441,-0.0421655873379853,-0.124390630998413,0.386391725453686,0.21853499437009,0.32673430375574,1.24701297597664,-0.0454429616579515,-0.229629874211537,-0.630073666401398,-0.813775618098339,0.0203095093937906,0.0092778334086503,-0.114316181184282,-0.0489503911223347,0.0716821012859575,0.402296757764772,-0.42909041377338,0.0238227223318335,0.039472921143967,93.0,0
81332.0,-1.41605981676266,-1.17449200373734,0.701223450057981,-2.15370211562906,-0.0844293180732713,-1.5202882408971,-0.699991324846756,0.278799700465989,-3.12181067048278,0.760481237380039,0.995429987148829,0.388100616381678,1.52025261901339,0.0792806220628894,-1.16202479766042,-0.218370632328196,0.211577965814015,0.330449239785802,-0.473442170068774,-0.0046701831482149,0.137311660111811,0.164731020716758,-0.0590542276173166,0.343921570701593,-0.111110708776324,-0.390225335238186,0.013235843991126,-0.123362544568021,33.9,0
54764.0,-0.820898174221682,1.4392082315988,1.16045686827196,-0.268277095004917,0.129945722419983,-0.619999208750139,0.736843148534293,-0.0564585469526066,-0.0921785584785566,0.281060675896377,-0.675379708798188,0.19021870856509,0.846064722444686,-0.1739338402386,0.834316764502559,0.26852498933355,-0.634149144649196,-0.311431406486431,0.136449878142354,0.411782156072977,-0.313819601424102,-0.669378494701911,-0.0664426989752737,-0.121896316911328,0.0008942147009279,0.109162003861588,0.48339426871458,0.236399884421752,4.86,0
59138.0,1.12681723456551,-0.289906907583719,-0.979766308742343,0.192732813316152,1.94079097364478,3.72243356379686,-0.53019945239221,0.900659195100362,0.350930602162881,-0.134576721258502,-0.497232328742953,0.313043915599518,-0.160789611359411,0.113751020928843,0.0297643386303564,0.0473991036072208,-0.561730669886113,-0.0806585407790832,0.401844091568683,0.0979051578299763,-0.270354312970174,-0.897611148812417,-0.0638440820156254,0.986335977712542,0.65527004099173,-0.517458801523424,0.0283919988892899,0.0314944460799719,71.66,0
81411.0,-0.876685093095415,0.0178891434697393,1.6583211725058,-2.54567852860322,-1.15031413022123,-0.342318211948765,-0.62234640141867,0.567551246115269,-2.91142207939128,0.570242378427954,1.18757532419341,-0.437913990995326,-0.146628593630426,0.178574890057226,-0.473826002886306,-0.268456290296077,0.588173720272124,0.118252926741553,-0.881848406309823,-0.502723503154074,-0.0400649125248632,0.0428185834533386,-0.175355562539051,0.177799096959569,0.278359580058687,-0.286342342019599,-0.0664766843589763,-0.014983911812259,5.0,0
142881.0,1.4823267682435,-1.04767800239519,-3.34558942993838,0.0979868845561534,1.15482684000671,-0.330152496392834,1.31776319646304,-0.474032869667407,-0.407435447773471,0.209867282730521,0.0983650885740863,0.622610586307591,0.277970687831293,0.974750246737148,-0.767002744414637,-0.291437151885742,-0.667231555273933,0.0584783298941801,0.595598253544946,0.5875437121656,0.463792998522491,0.654620388887424,-0.591653229385605,-0.21226216004969,0.606707895682903,0.993929728371311,-0.220105770474656,-0.0475252520166367,368.0,0
134293.0,2.21972008689593,-1.43261306186431,-0.309948711600462,-1.44712454540067,-1.70542282983299,-0.820428889066559,-1.28265474782363,-0.201370350659913,-1.06930522973285,1.49025791077841,-0.823972211320849,-0.328107297439594,1.16464960155207,-0.722339699463348,-0.0066869646723446,-0.279582577407866,0.347715978155765,-0.252634621255806,-0.157226321796117,-0.348737259275398,-0.382631090372112,-0.639360008738212,0.440494479003924,-0.0055067473419667,-0.597781257206128,-0.490857065135422,0.0382016260978401,-0.0293047264397568,36.41,0
126621.0,-1.58018897974246,-0.982365774608878,2.31759917855558,0.54064860218644,-0.63118673799253,0.151106390404683,-0.263976814906078,0.156453234545408,-0.876439883986293,0.372110964894735,-1.37378474024248,-0.865596762107636,-0.233628425902943,-0.334766110364959,1.13046581293692,-1.33388677220507,-0.075712045845858,2.00990701534517,-0.299768850151738,-0.425885325255741,-0.301586810265521,-0.233904508417546,0.472782333565077,-0.177780635491741,0.348317788629303,-0.40220374368277,0.125883037668811,0.0862959781373316,138.0,0
71760.0,-2.2927523190385,1.0131214665884,0.933177965812294,0.23672754949785,-1.39197666970967,0.609904991073506,-0.866671634550618,1.23754010373634,-1.38531202608673,1.34096324423509,0.583183404915269,0.060940772934649,-0.268577406179676,0.671354190913153,1.15713863472381,-1.27581712907406,0.306131422991514,2.10058098084128,-0.261184754562927,-0.14395335677471,-0.234713680788083,-0.0731287688452157,-0.226950485799739,-0.347931799684747,0.342840157521325,-0.0481766265035001,0.518882961297584,0.177278727291305,74.0,0
50134.0,-2.60796809834178,2.26707383348303,0.604731769081505,-0.361050972440982,-0.394300354544631,-0.0446829646853543,0.303449408384296,0.174507195611103,1.24599243058423,1.98699685834469,0.640931840654039,0.998611185681855,0.258812660345841,-0.793999481479274,-1.2353380802575,-0.442437210701933,-0.381368310458849,0.0401746265670616,0.646484221437335,0.570303550343026,-0.131812223417387,0.364420707037244,-0.192527451716702,0.0389049019623567,0.0109686628978881,0.178516113817915,-1.24584967463742,-0.884247870777598,2.31,0
117095.0,-0.802673395875346,0.876369075815778,-1.84771493154059,-1.71396795153399,2.12072923488579,3.74421323467156,0.699121792353048,1.14074271282198,-0.267296898738617,-0.530830304031315,-0.460156471326468,0.140261235273046,-0.343274220227178,0.59674735938893,-0.291058438728232,-0.212963410821991,-0.255272218460216,-0.80425562727205,-0.095560099106408,-0.177091558528042,-0.123881024034791,-0.371677384276095,0.159144164599233,0.718698705270412,-0.7928576191104,0.1554598096915,0.106796249018903,0.145154491172446,140.14,0
62283.0,-10.3956402992292,1.60315906206145,-4.66342649396946,1.36918490202526,-4.11004829729689,0.25707796106452,0.486895247844793,2.04000134551069,2.56254654514497,5.27016227887576,1.32842594930375,1.39315064230762,0.279921855498555,0.612993173700984,1.50866902924831,0.413213670114762,0.407352830730795,0.0016546774814997,0.0172454194972637,0.422403068824508,-0.996694144927072,0.07882908291034,-1.7458349070759,0.174592085944513,0.558241645897647,-0.284719522520145,0.483081139492603,1.06621521052042,250.0,0
36097.0,-0.447987434274554,1.01815987484431,1.78670912444123,2.58330261220479,0.383091694577877,0.897097435313174,0.759843514582276,0.0464657429717487,-1.49343665231413,1.08395372788426,1.04894624611331,-0.612773024185572,-1.26228518671822,0.536119352685959,1.0269011326138,-0.0692152094813211,-0.088729917574765,0.184137370181988,0.952009967476901,0.0987800984929482,-0.126142383616741,-0.30831837611767,-0.078515441515988,-0.357952328986158,0.0394066266455808,0.126426980746359,-0.252515846213536,-0.256119215210903,57.05,0
110436.0,1.9910343473164,-0.10637621775832,-0.132612167813793,0.534130179499113,-0.557803056871989,-0.698639622253753,-0.509411944200855,-0.192828163889307,2.52237008929693,-0.621453792615932,0.374892251118293,-1.680698031207,2.2902255740496,1.40096709450739,0.312428411561539,0.106559688369204,0.0996569407072982,0.126287931053504,-0.426197086097632,-0.257682679605512,-0.256067716971741,-0.317035290782796,0.364473677190445,-0.117944218226477,-0.38652607730726,-0.961607308524336,0.0393769204522095,-0.0324737839022996,2.12,0
161803.0,1.98692789869885,-0.0314503325085741,-0.776573122343665,0.346946657167236,-0.245385368697971,-1.18156984033111,0.138837656693476,-0.32361896195901,0.593937111498803,-0.109013867332819,-0.371656440153634,0.93231583029978,0.942436268877277,0.239955484214817,0.874535023770631,0.138715419012899,-0.647090538856976,-0.684901992615226,0.0009917086744514,-0.13375015479246,-0.397558376780496,-1.13340291335099,0.473547362499321,-0.019828441867719,-0.493512214840766,-0.883116357355336,0.003238928435807,-0.0299572463270027,27.08,0
118634.0,-0.761500190350445,2.06149683253478,-0.523755035069564,4.00006898502703,1.79327768669748,0.67265741827363,1.392280396862,-0.52539983690989,-2.27652509507341,2.38038623620284,-1.53131904644161,-0.776913090585897,1.07186540101916,0.32485747571447,0.627191504403414,-0.419606972700846,-0.205666580296062,0.000126451848578,1.57782435765213,-0.0816249063710593,0.20813818382794,0.575515409438064,-0.0766701931103206,0.0109958550967567,-0.300095994788073,0.377086347304816,-0.709138524135595,0.210157026033276,20.8,0
89746.0,-0.0911003110124345,0.125021206763111,-0.398566743946,-2.52692591095017,0.996279759972607,-1.20742343936333,1.47108029411356,-0.478529159325066,1.04191253133822,-1.38990815015935,-1.19754242677256,-0.648156907796169,-1.94607127055146,0.552171485221672,0.117554151617578,-1.41547992804678,0.0482354179370135,-0.247909552799409,0.992058696121454,-0.0608980685773481,0.0619293120329323,0.393031473846516,-0.193725292948974,0.616975607517522,-0.0816192863653654,-0.261978460457341,-0.0435395228667459,-0.0475798033961797,38.21,0
61274.0,1.22951364541518,-0.0469201618931384,0.243447581564088,-0.261891714887926,-0.362170214811144,-0.694041262317871,0.0018481686943627,-0.19468368909775,0.0438998774322302,-0.255663663696925,0.188554249062897,0.869923425676235,1.28422277819802,0.0078332603802623,1.20386342094655,-0.0934120869995862,-0.0485564525633866,-1.06941372511206,-0.299346440224423,0.0357021914027893,0.0559121624773886,0.240665560067075,-0.0326109681948044,0.221744195045304,0.259535265101037,1.47424505349877,-0.0933684520836601,-0.0020010333031488,24.99,0
130406.0,2.22609917177306,-1.5307248973014,-0.796422714209218,-1.71824470678907,-1.06952940336473,0.107744228153765,-1.32559573236146,-0.0505596561095081,-1.06665687647129,1.45860454027996,-1.39734599335765,-0.481863044765586,1.50522286237381,-0.807675767260454,0.1190242295487,-0.108007796070397,0.109394701364872,-0.0909568903410678,0.043498874840878,-0.24069246780126,-0.413068896272156,-0.800973784308467,0.37158551371605,-0.0218234533817372,-0.500686981193555,-0.478766224921043,0.0322676240884609,-0.0255469884276397,59.99,0
141647.0,0.0334928518072877,0.917880994754856,0.308564247327768,-0.600168929355164,0.51352965245553,-1.01766975856562,1.06278466651507,-0.232676140329837,-0.181083348131328,-0.446738639186121,-0.724558791833686,0.630243955176715,0.89588885145281,-0.0588650981201652,-0.453395784670648,-0.193267404267621,-0.403138701938311,-0.945925551090651,-0.162155362584737,0.0151322986997887,-0.243576508169885,-0.475011960760708,0.0690801074455357,0.0040508329861031,-0.473640210144244,0.140391150500856,0.255664079649966,0.0988751859049344,4.57,0
67703.0,-0.344444228491834,-0.430952630904701,2.51678452014571,-1.02811233873233,-1.1944696593931,1.20652810613799,-1.17004610224131,0.608573626826675,0.0746999518860542,0.0884810096929745,0.214372230551019,-0.0597211596338832,-0.711821361081144,-1.21666853287196,-1.93539537726678,0.483504521382273,0.843140228369363,-0.980080088038001,1.19141062881486,0.0151273627953859,0.279300660136347,1.04510275701416,-0.258299198384574,-0.249542732448678,-0.051960651384337,-0.0645832074047298,-0.0165787254393188,0.0128385942421097,1.0,0
128289.0,-0.73420592671391,-0.538724101395638,-0.562744388228449,1.55527069542199,0.865409482628307,-1.00297953389664,1.40467290269765,-0.95789450002878,0.171910687102842,0.360464006343402,-0.10561823387824,-0.735745247270178,-0.086228961683818,-1.10441341160189,2.26447121411465,-0.991380737629621,1.08056516531712,0.90043676568594,2.28394550291523,-0.309772150687963,0.0783961193245951,1.56719279869872,0.793801904218663,-0.0376528634215648,-1.00633968823113,0.121416151410104,0.135077241052034,-0.328089552574654,150.99,0
53937.0,-2.04260819938332,1.57357807373238,-2.37265243271278,-0.572676430720841,-2.09735276458226,-0.174142123011242,-3.03951978687359,-1.63423295064356,-0.594808638750073,-5.45960189444545,2.37853722491518,-2.33027064686235,-0.24623272486659,-4.05852343611281,-0.316983146603949,-2.52266081131673,-5.60340034818128,-0.778439963776289,0.860211793588662,0.825565985313424,-0.723326195587733,0.501221637302624,-0.696892260580304,-0.600513726439022,0.127547028812739,-0.786072220292301,0.606097322391548,0.171696507911815,261.87,1
57707.0,1.3175099293159,-0.0300974505423782,-1.08876207863831,-0.55797280364991,2.03100620864596,3.2677373714174,-0.536440236469513,0.808533012090737,-0.0525956513955632,0.0016564372228722,-0.0286245465439782,0.0736116193151563,0.0410904971667649,0.425253713735782,1.2451394085955,0.640223747464617,-0.910268818792724,-0.0689214267247821,0.255615809819263,0.0147324124808481,-0.313967910054413,-1.06835908904944,0.104757331467596,0.992069784037291,0.369798381321606,0.110489799568022,-0.0280961142549769,0.0116465183649374,0.89,0
37830.0,1.19180948230707,0.303641588003636,0.411291511398126,0.721220244213341,-0.359929493273823,-0.794259253551513,0.0016304385815005,-0.0748779006454901,0.0357933687579338,-0.321180883053451,0.413329699137167,0.324906342765275,-0.0440509778952142,-0.201440218709649,1.34313510720235,0.100080349221609,0.402433094926884,-0.830821281933763,-0.677876956998628,-0.13724985669978,-0.241340380089937,-0.67091360020699,0.202215589611518,0.354718323693135,0.0936260855584151,0.104668927741578,-0.0072552419071286,0.0301420889846065,0.89,0
97491.0,1.97790044953565,-0.490624625469579,-0.133740785347245,0.197099954759135,-0.395708026820541,0.644658466320496,-1.13362212941344,0.216075390016447,2.41874935627501,-0.23263440138526,1.20700932980986,-1.64546268547856,2.02944029954267,1.22490611232015,-0.596411632610159,1.03560840794844,-0.415965364025512,1.01912815039387,0.0239038540601798,-0.137828021753153,-0.107615532731771,0.0173769170448666,0.269808099373956,0.0601720468817164,-0.545166991577591,0.42756764865387,-0.0485866280216693,-0.0524230716633034,14.95,0
71373.0,1.25711491261787,-0.0002199379866521,0.745967752553365,0.0149975412225583,-0.930745002273661,-1.21228240820492,-0.179059859363081,-0.204408905402607,0.330909395165664,-0.221985823902143,0.113972172509604,0.479436591611204,0.34938683332364,0.0949224602766427,1.1968336065556,0.29736032853766,-0.260244725118618,-0.560013461464666,-0.0975060084843629,-0.0553841424428729,-0.108198655924361,-0.289980412920943,0.132270729046302,0.769269457302643,0.0823724202215594,0.883619504567318,-0.0687196733110464,0.0135238730722552,3.84,0
31083.0,1.1573074512734,-0.233371611900075,0.704813551035567,0.273922778128199,-0.869233742092142,-0.712249246464237,-0.224387668064443,-0.144868061703919,0.530341571697231,-0.283324608832411,-0.400389140358934,0.702240304373703,0.763518914806905,-0.27366912737358,0.398998706824685,0.103978912594657,-0.174047843331038,-0.522011292573149,0.100172443322396,0.0704952852884886,-0.0338904536978155,-0.0370851492373689,-0.046247432281329,0.497558212450672,0.271447422947694,1.00597658625493,-0.0623265285471527,0.0184937188535965,55.0,0
160621.0,2.11106445740688,-0.0282669626527001,-2.39454175066542,-0.245379608197755,0.861426267597061,-0.809759270641875,0.565671789710503,-0.26908819273736,0.120983014040437,0.206070325493062,0.576869852976134,0.217632693237225,-1.1934333546398,1.19782833579177,-0.0894140065379244,-0.316652543464988,-0.547312308368559,0.153053448272011,0.485732520411019,-0.26063110518487,0.163898346819822,0.495593975174709,-0.049307360325356,0.319611956092531,0.425872759139756,0.219110137400171,-0.0998556311452655,-0.0881716784528651,6.93,0
146878.0,-0.636470562362674,0.579378038186027,1.32720213782942,-0.688907142308678,-0.572160422206414,0.0326886872759927,-0.409405136995838,0.709292649143906,0.677389771815096,-1.01935811668867,-2.27734538756591,-1.1372556351922,-1.75568144258743,0.210379353183192,0.339966939332908,0.917525120459001,-0.600908376137261,0.63930168533844,-0.0576336840391119,-0.324846472371954,0.0535839775480679,0.0466056813588297,-0.0946368752026331,-0.685830885544526,-0.599262593399026,0.377436045704222,0.0031237823785508,0.0921584867493157,4.99,0
88895.0,2.04533488803808,-0.171053825885515,-1.77290285131229,0.051158287446373,0.540808892788117,0.185395898481117,-0.349663180192564,0.107994530819618,0.695025050714425,-0.284480233390708,0.176810841081905,0.173718434057002,-0.282700557730516,-0.984780611858967,-0.101684510436912,1.08679772495785,-0.0912278528468148,1.08749775226104,0.441728835874143,-0.0931058193052472,-0.0944563074568191,-0.206927281231242,0.0847866931297781,-0.424740026049845,-0.147988514545782,0.571168365235424,-0.0570731155507044,-0.0424897827090511,17.77,0
95708.0,-11.5812735585253,7.17938467908911,-4.78271028382805,-1.59271563725465,-2.31854982434436,-0.689558494543168,-1.02543614156951,2.09865574395877,7.88364119806296,9.10140231365335,-0.291861183030441,-0.78265661589145,2.59512316478614,-0.535728171176597,-2.19490674776137,-1.00228168384643,1.19705049761538,-1.31175019869233,-0.502565829104553,2.54702178103224,-1.85190924111764,-1.28971414979953,0.85604988990702,0.475062175109862,1.8978018687189,0.0388617788645006,1.05958664011099,1.58682293095786,0.01,0
154653.0,-1.28291608927712,0.918263411146467,1.08264271003103,3.016158737857,0.970683095464882,0.759341237984549,0.0157538380682282,0.293405527299255,-0.918252272569996,1.12404147529305,-2.49139627934844,-0.672750216021725,0.609777953699861,-0.429147196470998,-0.698092739744318,1.24733266386749,-1.17733838760513,0.542587316623196,-0.92652098040901,-0.371668531667234,0.227792007735248,0.858889236480167,-0.177058966208445,-0.988956368708011,-0.516326611448932,0.0672716464265733,-0.384351555952654,-0.126132083165036,0.0,0
28615.0,-1.21129469788997,1.55635717637235,0.132040954843534,0.518386289839848,1.90394639945473,-1.96089695140652,1.28180535023978,-0.159262558038978,-1.13073744580129,-2.43471648436373,1.30147276359865,-0.382801685885367,-0.179853596610013,-3.51031795240401,0.511306401204526,0.834399368849777,2.84285865209169,0.751998488285089,-2.20172231566367,0.0292245463357952,-0.0558584038011007,-0.286512726010869,-0.35766877333794,0.272102444231471,0.790455162069484,-0.432502100600977,0.0483557438764702,0.147864581184921,1.0,0
151336.0,-3.22849677772556,3.38731475985591,-3.02547997014435,-0.705542801708675,-0.972484220498745,-1.08116828371372,-0.792320616827531,2.08709324100464,0.389944605191579,0.171875133496302,-1.17654047506895,0.96706740241006,0.721034160725912,-0.0042074362302643,-0.308721784816561,0.74744519447566,1.16354881608634,-0.266027040490195,-0.528503607754529,0.369672230895222,-0.34377056625312,-1.00663584111735,0.400634515879469,0.484250408160372,0.0563086348161883,0.159458844079954,0.339922564190667,0.20753709211804,17.99,0
111992.0,-0.963519678977867,-1.22860132924012,0.778366038955481,-2.58359228217893,0.445743737271594,-0.523006238059813,-0.255931216159043,-0.178487835926806,-2.21024066142171,0.763437091314491,-1.79961965290597,-0.932215455468393,1.62490240665813,-0.869109886663364,-0.431117363265025,-0.395580950246148,0.0736181825310695,0.10516569007284,0.167492204221975,-0.370093010198131,-0.290345713664097,-0.170317861163766,0.264245132298357,-1.06570414492235,1.07765602038939,0.0506143349209684,-0.0765405989537387,-0.147262364530442,10.0,0
78323.0,1.16102372483626,-0.453440471186524,0.851602252730139,-0.0220791195771848,-0.955556244987297,-0.135460046571959,-0.61339343645936,0.0982593993723964,0.959457295925615,-0.400443850094627,-0.436550443950052,0.470627569731986,0.0392147352973683,-0.362145213383802,0.412577185055707,-0.243308191689354,0.292023384477003,-0.864244226876154,-0.105486635755898,-0.04141699388934,0.0608978674371692,0.381578378939872,-0.0468141869747789,0.201264801617016,0.189632580639895,1.55977111700799,-0.060751483944432,0.0034146353392724,29.9,0
79218.0,0.0301097639162133,0.937172263850164,1.94119240520787,3.29285235300135,-0.800112328754011,1.00824960487839,-0.950910888743122,-1.33540731469753,-0.413566899534159,0.736298917479387,-0.407845211563861,0.143669037704827,-0.207099349872666,-0.0477042451187596,0.628349282252563,-0.544197783799429,0.760111864627864,-0.432588720965744,0.16665966447594,-0.280352666926279,1.65728084503938,0.098007741561527,-0.0417870901136421,0.420378081548343,0.592778695258175,0.463771126943969,0.277578117046286,0.239643797449511,15.09,0
41147.0,-5.31417320646342,4.14594361146639,-8.53252245892907,8.34439167363678,-5.71800820787464,-3.04353608094129,-10.9891846672722,3.40412865609659,-6.16723364181153,-11.435623996076,7.67453383416429,-14.2960914258331,0.526938923712363,-15.4450258118019,0.991651201275811,-12.3913460034009,-22.5416517287861,-7.98672065349455,2.99255446334225,1.15001731865814,2.33146580801509,0.862996305559532,-0.614453237551036,0.523647877136623,-0.712593271662611,0.324637964828057,2.24509146635599,0.497320848969724,88.23,1
28726.0,-29.8763655139763,16.4345245512223,-30.5586968214292,6.50586178736296,-21.6656542956569,-4.94035632949796,-20.0813910746494,19.5877726234404,-3.59149104711596,-7.80059820772759,3.94783971729026,-5.4879114860488,1.36994034924206,-4.82955244300835,-0.134412095441135,-5.12116240451142,-11.1181904509172,-4.65995586983801,0.608930080519071,1.72477883837961,1.81295397464878,-2.23225158753151,-1.41280344282556,0.178731069561437,2.15604185816706,-0.20938462411377,1.25564890085966,0.364530452975509,99.99,1
129377.0,0.0010856767943664,0.980243999948458,-0.50020016890423,-0.81798899120828,1.12725467126474,-0.329605983451421,0.965733338378573,-0.0771970214540448,0.247532743675796,-0.106428418486557,0.588012496105463,-0.304574062528695,-1.31854103951611,-0.866939052991407,-0.729111237709035,0.586475300835167,-0.0523307067161109,0.506887500003475,0.176244586342225,0.156148952035221,-0.410218313587198,-0.887372289278175,0.0228377447731349,0.138222571387744,-0.422924108461242,0.0970615751560391,0.152587365777888,-0.0948183113159139,2.69,0
164248.0,-1.32595645190809,0.650048170602353,1.93074501988731,-0.577437572655829,-0.200824895826901,1.70693833385149,-0.954185772969502,-0.832645708090656,1.28359784688837,-1.51468538159587,-0.423291401145243,-0.0317079613882262,-1.83506541090874,-1.99766994491165,-2.29201379077157,0.417198746166701,0.970005825323867,1.02401033382975,0.611269973225173,-0.455945539355403,1.31861317413442,-0.798052322449726,-0.209755698099843,0.120839607823374,0.399314059716043,0.693598103136853,0.142891619040915,0.0800068690989822,19.35,0
67149.0,1.35804284448599,-1.09986877555802,0.297846840634321,-1.27392920867387,-1.46624724929292,-1.02783507426022,-0.629798960996357,-0.352559284861021,-2.08923472775719,1.36669066738258,-0.265421731865264,-0.300941314501873,1.51579211778445,-0.430994288001534,0.414692981404428,-0.469043008194267,0.480052408192246,-0.332586724361116,-0.181459433229475,-0.0897770392907582,-0.287556041829679,-0.60698797817304,0.0226698918101222,0.380512290412566,0.309239828127635,-0.351789346138557,0.0152221395336387,0.0387865537064927,99.9,0
120562.0,0.0892492472524203,0.292014404166136,0.467066304389333,-0.221644652619726,0.159539446134034,0.144651246249597,0.305107075388785,-0.0018372629290194,1.39188458567141,-0.946419928154515,-1.48070564092609,-1.01794842949814,-1.81245306955911,-1.93998381442514,-1.00242265333875,0.102765689227409,0.816764978537816,0.655163991394271,-0.348861154206411,-0.188103149085209,0.183657437439186,0.95873811582991,-0.14801418110034,0.59239331999742,-0.650882860324729,0.582408292637984,-0.161231640371138,-0.101377517705015,32.04,0
4885.0,-0.756417144551256,0.469817236338968,1.07089577243717,1.27696003286088,1.15414843772031,-0.963117578826595,0.682825185663692,-0.448134342207097,0.930747290262614,-0.0686871405193407,-0.230868609688229,-4.11845708613668,-0.597491678156721,2.1740009612416,0.648529610683005,-0.562539989356764,0.643211794643189,0.608470515873721,0.922099949271434,-0.145444582923054,-0.165831222990225,-0.112214437143054,-0.410923556189294,-0.204165477654395,0.106826801422907,-0.231715383307713,-0.141099757031698,-0.135071165454811,31.19,0
11008.0,1.14482520387159,-0.114253196993287,0.952330085395012,0.275255309221473,-0.89021790342315,-0.615757582326694,-0.50161455725936,-0.0766915402354347,1.452939814866,-0.36374487249543,2.5306199934136,-1.58541121698229,1.72127512611992,1.67953212810873,-0.137378151938603,0.625268965326549,0.115383668006351,0.58351530232002,-0.198087572740181,-0.0262476481873498,0.0130377644185045,0.210256145871966,-0.0231769439527813,0.567710707540428,0.142978012065492,0.997993346299084,-0.0970757813490507,0.0019285894845934,39.0,0
112616.0,2.06143666305864,-0.248399151547538,-1.6217555109908,0.0076834352782996,0.227579541306017,-0.451776383683783,-0.0961703614235066,0.0013788310017921,0.853307207348997,0.135641786633113,0.263358274303374,-0.318514791911782,-2.19279662486534,1.09353024444973,0.469773184454531,0.13792084868272,-0.801157557066724,0.995041996207553,0.252648512029838,-0.346942004008353,0.26753653124931,0.775795363241149,-0.0153808048933302,0.313576021754151,0.293677984093858,-0.442491891248871,-0.0152283033772084,-0.0654069689580594,1.0,0
133056.0,2.00295264417736,0.0776350789475659,-1.6155295124031,0.353539661669991,0.362907540909332,-0.663570170221752,0.0891357144333137,-0.0965891392824192,0.239194007339263,-0.209787006864186,1.277474004511,0.831797596861066,-0.175128860303999,-0.610155114706273,-0.494363453449575,0.465075439743766,0.298135039788982,0.143392062416691,0.270005524037167,-0.142120596069733,-0.297045539758988,-0.812135332764407,0.344759702980232,0.666840257156533,-0.320413875559823,0.142113212888914,-0.0686292387669128,-0.037564051258258,9.98,0
171969.0,1.99290330580444,-0.462155840249323,-0.451946090938385,0.3973223360029,-0.561263084724653,-0.146650196719528,-0.698648468244562,0.0731763935176961,1.55655759870023,-0.155003671395398,-1.21544976942857,0.0831564489820374,-0.44779966569115,-0.0996032723648151,0.593202776595003,0.163462633883177,-0.53050015014315,0.345137901170254,-0.17283329636788,-0.225929057595005,0.173395727036169,0.690282366638821,0.14749513479946,0.669942151337336,-0.0827419405093147,-0.239963886634985,0.0326654223742967,-0.0317069598076288,9.99,0
134998.0,1.99909425715398,-0.577254775540077,-0.588529042473923,0.165259196878509,-0.368860095635698,0.336745153045463,-0.824908926206184,0.204531230235924,1.15399368598826,0.185525431421719,-0.183877483806398,0.458207388331977,-0.331460121254711,-0.0054563443868682,-0.175839727873881,0.759093390371976,-0.991609235813344,0.779626227364545,0.313625387654472,-0.18873889179933,0.150820901617721,0.605514962929166,0.0456412444546254,-0.983062174724027,-0.218298740613627,0.61522161209276,-0.0249306493387949,-0.0679887843684584,11.5,0
38357.0,-0.306302782104928,-3.52117498289036,-0.534415834670435,-0.0696264483857737,-1.93465387897739,-0.125365234107651,0.307728614306163,-0.283314368923244,-0.520517644674169,0.214127582894235,-1.01091408555693,-1.09196234730495,0.0579260370096468,-0.0795955572379129,1.21678103859469,1.71017127867685,-0.089409899588326,-0.550534741875126,0.307917823255202,1.91548505039576,0.794955061109027,0.161300113943375,-0.961475454074227,-0.260809967887147,0.198464380018062,-0.154977480343911,-0.149132697851721,0.171355383442228,915.0,0
14537.0,1.13831521713621,-0.240129021048247,1.43757276640988,0.46564413130468,-1.16027696040853,-0.166390113057729,-0.843792699680409,0.0846841963348977,1.99078217530648,-0.540387246834986,2.21066400173054,-1.17257195446071,1.85979180698178,1.14237477071513,-1.2292257719265,0.296516539392927,0.445873667234004,0.282963629706505,0.167010385142006,-0.0704028198418706,-0.193643319140865,-0.167124812373023,0.0736295487159721,0.554374844929702,0.0407559469158373,0.887889787115477,-0.0621574976694925,0.0049092900640997,18.11,0
124818.0,1.88450870389662,-0.166191208218461,-2.14419186118053,0.158971884065514,0.965379040108765,0.560311070176717,-0.146954958689109,0.294659582127124,0.595390458106683,-0.442551139202479,1.18066434209635,-0.0596106242342892,-1.58910804581358,-0.275456864883989,1.19236953056225,-0.179016268320038,0.911788996039641,0.0993196288002878,-0.984464514241052,-0.318891135783566,0.276988531355518,0.920345275144688,-0.0304566035882481,-1.74550211898861,0.0318343401831417,0.0134264863761789,0.0294247939460943,-0.0554541825122069,26.74,0
44671.0,1.42564148967522,-0.429619946921523,-0.337514232521116,-0.838518646615917,-0.514392321657428,-0.913181254048004,-0.21118896664839,-0.179274372732808,-1.22234277680001,0.887695707228783,0.987393596780931,-0.625512219822697,-1.01534065791052,0.512330839196735,-0.131691994933577,1.07109202335451,0.100845395810111,-0.862418984555712,1.05565542671395,0.0186751305534284,0.20849864312475,0.444529889134131,-0.20482624014328,0.0283703881447605,0.768911879271273,-0.0789151342554753,-0.0406397303046892,-0.0136259857942559,15.0,0
143224.0,0.505635427314142,-0.609969049974013,-0.154303690412737,0.336421133894885,-2.14972570446094,1.27062010646762,0.806836923496413,-0.259726437807883,-0.826757290956089,0.911106047403631,-1.78230734361304,-0.897355067542487,0.956018699305067,-0.343795452371425,2.06714395917906,-1.53633973886927,0.0858891789036308,2.22256496263975,1.75859250150086,-0.139020194027649,-0.198205130029152,0.181369375293146,0.378745804325065,-0.963036898487134,-0.77582004989624,1.08561542225138,0.0845729799199462,-0.152891452831567,376.0,0
76876.0,-1.29835900258265,1.07967115744319,-0.180677930886891,1.28783908383189,1.85827347944352,-2.22369500209375,0.525166986044906,-0.0968743110676978,-0.168893374133313,-2.544410418956,0.706999574201444,-0.835695915134352,-1.02211731659325,-4.99399178918475,-0.455706843211384,1.31536513941655,3.63919954823548,1.62342609471098,-1.53933883157799,-0.18757199362802,-0.332983053581271,-0.851270427572191,-0.370799798865314,0.29824168728035,0.442929877216587,-0.522832450531743,0.0001048565072203,0.135698346061769,1.0,1
122748.0,-1.65045055612899,1.67943041502349,-1.41885147034294,-0.660639536997733,-0.0030996317669488,-0.603147557702591,1.04205220440403,0.198230533721681,0.777109192023254,0.978870104191748,-1.02014900319833,0.052095545213851,0.128770841273129,0.334238928893814,0.644641230354445,-0.342558095323384,-0.400337086995713,0.104712557364744,-0.0988097950743659,0.302365938624198,0.15220675172438,1.19916847407251,0.194541754714197,0.630108103262105,-0.417870434678659,-0.203075772245481,0.973760311314828,0.671475420623648,99.99,0
22222.0,1.16226320929461,-0.368349552742064,1.13232685776926,-0.478253611099284,-1.18977502450877,-0.509489565196448,-0.776132860702288,0.0466489738819487,3.20033415197743,-1.47653068660631,0.885314383167611,-1.998695872791,0.722682473704254,1.49565900262699,0.852066919378854,-0.820210708405098,1.03036155126034,0.0063918754255653,-0.126442789646231,-0.24056438278844,-0.116437822020372,0.131110068993457,0.0459413961818084,0.34179650313095,0.329679376194137,-0.714150410999236,0.0765384036085382,0.0289427271530206,11.85,0
79141.0,1.22099811082098,-0.713024573659729,0.326478379988363,-0.648489921325132,-0.923778229853736,-0.572550629449284,-0.459058224014117,-0.127368555203992,-0.859432776010897,0.546452607164452,0.0408942037730453,-0.350844280571214,0.477936921248092,-0.150946128386663,1.01010959898403,0.849244762042005,0.494705415474296,-1.87165542594801,0.135392739287375,0.216533204670659,0.188446782458152,0.330602329158655,-0.0576771144873386,0.104849211431869,0.361264839899304,-0.23216277153673,0.0084615063000236,0.0276840931137236,88.0,0
55482.0,1.12953594776675,0.0776057158176942,0.504565251455762,1.49250748776833,-0.466104274383053,-0.412698071349066,-0.0299678094185047,0.0558394119950057,0.521594197539467,-0.0784667416954543,-0.52937902124076,-0.252038169423454,-1.86209108381774,0.420125687472465,0.0657396616709851,-0.739654133973308,0.478666906674671,-0.878897429990014,-0.481549825615291,-0.297278243001705,-0.0960858520544019,-0.135248214601409,-0.0070701638745685,0.362717530754238,0.560562674299395,-0.327420976733461,0.0283951319548394,0.0166021045342265,13.99,0
127360.0,-0.894833510743054,1.20592567704577,2.78971750161225,3.98995876801924,0.311813028837809,2.02702290805786,-0.207537991527791,0.216454003214109,-0.417466342482005,2.43934227594539,-1.80571339163656,-1.73964669406276,-0.44644503595423,-0.885368037396059,1.68781284006846,0.634155428842011,-0.584677052401611,1.19311448273773,1.09069849969416,0.743926540362072,-0.055433675380333,0.511865053632345,-0.387510556910948,0.0033854079341275,0.135719150461727,0.530624210992894,0.291329716409696,-0.120547519513175,22.66,0
166017.0,-0.33241748726894,0.86573086438499,0.421873976611289,0.202329981304323,1.41452536898827,-0.793660962900475,1.58318020091287,-0.386257560251319,-0.766741369059817,-0.160364644793054,0.620049412738875,0.461126237777388,-0.694434397798991,0.486496549000137,-1.62964702872057,-0.668809980890136,-0.535731648535044,-0.0298915000418713,-0.0952053807791647,-0.11751521230352,0.158789722057889,0.687016745485517,-0.377561014914244,0.0189737530913466,0.194033249628379,-0.599641639338497,-0.0317511221675517,-0.0759532597524673,6.68,0
113436.0,-0.627136946801652,0.865389720505784,-0.205925245740776,-2.22206689898615,0.135686854437313,-1.62064922275295,0.842797317486221,0.208898737232058,0.417455393760642,-1.31742234987493,-1.41626294559436,-0.134713982331351,-1.20036454315592,0.573527926342935,-1.1325272861144,0.144028606087398,-0.401530062482773,-0.777603932221113,-0.767372624379091,-0.340176375393753,-0.148616357342508,-0.416625765977857,0.0909111430628237,0.0456529516890412,-0.747799251808637,0.331843198750518,0.200321465605503,0.185687465761959,4.0,0
122730.0,1.80624878189235,-0.54589502614551,0.119610379745861,1.09048311377199,-0.525147036949893,0.996294982453835,-1.11020294976377,0.393244681422621,1.06667910402335,0.254421084184031,0.373465690301319,1.16283613751011,0.835011251405665,-0.341093217936146,0.214815608244068,1.02740055176269,-1.29509035018157,1.15163907850359,-0.484970179089656,-0.0510701591732526,0.312947922143623,0.958284486557593,0.120853255306858,0.219509877958233,-0.271599409911478,-0.615624045584296,0.0849674769330243,-0.0146742917933607,54.8,0
36847.0,-2.11874584175377,0.188377073337609,1.71972210844814,1.78193144451585,-0.415779027052998,0.72914316192146,-0.617327679789421,0.776970166981231,0.618074710137695,0.0689498716455305,0.5815362392964,1.46571260315865,-0.428715285556761,-0.4167406564436,-2.01316453355517,-1.35283478336268,1.08194107981575,-0.620903297619733,1.56505664393274,-0.437429582464136,-0.320397062408013,-0.234981461767984,0.349416188856065,0.233570562818238,-0.309986097484393,-0.473630085438609,-0.0743934132826003,0.196959459506597,14.98,0
115107.0,1.91397021334584,-0.57783768798363,-0.354601336593423,0.306293097261516,-0.594097834199569,0.128189107304721,-0.793034907828431,0.17311876349109,0.997732592902387,0.164829450258906,0.715662661678221,1.0051546088014,0.0788073765064737,-0.0797791613909362,-0.310269012863439,0.520561714824547,-0.743287944008202,0.574208574807458,-0.0154613362898636,-0.11061909747142,0.277285419830127,0.913881629645903,0.137848102154378,0.832024007337365,-0.254949096861475,0.569379378359532,-0.0317085323087452,-0.0469994490871014,29.99,0
38183.0,0.910029367846419,-2.20592354095378,0.110010776937514,-1.37270565601675,-1.7402273746314,0.110670547021806,-1.01087884480663,0.0244587486583972,-1.71609565848838,1.47380301002105,0.281902608985412,-0.902301224184473,-0.0625121217411309,-0.128652118397465,0.327346892388046,0.376872742576448,-0.138503861798091,1.24401401910706,0.0792092526528059,0.309280396618247,0.115407539353421,-0.0352621307008355,-0.386839881467822,-0.535597325265561,0.2847142677836,-0.0983734473817677,-0.0174159824313407,0.0613788427441173,326.0,0
164859.0,-0.25547312201177,1.04229948755118,-0.378022354876325,-0.697612224780395,0.363896500980373,-0.791558032413048,0.615095860678382,0.296330495991719,-0.0773777200269079,-0.620072318077375,-1.79312463148782,-0.244917245677506,-0.396360371696812,0.504750157619117,-0.32678770109368,0.258874153425006,-0.457974949525291,-0.410428498402549,0.174509557569209,-0.151794156174124,-0.267243517170041,-0.758428258304486,0.0591658179588691,-0.67933867748527,-0.390605494135137,0.185404698544782,0.11526723185272,0.0265826438584277,8.99,0
151207.0,1.86606339107059,-0.636479577658582,-0.527053919830466,0.207662948332556,-0.799245551490247,-0.783438209051763,-0.363527544785195,-0.0899839513036253,1.38894581449649,-0.213183133437208,-1.02323623608635,0.0411714239281436,-0.699832297067151,0.167106160395181,0.771122819855736,0.271745162742061,-0.488747240818974,-0.190780800048913,0.106185581962875,-0.104465667831538,-0.212649977949523,-0.688005360860519,0.332619072527153,-0.161673785532158,-0.547821793024123,-0.323316851411442,-0.0154501538504792,-0.0267088402335866,83.85,0
57459.0,-0.631041895386255,1.63726583518657,0.674442743122166,1.78484888816876,0.208655964770837,-1.13307587698641,0.575960202432798,-0.070669783881012,-0.983726465611982,-0.588066834490181,0.501257463649653,0.172520577784215,0.925637193534277,-1.39985813737692,1.66410027880542,-0.255661625080664,1.63832412502961,0.75201336460166,1.03714033764161,0.159181656715702,0.08704298518794,0.397194924919395,-0.25164804764319,0.626985888845359,-0.236087289553307,-0.211471277929148,-0.188633281340772,-0.139808886667253,1.0,0
115045.0,-0.578027870703244,1.0596675979082,0.678627800022726,-0.0146225180423839,1.08876041395594,-0.418359511788883,0.955486364936409,-0.0757809211850489,-0.773610171841972,-1.06410705928865,-0.529248884211772,-0.339918813690052,0.0514967929962468,-0.86504303207169,0.6472658017878,-0.232253386309082,0.961012057657953,-0.103514954902685,1.11379388476663,0.202369041420281,-0.32878618837455,-0.979841770814925,-0.226486565863508,0.526782910524687,0.381451693075218,0.478483652935547,-0.0085198537806551,0.0853178904964295,12.99,0
128539.0,-0.881582530644641,0.877476789155802,-2.69804803979456,-2.08087806352334,0.127759554978602,-2.35301282925257,0.648707270208307,0.23267231042785,-1.19582314909318,0.692710251693801,-1.45915159026841,-0.837766455708485,-0.651464715647377,0.929119445874211,-1.55798528958407,0.495175687505804,0.463665653130769,-1.55619300817273,-0.198759327000163,-0.0949154069831168,0.669729992557629,2.02141208285941,0.0324334295197647,0.120212107567317,-0.857404486100913,-0.115869396480845,0.531817684787216,0.27723030151718,10.0,0
132679.0,-6.08421761065481,-6.36618056116724,0.740670704660418,-0.765883495494061,2.94596930904306,-3.6012525019793,-1.87358788643358,0.822051000605649,0.830576115606765,-1.76398946735494,-1.24020882774217,0.0346279632691223,-0.804688079582805,0.705637205395002,0.63523093257294,0.889833991227856,-0.579551035007954,0.0882344572573649,-1.12678927446041,2.15706937131202,0.506215631341395,-1.30471698967672,0.385852930217565,-0.0926280348416825,0.392696006338894,0.234812325155404,0.0825299450118101,-0.894081450757159,273.31,0
168672.0,-0.822209041437757,0.832951572074477,1.19170280425288,-1.27459340360503,1.00496323094053,-0.441561546912511,1.09754176563083,0.0009391229879046,-0.759627107897348,-0.924797983299299,0.428326565314028,0.52447501343559,-0.208099161409946,0.329783324166947,-1.16563063475619,0.316170347987274,-0.832440734680914,-0.229070395233357,-0.027621481617815,-0.100288064724473,-0.251032690386145,-0.820593561628109,-0.365296706856949,-0.470046204910215,0.580435117873551,0.247107602745666,-0.0669398768570362,0.0232150761494473,1.98,0
125917.0,2.08863590298139,0.569737327437784,-3.38138966400303,0.497429313259259,1.47969829967813,-1.00605198219718,0.642639598288376,-0.237837312154198,-0.0805992658463504,-0.860548094135987,1.24404142714263,-0.202295452639066,-1.06209495721156,-2.07867136552732,-0.529345758897557,0.63564318561153,1.8670080674306,1.20482941263306,0.09013087576981,-0.160454939767542,-0.0514095846019908,-0.0087237208256841,-0.0938628874912756,0.0283281668475105,0.388390155918033,0.697190351205476,-0.0882495108408116,-0.0299020391036182,0.76,0
41488.0,-1.00860710131109,-1.68892815518542,1.89853889581752,-2.27465367084183,-0.465722987797849,-0.532985752123814,-1.20481310334862,0.384233176417284,-2.05525720100158,0.962593340363009,0.894356155076479,-1.07305336256908,-1.07069165139026,-0.089646976425931,-0.130599583231268,0.0284309831661674,0.219842095566058,0.51920104886718,-0.993202896867886,-0.116351818391141,0.048969999211058,0.025170261476751,0.37094916349078,-0.072748905754817,-0.657657718470522,-0.49874203691932,0.120925356810141,0.163634538107193,64.96,0
46909.0,-0.537742746649468,-1.10620592961765,1.39992291800772,-1.70192234956837,-1.26255545145994,0.619712889355881,0.556262022817265,-0.147419998819164,-2.77800005787427,1.23390093785518,1.1175706639091,-0.800616555718318,0.341866374234463,-0.310479395517057,0.37996161654782,-0.806857371624024,0.579923489230105,0.463941244131944,0.61250329691752,0.457554177796937,0.0284822394546953,0.174682760710668,0.400880867510688,-0.347519087087246,-0.0640982294356662,-0.13064724215117,-0.114797270292053,-0.111580868463186,264.42,0
168164.0,-1.16697685254324,0.182154963930155,0.569462464744326,0.119823194390217,1.73267251909558,-1.06156686863193,0.344146386180748,0.0411059228854196,-0.746304983571939,-0.897253622469401,0.950378404012028,-0.146073468501332,-0.685581797962951,-0.405370458393882,0.768433616096671,-0.0344124232925342,0.558357432448782,1.41994755062542,1.06177166516452,0.339682824409619,0.317495563596767,0.65182219172778,-0.47583220983472,-0.462753809185523,0.923175153197247,0.210370337837065,0.0142847230098432,0.0852090910127625,14.83,0
52033.0,-0.345036988195201,1.07931282095759,0.640912989000737,1.03217522115551,-0.433555411211959,-0.791453501823308,0.47292835213731,0.274090853741792,-0.64149734471816,-0.390336730883327,-0.729665751497567,-0.192558673615743,-0.377161939987643,0.724791044490438,1.03574974827068,-0.115594299264806,-0.0180265147705405,0.197075829513746,0.337110863261194,-0.0762321416915594,0.193036018539982,0.377554387301007,0.0497151169559613,0.372012450440048,-0.132111338818022,-0.327345749154681,-0.0617480968541595,-0.0161861893045904,52.06,0
162341.0,-0.337206952253141,1.02741320318584,0.0378766796739568,-0.85528648812858,0.62850973047771,-0.551850099761508,0.858543816609008,-0.0451260883818548,-0.0385598554070183,0.16874388675372,0.577918271617381,0.806893912759849,0.0913491564792202,0.167393963335706,-1.02099254215722,0.101349453825043,-0.743862769635162,-0.273342894930687,0.230532055841827,0.0915692473747898,-0.236926383264334,-0.511110305750725,0.0292928964140967,-0.403158248684597,-0.449320980568214,0.137632947345567,0.217625251026113,0.145001497753452,2.58,0
120170.0,0.124387916802651,0.735088180950003,-1.07906772071944,-0.3269260293387,0.207860285738211,-0.647604747409451,0.415258453333044,0.380282712084167,0.176624809372437,-1.1771932576236,-1.10685433728983,-0.589089997290796,-0.956843259541772,-0.678335471039489,-0.0293511224266318,0.643613512577777,0.577229745678185,0.372296303646891,-0.60225215614852,-0.220750800448921,0.106947880183724,0.139749258923111,0.302168046088073,0.497642765016214,-0.824252550038281,0.293480583333302,-0.120711221765902,-0.0203454219179888,61.5,0
137881.0,-1.36619618468247,-0.0213530781557826,1.36272312412336,-2.36586694408203,-1.19240197619502,0.0965186106888797,0.2338947528072,0.600260148388953,-1.26704569482732,-0.472642964832071,0.306022219527961,-0.22172155299536,-0.0437790441604493,-0.136795188927004,-1.0411225777225,1.90093809893937,-0.308558904439426,-0.628563337176052,0.370410153238046,0.461317021496507,0.122592261232293,-0.129498779529278,0.135214548166997,-0.388695005769496,0.551259722808961,-0.389275429175345,0.079180425269424,0.0539360571384211,182.18,0
69223.0,-1.20586871762615,0.358475808646652,0.941842982834187,-1.28347936126384,-0.691672352197134,-1.06473754606753,0.433261108279036,-0.464114784938913,-0.88486775448001,0.997131264519238,-0.36323229688964,-1.33490728356919,-0.869274729091379,-0.203534700773322,0.597432400702789,0.976814998236509,0.315102977810622,-1.71253880725422,1.00961971396738,-0.301234420980695,-0.204912812567879,-0.867589077236834,0.322618128295723,0.314083687125196,-0.274638363352423,-0.754106146663678,-0.93464789860534,0.188482352629125,41.0,0
26585.0,-19.8563223334433,12.0958932259299,-22.4640827464876,6.11554110191771,-15.1480215209615,-4.34672408349599,-15.6485074722661,13.2768048056341,-3.97416161954102,-8.85919405880884,5.73081553744459,-8.08803351213651,0.230824969324902,-8.57897327333454,0.000946636693186,-6.94774606726094,-13.4728970076501,-4.94021082886802,1.23014255193802,1.58292955492187,1.75072984045421,-1.40963570908141,-0.809809278333882,0.121396659905885,1.35030007077468,-0.224291873525585,1.59762136835254,0.476919818025438,99.99,1
129512.0,-1.53758444066202,1.28009100996168,-0.0800525724730066,-0.954728164548934,1.55418115748524,5.58723795592081,-3.91480644043088,-5.27683725113265,0.520300030947019,-0.795182545447338,-0.149307697173257,0.745841255998124,-0.359150113246183,0.603491085050949,1.72202434536559,0.177587536918793,0.0976627101403305,0.357371369945655,0.194122685496397,-0.0655006097851697,2.54770299644878,-1.04899487504789,-0.238385242434978,0.660309569148154,1.21189714915085,0.0286981194707546,0.299298190046119,0.239369246481229,13.35,0
35860.0,1.04533381490729,-0.378685585225665,1.19452838607835,0.661981940223277,-0.745672594573525,0.935837424029089,-0.938706239378415,0.545734408147336,0.794419562721993,-0.135672440581192,1.27125573800319,0.842622155411294,-0.949884213388505,0.0207411256243986,0.100589519082853,-0.191171374848666,0.188304687645028,-0.540247226672083,-0.470518062510033,-0.204538251548746,0.0077481780299515,0.202559095992338,0.0871256379308585,-0.274744685162123,0.0460113984010262,0.361453093138456,0.0401803743360715,0.0088302425364516,11.5,0
9396.0,1.19116084137044,0.144434073755208,0.657416192187155,1.05837476843586,-0.468309107224781,-0.644686455892939,-0.0603740910690382,-0.241687102234239,1.69450727948585,-0.585011752649225,0.339292525716239,-1.85011402123561,1.95181339477437,1.30162662414868,-0.98269099637504,-0.323518887492072,0.743552093675755,-0.476215285460242,0.0075057169542245,-0.0938953029060294,-0.364978190706617,-0.656683632980904,-0.0001210475112567,0.374165841342623,0.434890454669537,0.226869848329675,-0.0512088345337757,0.011263725979153,29.91,0
47704.0,1.29050231288543,0.0840316846379075,-1.09657087219213,0.0599535229238015,2.15102495681586,3.41737647822745,-0.503237828572861,0.821626769543723,-0.111375604623101,0.118547191971999,-0.182182817743823,0.0140510498346651,0.0168021291656564,0.438713061959843,1.16170597892126,0.527445004490683,-0.992617709363574,0.366358237012847,-0.100127542894507,-0.0218858380470236,-0.0211527853209175,-0.161892314701981,-0.10719566424146,0.999315813822301,0.771083050917535,-0.313430272568854,0.0251634962152624,0.0170563543610934,1.0,0
79095.0,-0.557126560855144,0.95924893964829,1.35731986533108,-0.341667845808119,0.485621598196168,-0.399829656197599,1.01150263600362,-0.424476704674159,0.373752589920869,0.562414776202164,-1.11011630959656,-1.04455677980835,-0.894709699281866,-0.229949913633569,1.11001516973327,0.297189686396493,-0.864892565529144,-0.0316504249992385,0.32282889859461,0.290326763017008,-0.419999041149594,-0.798120657138044,-0.136139070191354,-0.506192569566707,-0.119306717351866,0.0639824932427317,-0.0857803393251804,-0.283004142289195,8.99,0
151827.0,-0.875583455418008,1.67044053393214,-1.45370553809106,-0.442709699810046,1.21650522432669,-0.516225038700792,0.701456048673309,0.434177103813575,0.127200760657794,-1.55873999208288,-1.35773562042382,-0.930065844426086,-0.826696158258919,-2.42633859179587,-0.634411998008636,0.594218218780967,1.92315778945585,1.06222330307685,-0.21992900789686,0.088366156312474,-0.0092428833735218,0.225562452095439,-0.360728465406635,-0.137445245300805,0.125926122827187,0.698954507595853,0.354823527651971,0.268865104657152,12.31,0
46288.0,1.19565504810002,0.303986651793274,0.17678095400569,0.931818331474151,-0.0108862961143356,-0.434557456709523,0.1719138898517,-0.105428458202911,-0.353032475922028,0.158531330463264,1.12129648728196,1.10901306949624,0.611274320390736,0.442521509286443,0.174968645130406,0.312898951180948,-0.831949363429533,0.375265527234364,0.0331787849580174,-0.050460889731726,0.0741724130433884,0.223069431000318,-0.172973273951692,0.0339118934758298,0.71729466653609,-0.329288565720364,0.0107983869128847,0.010875225704414,19.54,0
169969.0,-1.56908745835399,0.492378890462139,-0.0866584323194001,-3.49100743914385,2.06746238340144,3.79422046149801,-0.373285090266031,0.126795476959524,1.24633556849823,-1.08220552532547,0.146027327722656,0.398427077776173,-0.219594872542927,0.0076891537024836,1.6789185242724,-0.72137735309901,-0.165830365886935,-0.174135013715023,1.16508236675759,-0.108771210981934,0.511363041152056,-0.937702687294256,-0.0168119276103839,0.680956140022538,0.415653548056859,-0.354663991487736,-0.163682511816357,0.195868121965505,28.28,0
144896.0,1.38684601745635,-1.69845565292988,-1.79929628860628,-0.293620114607019,1.32976168863385,4.25883232395088,-0.956600479901907,1.07840495602032,1.74288645112848,-0.542193291290413,-0.454846237452818,0.853884019233601,-0.176762183714963,-0.197690180992228,-0.0086185711071706,-0.426425239626897,-0.215855678290631,-0.349006117425159,0.0885541171393896,0.394009684566876,-0.0411081321595136,-0.512252502435444,0.0968955994311323,0.68445426858246,-0.325285346685613,-0.872062414989693,0.0474230247242692,0.0155841378806388,290.0,0
75652.0,1.56177974158037,-0.790768448745935,-0.0706801278177483,-1.46474678896739,-0.996327019118935,-0.967382404634999,-0.530844224703255,-0.340205797982369,-2.15297866627205,1.4281822072199,-0.747572353478425,-0.760734379002015,0.893405137923966,-0.195692149142416,0.354214559727203,-0.444336091775162,0.418975107352869,-0.459774911021054,0.217725696345371,-0.285682831559241,-0.589795415404944,-1.36313824745027,0.138146041690679,-0.17852779959371,0.313646177069984,-0.499063679686633,0.0103022466781656,0.0160968377433768,19.95,0
67698.0,1.14803386241686,0.346297302565681,0.417833634916375,1.21386774916271,-0.351030879705157,-1.10956784177938,0.365077932472798,-0.338455209992587,-0.242110835598672,-0.0417523044139827,0.121998491336773,0.992629317233304,1.25384197384322,0.157437254704476,0.7571939048617,-0.102571821197412,-0.380898378846071,-0.41075552600358,-0.514830002198168,0.0074686548352336,0.0872644325918168,0.273518344295193,-0.108200778633788,0.761830742305164,0.674174933928409,-0.357112864919142,0.0154460518512138,0.0331737324057746,42.81,0
35494.0,-2.12734450169222,1.94186969865136,1.01353215227191,-1.78549284317014,-0.297536841271623,-1.17277040211831,1.0073056657021,-0.575770674653637,2.34871913531591,2.76874703112688,-0.0772273552991342,-0.495920913057643,-0.646117778479693,-1.23012301189705,0.80698417856239,0.241181485749793,-1.05261949807481,-0.532167342162178,-1.01618423372992,1.32567497507923,-0.543941384413402,-0.424841837278958,-0.0365524058892961,0.376030080103276,0.113013728469679,0.680015133997379,0.609987906414023,-3.6015000869e-06,6.53,0
73773.0,1.33028689701149,-0.385510957258575,0.0732514997053092,-0.639014438487363,-0.743052980563196,-1.27271174051839,-0.0101260602507564,-0.399612087235484,-1.22337343997795,0.581757335116438,0.0229362502168991,-0.0046223860871845,1.07230298773142,-0.112227572424338,0.415157896248003,0.894694802436553,0.314223783675981,-2.02479786451823,0.772788378940356,0.229631904922197,-0.161684053531561,-0.675618661968723,0.0720827140583381,0.382508780458272,0.359770139680891,-0.538265367145741,-0.0198144604949325,0.0252982570131878,64.0,0
58951.0,0.577553583175887,-1.01639324593184,-0.590379523609673,1.12602493445725,-0.136994309561118,0.0651772616269426,0.531559855471377,-0.173486559397897,0.22397266747864,-0.160578102267125,-1.75864212965243,-0.513836618825209,-0.122820383302288,0.391682350816483,1.17721631108088,0.600500676820529,-0.932198750713165,0.599965089121377,-0.0430180023778004,0.671415998620413,0.255515586793039,-0.0991148025685821,-0.647721911854158,-0.984750250359762,0.729642022956398,-0.205865305989607,-0.0559279681094252,0.0750577350902973,395.26,0
77195.0,-0.514270451485183,0.946692600188286,2.40688787681627,2.17260988911288,-0.136061537013212,0.511503985516301,0.386298934293772,0.258460849416721,-0.849033717936785,0.102687882469948,0.640704654656777,1.17916079384991,0.476664941281556,-0.53457738041539,-2.42136639610535,-0.0321069927668739,-0.197804457325928,-0.0664664855664181,-0.108617769163444,-0.0295841182788206,0.0318248744835993,0.307629142596497,-0.178754925841887,0.567506691438678,0.0857295363729343,-0.0131184098053123,0.0762321908573066,0.0595236229132625,21.24,0
137535.0,1.85930114875991,-0.401042586549633,-1.21540491513303,0.976747577069025,0.362073110218464,0.607595148039812,-0.214363909729408,0.229309308370353,0.717451559189228,0.318097029138609,-0.451609254050731,-0.0320292592562597,-1.47429729303369,0.593505646964698,-0.430951600527684,0.665087291122081,-1.02693462484597,0.419051857209198,0.559750533503119,-0.137983239216292,-0.453622969520403,-1.51529552932104,0.314347788794204,-0.496648050748128,-0.353976438642332,-1.1502672664108,0.0010505348389266,-0.0332441926636455,84.89,0
150949.0,-2.42353450165791,1.65909255408015,-3.07142054904521,2.58803264715889,1.13579116985916,-1.89238797008871,-2.58841817664644,-2.22659241059214,-1.67017275749754,-3.50892466189359,1.43932206570096,-1.95992749618623,0.767484552459954,-4.97811801438515,1.05856598037874,-0.99747745136418,-0.817261404200648,0.307797600356998,0.0284845308917937,0.35389820280921,-0.934126824870286,0.922037918088262,-0.180255030944776,-0.281719118183751,0.299285024105003,-0.263801330349534,0.150155943031014,0.292112166465648,9.29,1
157072.0,1.98904644297768,-0.351124687687372,-0.39110650294195,0.399232708923607,-0.461146346259835,-0.151131760990457,-0.594927070571896,-0.0169302489034198,1.32360408276461,-0.199357454241146,-0.895499226101859,0.907686666020206,1.04647937686801,-0.395212625291086,0.422748844264274,0.0722423932646432,-0.590981361293938,0.137306729465448,-0.209560411868264,-0.131682337378745,0.195350624505544,0.82664628341883,0.138120852459804,0.781757307470193,-0.0411675961785017,-0.249381870343112,0.0426069051615915,-0.0277567093961537,9.99,0
65285.0,1.21017943936463,-0.95890291632381,0.748854943676904,-0.869183035436894,-1.58507636162533,-0.78873690714658,-0.7552793895138,-0.177819075339554,-0.500093366601135,0.493968806673843,-0.411759842420838,0.228780228292728,1.18437925008127,-0.334963863571069,1.18526620580493,-0.991607650518003,-0.185546629924736,1.22967095939322,-0.901615954220908,-0.214382062475732,-0.145095294269741,-0.0580382528070085,-0.0546420208643863,0.488757238393325,0.0825987572381993,1.44465821687093,-0.0628104162043199,0.0285412723219795,96.66,0
143040.0,-3.19897991229e-05,0.661197020696341,0.609931373971507,0.0687185107784186,0.111420441956004,0.300847380628737,0.0598074648783894,0.215652522429472,0.764256358856288,-0.925958821119516,-1.45168523699973,-0.404679310435728,0.419237535133968,-1.63050599958263,1.33141638394487,0.609515613786087,0.277508821465465,1.26118120267085,0.752502644808901,0.275738051885522,-0.037951556771272,0.146433513302496,-0.0592237151735333,-1.17796502824972,-0.436719504285272,-0.222234002611612,0.405939554312783,0.162757920172311,43.1,0
32686.0,0.287952771527529,1.72873464521162,-1.65217304572257,3.81354418795523,-1.09092715391318,-0.984744665624589,-2.20231792699069,0.555087932252191,-2.03389204830362,-2.73415555507211,2.36843367282003,-3.65680265130054,-0.169534683304731,-4.74441333023745,0.765192829294304,-2.47951355643698,-4.93111196829858,-2.54740252736051,-0.90268980289448,0.265250210286539,0.262201510185118,-0.633527564205563,0.0928910102678184,0.187612655556196,0.368708354409639,-0.132474029018571,0.57656075692479,0.309842705461879,0.0,1
61952.0,1.23208663537361,0.239121056023922,0.406953339576828,0.786661103325361,-0.683389967577306,-1.30049069237421,-0.022429021314187,-0.127444713300683,0.269413744984371,-0.232859735346898,-0.0666878746059927,-0.568098066919655,-1.54332431853137,0.0727849883815889,1.25797905266986,0.463824239928811,0.211015261421294,-0.195425305407111,-0.309646745708717,-0.201005792190728,-0.285867120824133,-0.910144048052284,0.190175730812996,0.624619252441085,0.114680593204661,0.0799472447273089,-0.033839524640014,0.0304504862134649,1.79,0
49668.0,1.16837820901055,0.263660345827982,0.419788981202149,1.38350825429607,-0.0795514166378012,-0.160484223365537,0.114407460993512,-0.0547740474142204,0.183821200642535,-0.14491569438555,-0.420244119749811,0.905705105660733,0.580294998933651,-0.0763178521709986,-0.171701514991704,-0.755042760950052,0.220927448577909,-1.06387118965564,-0.369970911378292,-0.147365360056181,-0.0948525988192059,0.0015249126873389,-0.0699434601419538,0.108697289840936,0.688520002085929,-0.314698818152835,0.0447795462101481,0.0172686243539027,7.0,0
172349.0,1.50016614550265,-1.1332646655552,-1.66478380634718,0.477474559117965,-0.463466621842169,-1.09869171924965,0.425555384174961,-0.315566827943215,0.590382813405452,0.0763164171748577,-0.651137579126274,-0.630192247472888,-1.56707634206133,0.82494322300786,0.8614649461164,0.0726610450733868,-0.259996305586422,-0.111015871723176,-0.438626965553742,0.306956091405371,0.387239187763583,0.450673535136126,-0.110802992356888,1.19140335869657,-0.136611407583366,0.702337445837587,-0.160832739827061,-0.0118593352037006,299.0,0
164749.0,-1.55445583288522,-1.00573416183056,0.383238545374402,-3.52421863250032,2.41481783047814,3.79536432194711,0.838725772698423,0.455158249821354,0.784026904750946,-1.24922095748235,0.032197162161049,-0.232832390868448,-0.257628881682131,-0.504021677978667,0.802108289775351,0.504264087579963,-1.28829615271594,-0.0698224593565381,-1.1945030930311,-0.0431155697998308,0.0247397789434305,0.371549828649443,-0.463771604011374,0.793024968333584,0.602788473609157,0.610755880052007,-0.270806248062617,-0.525058529471449,260.0,0
153096.0,1.89987362617112,-1.16763579439219,-1.17646049039892,-0.300060466071734,-0.560784058982748,0.0584655775737977,-0.590162303444407,0.0321988890071018,-0.425578726438079,1.03111468176358,0.137880118439409,0.15866022565437,-0.414696339809156,0.309531277906598,-0.425567824573295,-1.04155118302889,-0.526702194091153,1.71965772922077,-0.487210945666455,-0.378143816855357,-0.312523015917095,-0.653542367830282,0.184710290008074,0.311481207801631,-0.343198027106046,0.187564666501646,-0.0504829929283895,-0.0361919487442363,126.25,0
128237.0,1.95073969773074,0.0963595166797085,-1.76440914460493,1.2042009307067,0.684503095340827,-0.574614032822124,0.605472872699456,-0.279833515223524,-0.0991699347051722,0.399698012530336,0.442949848441159,1.11007070383298,0.155501030771173,0.628808498956645,-1.23275148329451,-0.442391268226774,-0.54587436633513,-0.0808030593638496,0.202855669414564,-0.183552274312631,0.100224932136686,0.430981490046149,-0.0976591865164577,-0.447138032893513,0.483611724199525,-0.487127577758132,-0.0224049861291153,-0.0696102100249884,41.43,0
30233.0,0.482211932218583,-1.898212852799,0.373892612381398,0.752688005986867,-0.978827165356297,1.56219494265079,-0.585539361301648,0.328232850495544,-0.394610291348193,0.530973642567541,-0.238325225718062,0.875529358366912,0.757721730393125,-0.447831413469209,-0.964823917883493,-1.38720053360792,-0.191961843483318,1.48881781346667,-0.551838779086476,0.293720758214735,-0.293412258637651,-0.988919534843567,-0.382158908892338,-1.16761625553747,0.240393562583761,-0.397844668895083,0.0357974088339646,0.0856344813492081,407.14,0
80783.0,-1.4836198577268,0.487481844664075,2.50546882455887,3.24225730419773,-0.203711487272813,2.92722390162608,-0.89137594693823,1.49588665402184,-0.178031885107364,-0.0859690431699648,-0.805890976822929,0.302034505381855,-0.841739009445,-0.382307682499448,-0.307839957746435,-2.07375930973943,2.34687594502294,-2.17294791180142,0.0585463587594405,0.190454618188814,-0.0753709481309757,0.105617947835998,0.108278335155261,-0.963742613845114,-0.120705892860819,0.371074098642266,0.318113095677994,0.0325558499941284,65.07,0
57599.0,1.05876596341859,-0.773026660692042,0.89788618157152,-1.33620806532479,-1.25222897130286,-0.235031793961693,-0.745432394212561,0.200410353605306,1.6302418919182,-1.07388844418687,1.74753172957429,1.63649938736232,-0.0253447769231368,0.0214041643590221,0.871518728955543,-0.543289820057281,0.0240236790446461,0.0423474196596304,0.578822566864051,0.0093485920907796,0.109114143449356,0.429262686565474,-0.0250201878988636,0.280144881964143,0.2148795758139,-0.033657465724691,0.0485110905353226,0.0245489830138223,60.5,0
38000.0,-0.358355687383082,1.79356714828,0.626741227936263,2.94299542440497,-0.513879972783259,0.743552592674621,-1.27875643118255,-3.94517674357858,-1.10466261707474,1.45914102871165,1.39056306916375,0.996646712591952,0.274534160802435,0.713706282534184,0.378026179698976,0.183332840284205,0.0189865086746241,0.476155055436424,0.543403439155716,-0.72495895478049,4.01842566974847,-0.686647214922127,0.4751708420233,0.497922268339437,0.0815841706214225,0.237355425170835,0.407819468663134,0.328747595645256,9.42,0
65914.0,0.130305807740712,-0.17170736915008,1.55345840963341,0.441094784657627,-0.559353517796862,0.278535502088766,-0.377082711738871,0.17579801535737,-0.987314367854424,1.26146667923932,0.717974898901924,-1.12073946210568,-2.30412225525445,0.508640657144718,1.07540754409655,-1.59754265645697,0.0116863121809854,2.19408130898464,-0.414362192777812,-0.484589880138983,-0.0290455073609046,0.497280493179902,0.199924135878291,-0.0796930253379369,-1.52817963568716,-0.388859645902417,0.161165627143293,0.0284792426159527,15.0,0
167496.0,-0.629820944461574,-1.10883709769699,1.9664579001179,-1.06888109408847,-0.88587431477891,0.699480458847933,-0.364476740191097,0.284844565018826,-0.246215535743421,0.297237905166168,0.260114367805838,-0.797054513111082,-1.50447994761859,-0.115112926884902,0.716838781747853,-0.862950335413103,-0.694598199173748,2.90268898601438,-0.712832666109556,-0.0462257089780003,0.0846387181697726,0.46965408366102,0.357495928334941,0.600591866860783,-0.710969401585399,-0.317246014630315,0.0079698827686274,-0.019869179024434,161.15,0
161775.0,-0.0815050330454274,1.23235464582969,-0.517024197870826,-0.616888655394277,0.937899152456053,-0.737313901859201,0.984420650647034,-0.0958878371472109,0.0836904667679518,-0.547437541142792,-0.580848040427974,0.106721397351392,0.397731223939087,-1.16174539216845,-0.217243862256975,0.244125805662745,0.378997393415991,-0.357959045281236,-0.320935327980643,0.164345458164749,-0.364380662810005,-0.806784436078407,0.105466717210104,0.50626300942445,-0.366616176503784,0.122802568684611,0.335090196515454,0.144050481492462,4.49,0
38986.0,1.41303626329139,-0.667259493995281,-1.60630063080985,-1.81933271458143,1.76491190397242,2.93490768619637,-0.621743171012441,0.635865720457767,-1.24999614353522,0.682599579887696,0.0842994801904568,-0.677505836798246,0.100692472951298,0.233097943695149,0.665212499385543,1.21297411979249,-0.116332720479809,-1.46263341622977,1.15466460573343,0.270230115390959,-0.198036866413908,-0.942395763762727,0.0246262813805147,0.98280062428535,0.553974098537761,-0.472662684535221,-0.0249840854281702,0.0123295731841584,52.29,0
34647.0,1.16300999437488,-0.265871295610113,0.780387109760622,-0.15296044207163,-0.844842726619343,-0.269082421613916,-0.584036390404362,0.183659161367884,0.352551775400044,-0.0634091849651001,1.69552667687653,0.629253629210475,-0.697297270449864,0.416961353998468,0.972985180389622,0.353407477883448,-0.274958562622882,-0.0569745004608696,-0.269735559464188,-0.121807956373813,0.163227688486767,0.468831062878121,0.0294273346032204,0.286422351677784,0.0748671727107759,1.10460846330596,-0.0550928719753814,-0.0029912065510299,8.49,0
166306.0,-0.321249224705316,0.988426206044946,-0.207190820307519,-0.725254159718565,0.212962630876295,-0.681329579907634,0.507924138885995,0.433300189693293,-0.325254164954816,-0.445109479961454,0.195236663903831,0.432917638332514,-0.796010534632433,0.773013447170006,-1.02724055097205,0.35877462611531,-0.559577155785321,-0.0055655382756093,0.325670922362673,-0.169385533892275,-0.194229610948552,-0.597473172609413,0.0969117322121233,-0.367549315720734,-0.478455372869536,0.145791272013577,0.110013193434384,0.0206176660744292,9.51,0
96151.0,-1.20612126674176,-1.56459977992726,0.881100545347893,-2.02521924499319,-0.497659183402548,0.490843822608585,0.381964479649044,0.182230804217565,0.46123272620535,-0.644305704201013,0.843574928113372,-3.88480996621945,0.236324013238679,1.36890748793247,-1.29459301484319,2.03646120678349,0.0386410275425704,0.471524764024769,-0.12826503744967,0.779653951085762,0.553097263973594,0.877790003534321,0.594982295862005,0.0772191246705557,-0.0120943900639345,-0.240420025030078,-0.0483698103327959,0.162402609847362,342.8,0
83956.0,-0.146847230943157,1.49150485678254,0.844680092886281,3.08244799818149,-0.123174372252802,0.194714965522976,-0.29483272476414,-2.86542713568368,-2.07800399338335,0.189237672030759,-0.407563114754369,0.0439052166842476,0.165111202632492,0.995816634188194,1.03190853006674,-0.139960418449913,0.264371571610337,-0.26566522784484,0.550593823070402,0.905738240544927,-1.27295491272443,0.26527290138099,-0.132811502880763,0.405243283821651,1.42968380188039,0.446405428258409,-0.0135975300606911,0.181823271899752,53.89,0
140090.0,-0.429552385911845,0.512229633153995,-0.420575740680236,0.902363696833268,1.41258690826022,-0.297971572622356,1.15870844351079,-0.37158691833771,-0.217425111289942,0.724881222136589,0.430998702247107,-0.257459333363214,-1.78412831217394,0.65882552510271,-0.809538365474499,-0.949600126502989,-0.20238718190039,0.289775104169421,1.06696450684712,-0.351318075412175,0.149918198945717,0.791808296371879,0.172532946896429,0.676664828827879,-0.856868500012038,-0.665629235546998,-0.242913515795718,0.0837570701094238,14.99,0
30916.0,-0.843027247666138,0.677114305122622,1.56915851199854,-1.13015128717054,-0.359941222141318,-0.601731057776907,0.688474630862457,-1.10534058287118,1.34193500800974,0.011260528658166,-1.21406119943506,-1.27036556526468,-2.8474864968788,-0.357747836651158,-0.727665426925836,-0.220105902501279,-0.141420680650571,-0.384504357482073,-0.294409161203842,-0.0837097972299075,0.54015901108042,-0.288266847865322,-0.105573249349633,0.382712223179975,-0.23337916565667,0.863024382012793,0.0965842280915732,-0.212046957369018,29.92,0
62962.0,1.1549064059186,0.288864511996401,1.47134184284733,2.40542034484226,-0.642825886383006,0.330525398455014,-0.68387353760326,0.155856782147421,-0.146942507826688,0.610923765388167,-0.972011637150275,0.0784986005524924,1.02464283687006,-0.386717431234339,1.05884214066362,1.41867679463719,-1.1544874220515,0.541122356459218,-1.24001189589012,-0.0569443332246541,0.209286800962493,0.635551591785648,-0.0978995879710323,-0.095738289225066,0.338831164845563,0.139104074127797,0.0496341859542339,0.0389041915837323,7.55,0
129972.0,1.88200340533378,-0.74567873546485,-0.724014964693991,0.0443632097487169,-0.439663464788903,0.208831688344078,-0.734898502362877,0.204458969506182,0.986994275100721,0.224108379653252,0.300661937599357,0.176709171231662,-0.858476195323028,0.300329186585461,0.376255316039235,0.944360101089671,-1.01576439982867,0.878315904924887,0.0781297916286947,-0.0621759623990087,0.221623237075737,0.509062340813817,0.115435118212442,0.306276080193341,-0.362780999920067,0.622384302288409,-0.0643250590231698,-0.046878070169655,73.0,0
4569.0,-0.895104865113679,0.90460223979927,1.93314460140463,-1.1330156572596,-0.213778337826934,-0.766719681301465,0.504680819114406,-0.136510016317537,1.96707570104467,-0.453184408475248,0.733675231899782,-3.57089120281097,-0.592758111954711,1.54024481672679,0.281289566658954,0.163997600294061,0.458049817479059,-0.421087265863875,-1.38083091600334,-0.005913770897638,-0.271495909415877,-0.368697579734211,0.0033990738775227,0.310212967127597,-0.543922741615915,0.659908467899919,0.0392401872588859,-0.0023658791815467,1.46,0
152464.0,-0.981010118833121,0.0921176286683545,0.337420362056318,-1.19536249723885,2.35134882701496,-1.41700253733386,0.930316201296124,-0.318157188381071,-0.155196344323212,-1.26575953198533,-0.786215999731357,0.0582263448552004,0.423723615763363,-1.2914330692701,-0.903512423331752,0.614275154817032,-0.185504567834881,-0.337423433207647,-1.18901324305199,0.130284154135153,-0.259042674074876,-0.861861957504003,0.0271495189723717,0.482320068756376,-0.18504160688448,-0.0798898915498738,-0.143388642264961,-0.0385959211580865,1.29,0
13273.0,-0.459479369539786,1.07997401379027,1.9069505783928,0.311634896253596,-0.34473734529825,-1.18653319436059,0.549415430116559,-0.120539555507934,1.01364300257294,-0.65261979739398,0.844113569221806,-2.94316793187474,0.519908534048551,1.82011400910909,0.188300300956174,0.0635039931834869,0.593397170710338,-0.1219655918335,-0.383334178270487,-0.024556394172776,-0.353635071890092,-0.770341890276915,0.0746423469368535,0.808404987317505,-0.322868463791182,0.0030970218478298,0.231327088053673,0.118078010851174,4.49,0
14504.0,-0.307783738211988,1.29286455678085,1.2344368679437,0.132866953226044,0.470366033049143,-0.614225531016938,0.6673661059625,-0.176978238058843,0.771162454650078,-0.910101992531359,0.432216719734024,-2.21153575114728,2.88735541524383,0.76762130782109,0.0824932830093071,0.460864684911252,0.486682553690475,0.183059309939809,-0.0986498162543745,0.156492197572353,-0.436916916518865,-0.890298091922832,-0.0806404085163591,-0.236861286559507,-0.0766652722367104,0.0631446587031715,0.224695486694584,0.0888782993946107,2.69,0
10956.0,1.26209251855097,-0.0284140153846992,0.561147560712364,0.0113831095552209,-0.321541567935451,-0.0293678553982484,-0.516022106582227,-0.0375935262476159,1.44366303945135,-0.367426295817285,1.70272884656156,-1.63460395509692,2.44407317573727,1.50396425560922,-0.125797510298288,0.896421217322399,-0.290510496387946,0.847035771311551,0.193531094804016,-0.0053424541294886,-0.0622476941337043,0.0786035653182223,-0.137404526931167,-0.463799695532397,0.307045590721548,1.06312109725123,-0.09040262295613,-0.0114855393380988,15.95,0
45567.0,-0.591024365358844,1.37040957461682,1.3297807773928,0.0767755701558721,-0.143133946569215,-1.14066957930617,0.809514941882475,-0.139124365167032,-0.359677308222366,-0.236768771482676,0.249830081761383,0.489021357557601,0.916676522348178,-0.651054441088372,0.792342519754387,0.230195404882842,0.0678130979651316,-0.36517229044878,-0.251085695392829,0.28521958833539,-0.263812670822239,-0.580657721618714,0.0304322136641897,0.68022476598635,-0.122828239271781,0.053575598834895,0.362099856885733,0.16129299988083,12.98,0
129235.0,0.65089298845536,0.765197840527894,-1.46326089920074,-0.893788616494022,1.77876638954536,-0.223073403980669,1.30874918626489,-0.240675089765622,-0.703234918476971,-0.224464596565707,0.0872468154432881,1.02853419609404,1.10004878911097,0.342859747636992,-1.55268906999268,-0.218288119677193,-0.873084721545723,-0.0858195874515888,0.359979197271012,-0.125990682920623,0.210559811067636,0.771454123179323,-0.222032219470281,-0.102093118181178,-0.208075113321438,0.547226952608912,-0.0335696157468396,-0.0270638630118549,0.76,0
75535.0,-1.60224990034759,0.845245078439058,1.89795974526331,1.5477993492811,-0.696512590070178,1.04173700304344,-0.209032776832599,0.540011216443949,0.769394937327848,0.325779114008449,0.646812653638432,1.30717481222097,-0.573377953972171,-0.625525556198313,-2.02558204350016,-1.48830605922187,0.994115713268992,-0.634789467422741,1.51362378119866,-0.136745976647671,-0.259519665554771,-0.240047655416809,0.110193454769887,0.218938359600969,-0.425836583912589,-0.534747447523237,-0.49284678050049,0.0156087147831079,32.0,0
75353.0,-0.347114995386082,0.64298379399087,1.43702474384225,0.0438736103221146,0.0165476376458425,-0.333314499020885,0.57344385938049,0.0318894244363714,-0.359167363638982,-0.523251480330879,-0.351026560250724,-0.182035464471563,-0.193643001771958,0.165865949396087,1.08832284812055,-0.139194333654976,-0.104730664010743,-0.343093775825274,-0.541951981568746,-0.017431051700078,0.254175814324005,0.717301450744969,-0.161640892517479,0.128704574629034,0.0579134390534591,0.506089941672839,-0.0004683314217296,0.0164060704738294,33.8,0
148633.0,0.0982031430662653,0.696014353059142,-1.6858224737706,-1.54333344957933,3.13034460353987,3.20784958340181,0.362594032897528,0.920176076788004,-0.161302738506907,-0.804938446690181,0.137171868505655,-0.156621354600694,-0.427634953276647,-0.751103183202793,0.156279691737839,0.215768851042031,0.352113954262307,-0.373524548868068,-0.400107746142934,0.0602007145690273,-0.331181514424555,-0.907604280607184,0.124467287271382,0.592349766010867,-0.421297438952335,0.164034135406767,0.24336284998031,0.0717794308881547,6.28,0
70167.0,1.14614067902827,-0.0121010112133175,1.28978810480634,1.34175046381222,-0.947893563472686,-0.188980771833694,-0.527173012351791,0.0665921907306176,0.82828332026205,-0.215658751972866,-0.718852564188079,0.703220769120587,0.449087315254524,-0.441429216291769,0.133240092995275,0.0588180487268276,-0.271523980124139,-0.112851190909229,-0.215536880211457,-0.100042472254843,-0.055425474394366,0.0588112045299175,-0.0123302966180418,0.407567056445627,0.42764333900355,-0.411042069549814,0.074502059301666,0.0398656314791818,12.99,0
129808.0,1.52207986461923,-0.51942947320952,-2.58168487999205,0.774741045624737,0.206721720660857,-1.43102011805619,0.757011225164691,-0.444418034237894,0.997921025301102,-1.4294901237515,-0.375466188651408,0.17909486429195,-0.148448551372914,-2.13515486441111,-0.0449156938101637,-0.0553327528802965,1.77869660251824,0.671832434178931,-0.00202115788658,0.361168932269551,0.0196494069605455,-0.211678284664816,-0.24745192402646,-0.279471886713974,0.239646122725123,-0.50839814288348,-0.015551488169813,0.0418807020330689,276.17,1
42568.0,-1.92511912606851,2.89700960514531,-0.78805243026419,0.101779896759439,0.576877962721637,-0.806231849990981,1.37653811419618,-0.592722802563946,1.73631394401796,3.88771668070225,-0.629928124781274,-0.0240860547377723,0.726821445348562,-0.901717564113872,0.867795701591056,-0.805767403145012,-0.779992840110126,-0.198288100961987,0.355333334023569,1.60477824004684,-0.356455353812278,0.406523000669703,-0.061145941247232,-0.349189130651753,-0.159576299479536,-0.439665284562445,0.707508773599478,-0.127511613835614,0.89,0
42309.0,-0.911806501676015,-4.29066065611674,-1.61286828926195,0.279438593249671,-1.41525435274381,0.337204369208033,1.35294320632846,-0.475711472716456,-1.03843139716653,-0.0114306249467935,-1.07918966663504,0.357252230846547,1.49372096772264,0.072596239356718,0.311211769896088,-1.73351859204125,0.266923790260965,0.543389394095056,-0.89852593170389,2.01885266844022,0.266827798508562,-1.2811852752161,-1.15623797613247,-0.630241861501327,0.062680159617237,1.0416274374432,-0.275057846865496,0.198522259591682,1214.96,0
159197.0,2.01143177764437,0.0902190662347362,-1.61288284621444,0.337718579631917,0.399977706843208,-0.578660834131872,0.057197311353033,-0.0631912295726682,0.251837243225302,-0.211787100348309,1.30572658993841,0.80441409008027,-0.261868900502022,-0.590504567793751,-0.438334829506138,0.411829072743225,0.355750850314477,0.0657549249497572,0.204807638086698,-0.171105576364438,-0.297967210535742,-0.792347501273997,0.35903502885854,0.604595824451922,-0.333899521567293,0.148996611968005,-0.0643668810854232,-0.0399050437658717,1.29,0
43868.0,-1.57942187710948,-5.7518480258752,-3.27883954580739,-0.41436346964434,0.12250511422435,3.7334620875997,1.25120790635928,0.290313650255477,-1.08225548109726,-0.0963825522405288,-0.236368625025451,-0.578054163767967,0.279376264383442,0.291985222246522,0.150414607162532,1.05769800495991,0.166623449514853,-0.899132317319761,0.680802701065008,3.39796175497932,1.0573601775882,-0.647728338554579,-1.59656354281343,1.13775606236162,0.367976571924497,-0.218914267911769,-0.306000701764904,0.273031221450376,1594.74,0
163890.0,-0.316193378370972,1.03222638112808,-0.157626823089456,-0.511527176741709,1.09527000209424,0.684232406298479,0.428796684855635,-0.602842542560001,-0.31822364176588,0.0688382913357863,-0.250310165997454,-0.0760870981377718,-0.705397629656374,0.554815061034112,-0.209058578834228,-0.0509289841737948,-0.467073276214882,0.340503773040793,1.75384871529763,-0.0248790329939176,0.505949507662559,-0.862514996687889,0.0554407670818772,-0.435743504234381,-0.624722898835195,0.340562297355048,0.412464836388866,0.234343894748968,4.49,0
135420.0,2.08397042240778,0.784088380585841,-3.01861297887522,0.795856596367148,1.15372505816442,-1.84196239827537,0.902104525896612,-0.567533315430543,-0.153186775758232,-1.07595473847636,0.541548243564121,0.334846448919324,0.71587108925799,-2.59650983243595,-0.137407577507185,0.172474933243774,2.25497772913141,0.305719358640916,-0.449194105416955,-0.0744120086972998,-0.0339563986647399,0.156448188180394,-0.0086953064227463,1.00436422863161,0.386060930571946,0.652489453236249,-0.0745457511537549,-0.0069048957857283,0.76,0
36281.0,-0.88446337127017,-1.08490916691118,-0.807605424548404,-1.57814026644864,3.4690810212941,2.30973613593862,-1.05587350330434,0.809693302613613,0.982971889661139,-0.687740310562341,-0.26790553517189,0.471972917788171,-0.029673552927511,0.30445088809501,1.30476373199664,-1.03052085161268,-0.15205377923853,0.399633703092603,2.2898434651466,-0.024850657235494,-0.0748148296248458,-0.0776483629419212,-0.0358661174191685,1.04168912572361,-0.936122910416689,-0.88909287837873,0.314631181133671,0.253143130445214,1.0,0
135289.0,-0.615776603370268,1.44214763100119,-0.242823246479808,0.049709438555301,0.803752793066517,-0.501743503271577,0.664554727487147,0.188452318351582,-0.860253360854425,-1.04156716798929,-0.503500697248446,0.63114308525865,1.52010315467514,-0.843841098796297,0.308214812774715,-0.171959046098308,0.966536743780196,-0.246045598487057,0.999106533406816,0.0448843369980887,-0.188695685183318,-0.59365299695545,-0.0158667152719859,0.565756009075462,-0.475021689143081,0.300182982619308,-0.123067708299331,0.107582635945333,7.13,0
163143.0,-1.43767147686361,0.486867433166085,0.496164909153484,-0.295466624838386,1.5469486532946,-1.44478869110187,1.26987700622025,-0.936477532519581,0.350408360643266,-0.360704378058875,0.0215560514625318,0.467137977332098,1.15258180936984,-1.94342899141555,0.13732195862715,-0.186766025735613,0.293569987581222,-0.321083286856093,-0.0099330664251858,-0.22672652241729,-0.552408182025463,-0.902853167639829,-1.0384725133206,0.0058430860972937,0.594120177580446,-0.610514408801888,-1.10537077039643,-1.39994457998746,9.99,0
120786.0,1.9736215206349,-0.588805841337802,-0.623437287662704,0.14233415008569,-0.286136555395424,0.498523665964619,-0.830251219520924,0.238441347394803,1.08496923141068,0.173970645474375,0.0741514209665695,0.624054443708653,-0.132652078417232,-0.0494788346451489,-0.225909498258296,0.742475018940124,-0.968321629434453,0.774462761632453,0.271246888026843,-0.124150750912532,0.169814232980921,0.596623003942254,0.101606742972134,0.139866617112206,-0.223770049351182,0.553981198437671,-0.0333489028308397,-0.0546344461641706,23.0,0
29785.0,0.92376442016477,0.34404807190464,-2.88000365579163,1.72168007534123,-3.01956477860235,-0.639736122583852,-3.8013245024591,1.29909588513018,0.864065471140902,-2.89525166830126,3.02816223099618,-2.54917730779636,-1.56043182473423,-2.97131675769274,1.07889539651163,-4.70201182527384,-4.90809850732764,-1.5088732903485,3.0016850593747,0.170871765618069,0.8999311755668,1.48127100376248,0.725265549161058,0.176959582872624,-1.81563797523647,-0.536517111308732,0.489035020411905,-0.0497285787992942,30.3,1
134456.0,-0.943161405126116,0.251227853854436,-0.413893777557349,-0.920908150836332,-0.340699451116769,-1.05402847421724,0.319330911656698,0.152903343558402,-0.9620288590755,0.461760157312027,-1.49749337273577,-0.240532263120778,0.343228883217078,0.389610814345526,0.175652849380237,-1.84993019863837,-0.0081520578954242,1.65819457497652,-0.643367755550478,-0.271757731397781,0.0558728507268058,0.773063083785878,-0.128299374582889,-0.0936734059411306,-0.308226824505254,-0.0426221117530035,0.48251882273677,0.258520868771207,79.0,0
148584.0,1.9007678821902,0.541718926792891,-0.905249225303618,3.47926036996924,0.899635112972553,0.634235625861475,0.176353327411284,0.0931559868740558,-1.24526702171272,1.58613191452435,0.146282429340961,0.456569339408196,0.151852194327964,0.399487039070583,-1.5260682042219,1.12458919177238,-1.16717925690696,-0.160497323759217,-0.864516251737659,-0.209969191974045,-0.248220799173093,-0.800452773684975,0.312508908793192,0.201538337263067,-0.207900779254887,-0.370417281468772,-0.0473130806800955,-0.0481432630935792,17.3,0
80210.0,1.13532151380585,0.142539767632473,0.122710771160044,0.474669725362096,-0.0030136319611658,-0.0784561808538612,-0.0680248202710453,0.101293496371189,-0.196013866003519,-0.168497563220977,1.5378110752664,0.845141755666506,0.0826290275457339,-0.0553443117244555,0.68492711645167,0.48875781272288,-0.0923709166624011,-0.124917413946658,-0.150267525294398,-0.0356542686148005,-0.213124757316947,-0.688959145628672,0.0797216605637443,-0.355196555358443,0.143186115538342,0.124495409562006,-0.0172260842521223,0.0188850375683712,32.0,0
163139.0,0.0209031605975145,0.77053291770848,-0.748044011476808,-0.951362732880347,1.77723476235639,1.2481513101066,0.560708160026118,0.54259265781911,-0.151038557008408,-0.771896815635902,0.968271869968845,0.186439870389716,-0.839459876309682,-0.611697251483034,-0.0427238262881325,-0.132442964067757,0.771790209118544,-0.770746059862222,-0.776265533639643,-0.102318939179036,-0.259022773938363,-0.56030314605234,0.0980092450415619,-1.07016489520283,-0.614581850235044,0.226786260122018,0.262987581037776,0.055519033177704,0.89,0
160327.0,0.433504148725074,0.620273403568988,-0.103399451784586,1.0123992583008,0.789054170896775,0.690048496083641,0.267624769422147,0.0748730226618511,-0.344137218952433,0.146294541312136,0.272413213891055,0.569973312870596,0.971620303219707,0.401399381575735,2.72746389417308,-2.19979695152573,1.26135098584487,-1.12831170309046,1.14795876303486,0.0839651072923012,0.450693701850753,1.63245154042647,-0.0505857268135249,-0.87777931551625,-0.491710157104838,0.352976008758906,-0.0023234733245048,-0.0154819907909668,4.16,0
63757.0,-0.534756551872194,-1.12789069473328,1.6028620601238,-2.19941119281449,-1.01968711085352,-1.03001893101461,-0.501844831267143,-0.0786762366378562,-2.03539859072236,0.807876740381026,-0.808788318478545,-1.08641624713245,0.60511582255478,-0.616355565289428,0.0929054386755884,0.0122862714318416,0.0665887500788093,0.4433355269038,-1.0664729449116,-0.0704265382535676,0.170768513183767,0.581047710492048,0.266583877541225,0.36143043603591,-0.6059138328135,-0.374566067829968,0.157509146560597,0.201050890906016,93.0,0
22397.0,1.03499109841632,0.0004115968593714,1.31164081727759,1.4536997829712,-0.727097269571413,0.118626210533504,-0.643169985522776,0.0858975546140561,1.76594561494372,-0.435869605874009,0.716978265296018,-2.23221942062249,1.8200519098124,1.42175183108515,0.940905602187122,0.375140980820685,0.294576490353729,0.194099817821189,-1.29696974169956,-0.0860157119406864,0.0286010685441082,0.288762548302849,-0.0166490634523921,0.0181988579361833,0.227364776959251,-0.361962921101841,0.0437631182013995,0.0401736265651619,58.0,0
58050.0,-1.80641674394701,-0.903096021492878,1.45993576687027,-0.376546329856732,-0.989860120735105,-0.458738317751258,0.258318451985733,0.486081964609925,0.384478462591801,-1.5083246443498,-1.1194637433031,0.767026224812535,0.580063264964934,-0.409370456017398,-1.01929520201722,0.158734570228036,0.0270288202968814,-0.445913158951873,-0.123815306339132,0.596590652583735,0.148848541442405,-0.199972338873237,0.582286567066444,0.453699884667325,-0.435045938174491,0.724086730388388,-0.112702586881467,-0.0383919166024681,252.43,0
46240.0,-0.504114984544268,0.258373304438679,1.30373465613153,-1.27149685228776,0.208321005430397,-0.0398593440766849,0.21898252118861,0.299791396807454,0.0392610348880319,-0.567592257530486,-0.240346942604364,-0.984256984453272,-2.16428928771975,0.550443476717004,0.257699855382379,1.31392506818342,-1.20725313379479,0.850053353254952,0.195115750927066,-0.117845342125254,-0.111660606832129,-0.609393804797012,-0.0332619243272446,-0.883848859269061,-0.61529958698202,0.652868946972305,0.0154505947353611,0.112184449739958,24.72,0
52248.0,1.07434634339157,-0.26974083244684,0.607649454156158,0.738486320876065,-0.921824133083748,-0.818511789115039,-0.192205980463484,-0.0656336132182957,0.498005067978695,-0.0652753528446621,-0.582010259808688,-0.517696579591061,-1.20050347698455,0.400429474403757,1.31744099522573,0.487312081400348,-0.394308574168747,0.0615303766042063,-0.332578460826907,-0.0087722629380077,0.0446026221643972,-0.0932388881278815,-0.0611061809166232,0.382508894797442,0.259655490100004,0.342491602713717,-0.0407598675225936,0.0317891609610084,89.8,0
36482.0,-0.134445744755874,-0.561826132660578,1.34599898774931,-2.52662428356729,-0.523853492198098,-0.317074840132511,-0.164627522110223,-0.103132409305647,-2.31498912641251,1.38595005574929,1.41404514387676,-0.0288869464731245,0.97475302765515,-0.625566629359006,-0.622767552315702,-0.413147304005609,0.0906551959713995,-0.0346251462134332,-1.00581782833321,-0.0852239460165818,-0.110615270909763,0.272838219963284,0.0453617942890602,0.0019255477648169,-0.30077330701919,-0.425989082023146,0.149519680836418,-0.129259094774452,30.0,0
60765.0,-0.869447798729854,-1.58029423817563,1.87107521754797,-1.25523159189953,-1.1543528395093,-0.0020750685767784,-0.690529806705256,-0.0818181452018547,-2.14066105149373,1.72999944744479,1.43146309498202,-1.09349551487158,-0.615177857644432,-0.306356653280042,0.919789620940318,-0.760197908015715,0.774696700699028,0.691160912929216,0.577393933332663,-0.291664395009416,0.0417537210244121,0.751615074545022,-0.0817530811275508,0.224265936380126,-0.677142129919603,-0.0571026952241337,0.0988936237365143,-0.167662156884642,178.0,0
58222.0,-1.32278906321956,1.55276821126964,-2.27692070362638,2.99211739124618,-1.94706392017319,-0.480288250384527,-1.36238752318047,0.953242226598613,-2.32962885992389,-3.39355348115172,3.1284396921776,-3.57039373078107,-0.595198191474463,-3.98841505479623,0.995905842419722,-2.84378455855144,-4.82624611607161,-0.703883464864473,2.15221455770756,0.988493486888991,0.614968996752659,-0.195199717277462,0.590711261700839,-0.233377663885038,-0.164285286785183,-0.27749787053455,0.428610084734921,0.246393746180351,270.0,1
77197.0,-0.583778491143392,1.31177044498585,1.3269915772587,0.083132706642457,-0.183004509485547,-1.19223298216746,0.696366011765065,-0.076495418197121,-0.210204865705895,-0.199739058944673,0.0840415623726238,-0.0203932336264811,-0.0499121551060413,-0.458195088713503,0.896571284684491,0.270902941044854,0.124716044421754,-0.248263873662373,-0.243355580160082,0.222037967212486,-0.274019474775564,-0.660014193164187,0.0345168211702914,0.653497629180435,-0.157033490076185,0.0565921522520244,0.350635690618987,0.162825206038177,1.79,0
51434.0,-1.41371927863353,-0.484431343170466,0.411232351561238,-1.72359967911149,0.748871051551081,-0.88547305595159,0.0039193841111253,0.170139907073557,-1.75478079518062,0.312721387383848,1.03985049177819,-0.228653125520959,-0.219544903647216,0.346241822868056,-0.609348410480151,0.948757623084459,0.126660341736758,-1.31196116300415,0.130588157408813,0.0331560509367563,0.381157421227405,0.808584070905777,-0.437937741677518,-0.250508957119048,0.0368363281044949,-0.300514307392515,-0.286940700148883,-0.284807186447376,15.0,0
155886.0,2.01050851496896,-0.0666567780983204,-2.42658225657158,-0.134105032798347,1.67663383621688,1.00247404513181,0.352713731107347,0.106064681529198,-0.181435670372379,0.179886461254226,0.986830820911853,1.30863159801544,0.601432043272424,0.663508611318101,-0.263218252181503,-1.1339947689166,0.171480496378833,-1.45902713068828,-0.384521089072239,-0.232042674635173,0.187893139765977,0.826243665922142,-0.0163448779091502,-0.841316090385705,0.269288060728759,0.792442772759474,-0.0678843633321714,-0.104495961543074,0.76,0
144951.0,2.08936791634562,-0.923839757788103,-0.446498189224632,-0.674950720764745,-1.22188174689309,-1.06845234827268,-0.753160989816659,-0.252075765490026,-0.120164044609307,0.705171401376192,-0.291759353276887,0.0655407959799711,0.836307421404159,-0.505535597447587,0.022173203414616,0.865372725960916,0.335138551299629,-1.63044883440626,0.319439720108805,0.0416848774911907,0.270107185666926,0.835617448796768,0.201221147604888,0.395730006307187,-0.220172409866473,-0.202141482157761,0.0049754041623686,-0.040544375293822,37.6,0
77942.0,-0.787964520645334,0.309277130280758,2.48393881819101,-2.05353831926862,-0.583127152143101,-0.457124274394722,0.266967284161364,0.131732957471037,1.40804168916861,-1.24404095714399,0.851912975467518,0.104194128008604,-2.00746263611129,-0.0059461034441154,0.202042391368487,-0.0996167793963195,-0.627705355859643,0.947128597209287,0.31512563255649,-0.0082920203616962,-0.0317506425018315,0.230849683632515,-0.393867025610438,0.293573581469362,0.457832431653134,-0.797128858016608,0.175550354756379,-0.0989920500695989,1.0,0
39077.0,1.10629205283054,-0.525726564017027,0.926439519548429,0.817695695704217,-1.12217677235392,-0.0627029725254954,-0.722786273164499,0.225125020339534,1.32168848260832,-0.19496753473537,-1.58578337987477,-0.996191089221215,-2.25727117002634,0.0533783722935618,0.505674858779156,0.427508710860978,-0.216258048745639,0.231778000296111,0.145329720345585,-0.124405012295893,-0.118028610453249,-0.38694408910226,-0.0512237052134789,-0.141638474903952,0.218865496376352,0.349975125204565,-0.0099484579000927,0.0267647835412,64.99,0
133111.0,-0.936433674469514,0.0500802631810138,-0.627506829751216,-1.20098405284665,1.43324247045695,0.434043932222655,2.71239345956266,-0.511103124403836,-2.58474575171467,0.168098337417967,-0.434259230385609,-0.445490033330257,0.0063844747005234,0.556050329388114,-1.57668528989955,-1.76424443570956,-0.889738947546743,1.82298424354288,-1.03625036880519,0.11505311964645,0.0356319761132158,0.231641206063612,-0.303008831014493,-0.384934952558254,1.83897195549438,-0.176420413022762,-0.284825170731009,-0.194485382468122,271.64,0
98843.0,1.99865726254758,-0.131770527205656,-1.03952142182293,0.74424314339597,0.0114111167114914,-0.675842092169693,-0.021369881999454,-0.31982080507671,2.02762826628506,-0.367891934059413,0.250018019314968,-1.84927886096249,1.79396248834012,1.44489388636118,-1.37117317337652,-0.703375314143634,0.840507641557727,-0.485359417329052,-0.275929471860688,-0.211137234033564,0.0139808084891464,0.545823618626879,0.0795989211126563,1.12579517496537,0.141854901184763,0.630946558621059,-0.097693544366715,-0.064198396953119,23.0,0
137185.0,-1.55832490636401,-6.23455827632605,-5.99101738796188,0.694127194012609,1.28177521063455,3.33212651487998,2.89516537813422,-0.0732483887452794,-0.492134979727367,-0.640789725789507,0.022651772642376,0.196057285610864,-0.0551624629418291,1.46448181720003,0.417950407119962,-0.610079770123404,-0.094011779910848,-0.483919428674207,-0.641286424689703,3.7336621116185,1.41360775144814,-0.206540201989741,-1.81733104904559,0.918352508624142,-0.048574239044008,0.834909439633173,-0.489125843212997,0.229345666281694,1918.7,0
93599.0,1.9806688595161,-0.110910442921575,-0.140880042886754,1.51675841016263,-0.59243615829128,-0.472742325954888,-0.678514312688074,-0.0488336540485603,2.43699440728615,-0.0970047895791839,-0.377924317794542,-3.13398741422809,0.230350771460315,1.73571067878928,0.218538173376685,0.545343707525008,-0.0219438772818971,0.855089810401385,-0.898016975126761,-0.399046675293833,0.0434493935439069,0.469236588221556,0.154851189096922,-0.22969907607865,-0.143066571844392,-0.587400698498057,0.020933945040213,-0.0418860550277163,1.0,0
68323.0,-1.39512149638899,1.51438327741691,1.29870848020828,-0.621161940552457,0.0696770635369305,-0.695036416418501,0.544634389835878,0.284024373988244,-0.612680760484445,-0.654494212171458,-0.882289403857845,0.372098765941682,0.959807032943111,0.152501739317968,0.442710182673139,0.633085173915499,-0.676962661402335,-0.343012266612996,-0.394204814753479,-0.0170169811329992,-0.203520858116816,-0.780031352192301,-0.210365530342684,-0.114889375617621,0.360862629759885,0.0422212542861018,-0.15687092413481,0.0469719390849912,3.88,0
43002.0,-1.56721645960604,0.834306548266298,1.25895316042876,-2.07168585296095,-0.827661622976197,-0.593366134214526,-0.223529969375088,0.609904917212006,-1.20454541381625,0.609264355443707,0.752029347678034,-0.641118707984852,-0.924766089636604,0.214671834734615,-0.3256046020918,1.80612979783887,-0.164649851766641,-0.764055509159304,0.439261697817474,0.313446172438282,-0.0997925273006875,-0.467097248919945,-0.145440205832548,-0.0577096979067008,0.411217245650287,-0.530770748837178,0.348005097657836,0.180063686101658,20.0,0
151504.0,-4.66404762682596,4.32114136927723,-3.09348574420068,-1.24871502630199,-0.575851608443429,-1.17513191902191,0.0554442325745749,0.654390658574635,3.30328151206669,4.70393536827327,0.762675944344191,-0.443522672374988,-2.14088712468852,-1.11112938638291,0.531522702529679,0.128853272926148,0.300420639195158,1.22025259021417,-0.309610931903702,1.67625430370344,-0.106901274340956,0.564025509473643,0.0844051779838635,-0.588693975374705,0.400521528863655,-0.14086686808076,0.922263944331143,0.899833715980435,1.96,0
65049.0,-1.64151772130229,1.80523552422559,-0.112299078291587,-0.543148865574532,1.67382803310402,0.261517753726961,1.28081973503387,-0.491441237090859,0.305000016988286,0.943057556550194,1.04360055597456,-0.384140821399985,-0.110291406355808,-2.16761788639984,0.583990178350628,0.370657291880925,0.26322153514345,0.785132245066897,0.25375484873361,0.369143296112859,-0.281471193474181,-0.0993274914964516,-0.519774006234937,-1.46475065824401,0.0353969833818567,0.195427921374463,-1.62318391660702,-1.20460024188844,0.76,0
38528.0,1.13010012753917,-1.2822759731204,1.79942651783503,-0.0478438910801705,-2.15998163857118,0.515825187330585,-1.59142995108476,0.365396231702075,0.526730714753777,0.381772232049751,0.374429900848635,1.36933363606994,0.290912841360651,-1.16842322923399,-2.3791500318492,-1.81612812415925,0.547910846010374,1.20720961033775,0.0411289564200742,-0.404967947597204,-0.392064984839305,-0.274791026832567,0.0233785705887848,0.619267482151773,0.0921235106736936,1.09322445639216,0.0229891250827633,0.0216842246134812,47.86,0
146344.0,-0.0997238993578782,2.79541433019956,-6.42385558221477,3.24751301512342,-1.6322902693315,-2.76666493059313,-2.31222288290759,0.961014122482514,-1.89600096481329,-4.91934829935247,3.05365441815753,-5.29781140208753,-1.46602972848647,-7.03588005080407,1.99713237234969,-3.83618852542499,-2.51518280017187,-0.864578711859257,2.32892697361116,0.340898315660141,0.647714388377444,0.126575864283858,0.203953480088146,0.0084949976311171,-0.174501150725926,0.575294798178312,0.152875890788003,-0.0981728103598323,94.82,1
162366.0,1.53067288266234,-0.795079589589764,-0.526389850457533,1.26823058786864,-0.101960032537833,1.09296003713181,-0.53780659303151,0.365499035829335,0.923866250780918,0.018021771217458,-0.384889590849692,0.348545770601678,-0.141350625422873,0.169471926117461,1.64944527716123,-0.412894990119111,0.077638288141902,-0.999935341115785,-1.91544709417467,-0.0503072484377626,0.395038559576842,1.04856133073975,0.0823821740691675,-1.13401317923429,-0.370261413791424,-0.473887955079241,0.0794634884642152,-0.0159652159380094,160.5,0
34634.0,0.333499490680108,1.69987344643198,-2.59656116696059,3.64394526899047,-0.585067615145778,-0.65465853161144,-2.27578851019488,0.675228968561644,-2.04241592376479,-2.83487115980611,2.80200512615164,-4.39273243849001,-1.36967144973756,-5.32728665168661,0.16315896154,-1.35938947657172,-5.09518287931609,-0.338012656200231,-0.124137989024621,0.32934171405761,0.469211944535006,-0.144362651206432,-0.317980934036568,-0.769644309522666,0.807854587509663,0.228164299217237,0.551001873896763,0.305473419992231,18.96,1
136709.0,-2.14670585125781,0.361567165368972,0.738523008870835,-0.273115284591681,-0.54775929090117,-0.0991615209451853,0.198049901812458,0.789806048702401,-0.272541076471219,-1.42908569278631,-1.66559848194648,0.148612667677717,0.589304250337211,0.490485242105742,1.03241523814378,0.61515078840735,-0.433092597181869,0.429734217609766,0.602847008030882,-0.201290463243616,-0.105660645815708,-0.509440593676384,0.183439440829761,-0.679284969056649,0.517853973770028,-0.364518762393427,-0.116367300128599,-0.385239728404374,104.04,0
50975.0,-1.26880323660884,0.244146827746643,1.47315837150467,-0.0681375838378675,0.639512479024949,-0.660248116418062,0.631666914812921,0.0882631803339783,-0.829621337602216,-0.240603346477903,0.926583632311737,0.359418687549613,-0.131965240942057,0.433124327426684,0.160212702113006,0.284829815416908,-0.650204391866319,0.507969642202452,0.418806995775525,0.484683734273551,0.129885611722006,0.107527553651366,-0.109178996138091,0.0231339942917574,0.570376121345549,0.448773526292482,0.186871183837031,0.123408450923584,83.0,0
33594.0,1.38700422076182,-1.73723993454541,-0.286446641756987,-2.42195942784788,0.201524697002077,3.80823017846865,-2.22225572913617,1.00009796673159,-1.37950225823401,1.41780589855579,-0.327480434200352,-1.04183972188454,0.748663212209262,-0.640152726849524,1.34900887161866,0.529625673206969,-0.29668950173987,1.15441712667121,-0.309457381048088,-0.0374010433030555,0.0622824434430691,0.313319605531434,-0.0961825365223776,1.00966509704639,0.341763590199908,-0.0331801840475676,0.0739057638790925,0.0432564289834544,79.8,0
83181.0,-0.804778390018881,0.75280014386171,2.1153611338345,-0.235553881966425,0.0927611528123922,-0.576484779378795,0.673497144822022,-0.0171959197754832,-0.104509321856393,-0.998579467228512,-0.957690088781948,0.30295584905791,0.0998135772077552,-0.397863706697598,-1.01302943910574,-0.233320672329049,-0.142723747950734,-0.505673079635484,-0.302956285609561,-0.0823125877326884,-0.0314167136752656,0.0551689266585351,-0.401097130538619,0.452077321995699,0.608674154270507,0.35287993960269,0.0011946006154348,0.0537811831995582,1.0,0
165227.0,-0.567704243915115,-0.948468955964761,2.04500132289132,-2.40170266009177,-1.25817906922802,-0.416870123886726,-0.904134702615814,0.0409564083071153,-1.44590370624509,0.736291975079417,-1.28203518185758,-1.03674980538259,0.584269021794219,-1.07053801994755,-0.283357518317282,-0.160795418493812,0.258460352852786,0.422092334296054,-0.366629272160484,-0.320949466380726,-0.0626012910153857,0.256014538764641,0.0485292451619095,0.0200890272340269,-0.437129109247668,-0.255744110273861,0.0518445876481596,0.191576557294267,32.0,0
114888.0,1.79857888032324,-0.82841677311914,-0.891282435740456,-0.101065432972932,0.59525332183646,2.57479635192084,-1.15398140626135,0.854538634211772,1.11747856685053,0.0044359001889086,0.811912215195757,0.680461917656199,-0.67711408381066,0.183915713175562,0.891564306064569,-0.50688986759087,0.228159023347026,-1.05601828885562,-1.22314931775449,-0.285390067022892,0.308935975767512,1.12966344500039,0.183101496748224,-1.35963165323046,-0.476925748162671,0.737901550969099,0.0308162641873777,-0.0737905224850286,24.64,0
51687.0,-0.251927083792503,0.0968423180708645,0.460554757810097,-2.3674865234855,-0.566994084385342,-1.34265616741215,0.297477032881173,-0.295961974737142,-2.39921081368272,1.44030701024481,0.122966280620985,-0.259178043197277,1.27893434190499,-0.415805056086835,-0.453987274506651,-1.13862302002528,0.71930001030206,-0.936200996450158,-1.41965629128251,-0.163062259343791,0.0070427372326247,0.691074445428363,0.133589401306062,0.613781781516644,-0.801536265472987,-0.423799527865638,0.588164923189148,0.357642674906752,15.0,0
54994.0,-1.26347445705696,-4.91945078963585,-1.57045923451207,0.479511696513545,-2.09583174014291,-0.0728348662859699,1.44205051897032,-0.446713796019688,-1.09905007967461,0.173169928594521,0.575156035342476,0.257780520050722,-0.280402968959214,0.636332481153081,-0.47616695755251,-1.29400470803509,0.0218569978042302,1.55772721382121,-0.483575082980655,2.27207930266554,0.404156022799791,-1.41137313085975,-1.2583912683147,0.115450594353044,-0.0779924729140229,0.950343318262477,-0.336371701674713,0.221904801305284,1378.0,0
42787.0,1.02570413918692,0.391927206581075,0.807674484937729,2.53571282003833,-0.29973525621397,-0.438334477043896,0.205906364498153,-0.128472919481045,-0.793676779450805,0.601211798455358,-0.363282557119843,0.330384247630024,0.739553434929559,0.131493730025305,0.53235709740167,0.816782625749674,-0.704343318923991,-0.548949279970607,-0.945420861699846,0.0532345121205701,-0.241963723880165,-0.93137338558033,0.113187956001598,0.351112977986064,0.159752621607221,-0.339373246575201,-0.0120467047616966,0.0469989198642917,82.15,0
82612.0,1.142323898797,-0.12068729667244,0.802573382342855,0.900848019246406,-0.112297941765933,1.27363702495677,-0.711635416042578,0.408427179044154,0.60007740773686,-0.0978112373440256,0.207890806639691,1.25076908068803,0.846218192596766,-0.345475858672997,-0.263383719214628,0.288802851066172,-0.684881850433866,0.277330845596451,0.153405899281181,-0.0643925448939853,-0.049332162171048,0.0960919371488407,-0.143812224872752,-1.13181494512364,0.490232326564495,-0.326768755902757,0.0876744707785129,0.0149449443850204,12.99,0
114758.0,-0.249823925552041,-0.201067188363743,0.0005314768277365,-3.53552251882757,0.34243711676781,-0.910390737728863,0.717758382019035,-0.458300110272266,0.296355486121144,-0.385237252608171,-1.39027688405241,-0.217437299182141,0.142726374834986,-0.27735841475366,0.109816994043096,-2.37633313973035,-0.291009879227983,1.57720325773458,-0.350168973900931,-0.362450043823427,-0.0634697744329735,0.76794427276257,-0.26546338846181,0.516993572288683,0.0105751815528359,-0.0764015865495739,0.141650027698233,0.0188174936951686,15.13,0
70764.0,1.56187988204065,-1.01681346306266,-0.0188578417224233,-1.71257511436229,-0.918593151461323,-0.0382235724282486,-1.03351568404255,-0.0337772329027882,-2.0370777083762,1.60996690424384,0.191585452085083,-0.531905579022363,0.696595340898003,-0.196830585445258,-0.0574925201417256,0.130904492708968,-0.170298494628833,0.823562565050132,0.484461655524305,-0.278269777316114,-0.239403048203334,-0.317701628514897,-0.121668511969694,-0.858851807679948,0.516144490672744,-0.151340285094049,0.0254831405218314,-0.0011654364897701,12.0,0
38347.0,-3.23362325041455,0.754123393362758,-0.688507484372254,-1.30670183643982,-2.94891073474785,-0.286134945893242,-1.34256126043555,2.08243071345904,-1.04084930100218,-0.70162912886307,-1.5303573812546,-0.833711644549741,-1.44064600811913,1.14737437325567,-0.188015939972062,1.58831683404919,1.31623759944919,-1.33361269104879,-0.324795153552881,-0.790597616857642,0.422810327397261,0.64694383501935,0.0490773407695416,0.077079867249371,-0.19762425834664,-0.338105801919021,-0.575129214601549,-0.374308908507477,134.88,0
94824.0,0.018853594205843,0.0110632200463794,0.0986527624835674,-1.8476577458417,0.757658021367898,-0.664187867841389,0.177780034021637,-0.194210336581884,-0.298054841477243,0.0115411778386363,1.86963145833041,-2.51428812559301,2.16414823919035,1.49995090260598,-1.61656079596494,0.941108165682392,0.512293937431235,-0.477121270384349,0.280534054535973,0.0727867392890359,0.514576061548805,1.60788566485105,-0.0987711583070031,0.716141996787793,-0.721842132916171,-0.198039137268004,0.175561861957201,0.226367057856193,4.96,0
142984.0,2.11118384225146,0.189246364698711,-1.66709508863335,0.142922828719542,0.63655128848041,-0.86172771852825,0.483234936385932,-0.404919056098898,0.233294616593471,-0.0505105690949304,-0.644051782179388,0.97433785575371,1.46607913284778,0.310045701938005,0.564388444427214,-0.194298998005404,-0.662932826173044,-0.570250218722345,0.130752380738053,-0.122096953838818,-0.14708663172588,-0.301577181700333,0.208448228128932,0.484364549403445,0.104519370240343,-0.513665545532244,-0.0251720664481178,-0.0480835453135686,2.0,0
58161.0,1.22054997997867,0.0990619027009384,-0.0173149437322298,0.432773198880246,0.106427965319911,-0.0319506197694566,0.0564025429449309,0.035233311119141,-0.0883998000237508,0.0096467050384587,1.08671540784992,1.02821798421768,-0.0306787191285341,0.376767630180844,-0.380847560544951,-0.333236956950122,-0.111402277650694,-0.491283715482175,0.185528334596473,-0.134713782515053,-0.010512886484456,0.138000667054836,-0.132424592729452,-0.248995240889406,0.609546853220291,0.587680637406283,-0.0392445386812081,-0.0162401905395714,0.01,0
5297.0,-0.682828337039278,1.25083141074522,1.50878562013536,1.01559461174526,0.260205231858725,-0.444914508894812,0.76967705960947,-0.382196756529517,1.18934348801225,0.133609816709407,0.939936941604546,-2.91603520135782,0.830139321058146,1.62182386086336,0.64929636839293,-0.831627576185999,0.855418575689781,-0.143891482025844,-0.264213071411622,-0.0006052221032395,-0.0100774873574029,0.437960086487633,-0.118214837743679,0.33518456177416,-0.423374032714616,-0.410847677542044,-0.165766041470405,0.0125971032472735,14.73,0
75258.0,-1.70288224108029,0.205105790663586,2.38462416397756,1.33307318704491,-1.05351703593451,0.122548666898255,-0.367710832654108,0.758230014507495,-0.66482173408032,-0.280778392019887,1.31604572662423,1.03644458613801,0.890282532392081,0.202327768459449,1.16007264545651,0.55618610294957,-0.411041287587148,1.33794780125114,0.478747594582164,0.671221727324664,0.512300684619278,1.05429110937868,0.0485477495920373,0.555634256047478,0.252786320512857,-0.0804047439841292,0.224664806739395,0.0088443913865475,145.81,0
146013.0,-1.00059905421911,0.821328894840214,-0.726299917017344,-2.25255914335917,3.48716195835648,3.55591578243178,1.17004155873105,0.0536160588245009,0.788857768965993,-0.679377869485041,0.445816492981661,-0.489171871633534,-0.708572824260339,-2.39028468429834,-0.116274104873464,-0.123531385223718,0.524078033532824,-0.0993736502629774,-0.611521066939925,-0.0108828357907152,-0.365304129634558,-0.773899800605819,-0.485398832392888,0.56303113589884,0.789199989346218,-0.184984356333631,-1.37348237666803,-0.664378193512117,37.72,0
45996.0,-4.00669332463166,-2.05529168391975,0.391214892491104,-2.49180030864647,-1.17544260837423,-0.846486185251217,-0.0682315881241626,0.417471312093562,-0.0148494760304367,-1.19982544096918,-0.61243517801306,0.894607996543752,1.15986366569975,-0.0980847274250604,0.675759521495393,-1.7650755035364,0.434233290124982,0.754932772373752,-0.70756267572249,-1.96997484221809,-0.634786884350051,-0.0931297084280853,0.793641473868185,0.169132150810485,0.747510694262568,-0.0234242509859708,-0.111636590458022,-0.29608508708935,170.15,0
157186.0,2.00624474153246,-0.0012770824327723,-1.6463719113949,0.706908203413986,0.148896905263938,-0.938309458928611,0.0885473274238463,-0.212974149722452,0.778431510453188,-0.477354011283396,-0.424387613577776,0.130641384611144,-0.467309948359532,-1.11705339355735,-0.449084753666676,-0.25427611353557,1.09038340498601,-0.154063581820971,-0.249232545057567,-0.188664660752966,0.084357604008992,0.510089784324925,0.0642927518566591,1.06569935559143,0.150953555170202,0.67310527211547,-0.0577285595402582,-0.0337599154853366,12.36,0
127562.0,-1.09770871718474,0.444739038660954,1.31490805973722,-2.9235710123117,1.00646671142843,-0.137339951345602,0.984871427101065,-0.0473620627996949,0.471648552055276,-1.09969786394776,0.365937926154999,0.54916758947964,-0.386340935649843,-0.200465518071982,-1.13276199179077,0.513361524918502,-1.19165665922744,-0.243165424929942,0.0203563236580399,0.0432704539005317,-0.59168727383125,-1.58614978203732,-0.229456037893716,0.161088489114528,0.379908856967165,0.0059117803337931,-0.116467910099298,-0.129486778024835,20.0,0
156234.0,-0.195688553782982,0.969015823200145,0.0422752236550739,-0.858907936062215,0.635415733978807,-0.510891848939058,0.857951261137721,0.0118660353274795,-0.0639444061396416,0.064166752465276,0.461216828375647,0.640945476960536,-0.166156631585217,0.251459041063879,-0.995828513285783,0.146258846908997,-0.747536330664265,-0.209445249775284,0.255121750611885,0.0942809279448177,-0.261441154836688,-0.543300018338941,0.0229925332915975,-0.481196733994931,-0.436008915525889,0.155762834881527,0.350151244607098,0.143254164753163,0.69,0
148220.0,0.0889771631969973,1.6714764947357,-3.18151761369784,0.0516684184700968,1.62504649939178,-1.35479781821861,1.63868406497901,-0.0154065268203433,-0.911774196381878,-1.15345476279887,1.38526042683399,0.76242590847538,0.296572292301684,-1.09703986823508,-0.749850636030972,-0.505617709727169,1.74849301670484,1.27827602241143,0.5255570762529,0.0791991684681317,0.516672325775511,1.66697925691652,0.0488457659969227,0.584284965158108,-1.01111652303069,-0.453517801608414,0.48476353081125,0.393330881593562,60.72,0
39337.0,1.16488543544566,-0.240443123238698,0.614137529111425,0.0726446737274564,-0.618840137288086,-0.0864578229380122,-0.366582741965676,0.131364762698128,0.481940306745985,-0.240163017673633,1.42592950061683,1.39956435427797,-0.050558027383705,-0.0226609683634372,-0.783000375813089,-0.52960550573772,0.284367876781129,-0.756107435086773,0.313410770628401,-0.110964782274969,-0.0220509616756123,0.194650282094353,-0.0168892452984065,0.329151146502612,0.318711339585036,1.11131378537841,-0.0525758243555791,-0.0116967599683123,4.0,0
109053.0,1.94513640417645,-0.174863816150656,-0.743447962947447,0.582467930697051,0.0176404809576882,-0.0869395136546423,-0.349037977363294,-0.0598874868476161,1.75429847318016,-0.146174090888616,1.89367001821398,-1.34762744660065,1.8695960320488,1.68660397428522,-1.13654442671115,0.194986184955828,0.0960566927437771,0.276466315082811,-0.12129909230345,-0.170770010099411,-0.124057982010013,-0.0499339140474582,0.250977420311142,0.670067915341704,-0.262323295153475,0.127686737642179,-0.0730273830872677,-0.0585046235387161,26.9,0
78458.0,1.15565128969162,-0.737622417967572,-0.328945013705069,-0.996019914283876,1.13061270870823,3.74188447896426,-1.35239088646939,1.03199291494516,0.685300986603081,-0.156159459796979,-0.115980027805907,0.0070610861965068,0.309254431197287,-0.115239449667707,1.84180704808826,1.21660833577893,-1.11661053341147,0.724819207636114,-0.063145345773466,0.217346268132754,0.183506598112849,0.287378385314924,-0.0962891764400012,1.09139693512874,0.209362601482486,1.12110094257865,-0.0365525500686704,0.0268569365382416,70.01,0
127857.0,-1.10232168646118,1.31095611184636,1.86740288039996,0.745443489839114,-0.294893779874076,0.161404673370516,0.0006951636567825,0.6879596293163,-0.803140015572165,-0.364770800251102,0.893671350959719,0.928662673779337,0.442803833278689,0.431073330995614,0.427647186448606,0.249886652185824,-0.378885098397676,0.63698424367997,0.707708866041003,0.128791807372061,-0.0412064264951609,-0.151673872434854,-0.185538119581412,-0.0311313776200168,0.30273338239112,-0.622033952465823,0.236497830384957,0.069463330403098,11.0,0
65238.0,1.05177355308275,-0.0523587396493073,1.38671394056183,1.21757453206624,-0.750515900515417,0.494922924123155,-0.66563909740583,0.304035619526277,0.460267215014968,-0.107377839389384,1.48637311432603,1.86541710273006,0.910504749975976,-0.324591757399485,-0.397498629220264,-0.125824922285462,-0.203877533614403,-0.208105404568445,-0.364540378051798,-0.0953977239888481,0.0425185769063136,0.375193497866275,0.0246874374209004,0.249804572294026,0.318642842500522,-0.412509265108483,0.0920325078612781,0.0289843989540603,9.99,0
158856.0,-0.228658526943313,-0.542455677529674,-0.926015223768512,-1.724160621174,0.427096500268206,-0.707998065109253,1.48573306218298,-0.419497086383388,-1.45298431557121,-0.082966302550088,1.04614224116853,-1.10561446799464,-1.07390317543131,-1.00940829215993,-1.03542610264122,1.17914361586087,0.819113670516377,-0.214860146901948,0.554439965951992,0.609658757596133,0.501392035978472,1.06126048672227,0.404907783059812,0.653232519452757,-0.637234503326121,-0.287352596221666,-0.0492221637699483,0.0455056439805275,231.88,0
79666.0,1.24342899253824,0.132584961384562,-0.158441306407696,-0.0222953672286162,0.0001628638101969,-0.959617540256125,0.466413757738381,-0.373753209116849,-0.246144269171866,-0.198714222239722,-0.39325434193206,0.829403248804242,1.50869285492378,0.128804946516327,0.74518155101975,0.215475658693111,-0.474865323267555,-0.994135650484572,0.457191322279695,0.132804393377016,-0.433325431883714,-1.34431900586848,0.0824121214546906,-0.0920158428969324,0.200668706391904,0.645422013120806,-0.102101023509607,0.0099561600793013,56.94,0
36032.0,-0.976763560698113,1.77765386409297,0.584292363996536,0.925922580374952,-0.373220077557034,-0.845883680018401,0.16207602971975,0.5718501789303,-1.13768080438732,-0.591575503643946,-0.580448665375623,0.921832148839915,1.51830271135884,0.667610554921251,0.787486063409009,-0.16203523412044,0.064968922655302,0.0077444642181879,0.416832217796578,-0.163624935342048,0.273181568706047,0.600878434164101,-0.0844303268039132,0.438903804386892,-0.178394156150609,-0.347836684065441,-0.202881186927703,0.0385668243785725,1.31,0
153437.0,2.11084001762011,-1.79570512634645,-1.33153870352877,-1.79091878160914,-0.886012624370235,0.184461411291213,-1.10122511883196,-0.074665574652031,-1.34880960505542,1.66340720225537,-0.453652374106572,-0.256896314704487,1.11171683188821,-0.45586669227251,-0.768209385786802,0.0833413228603223,-0.300454145251866,0.851706149506406,0.576270069399153,-0.114888228420234,-0.119644891214624,-0.0814221523089392,-0.0364199909771445,-1.38609871149211,-0.126794808929998,-0.126812333986592,-0.0032483470662073,-0.0489128312991233,132.98,0
125497.0,2.06805072778464,-0.844810330157171,-0.915000479895505,-0.469800350205899,-0.560508150057276,-0.296118587755628,-0.514338690405919,-0.137498840922616,-0.271894350467341,0.745032426610211,-1.20576773743713,0.339787509603652,0.912130997341554,-0.215358016840765,-0.0727551148376785,-1.29052182698805,-0.211766229509079,0.466416620327523,-0.401898147881924,-0.437678196921902,-0.857058494157965,-2.0229289843541,0.558489046422497,0.407952735305823,-0.718027028835407,0.0305859084229054,-0.0416899863029933,-0.0295872345729245,57.81,0
38507.0,-1.37004555816713,-1.35033190304415,1.40004092696741,-3.76725027617432,-0.406083342748259,-0.238916775896676,-0.211750868388233,0.276999517396693,0.57240200362638,-1.33495499560834,1.2287188639427,0.703316458519441,-1.05736240676366,0.183904762943204,0.559652765000735,-2.72418226089916,0.433483934836611,1.24579366560414,-0.646538101914827,-0.55505251756648,-0.146355610668655,0.100146935022641,0.0150982514057663,-0.331098830299756,0.167245900380001,-0.858864534900594,0.0279562688489707,0.206661466720757,107.72,0
128802.0,2.2851162463322,-1.66789863346922,-2.02329030904018,-2.5973902443622,0.949081079665167,3.61095807708693,-1.90285501490692,0.895140250963713,-1.19991970921767,1.57362373538046,-0.242311586137507,-0.703869679617599,0.381398263413041,-0.367280007666704,0.336048049595001,-0.520381712407749,0.352065460358655,-0.127555415871571,-0.342243964133515,-0.376407434827358,-0.151465797485691,0.0088870458180219,0.307961779251223,0.68341017777018,-0.239638237824057,-0.154516845824211,0.0485217731530016,-0.0526544780209042,4.8,0
55692.0,-0.335876382401611,1.17444571227531,1.30528789067011,0.0559531777983413,0.0669528988343964,-0.96991304568677,0.747235596440843,-0.101164354049931,-0.468614191002546,-0.525821540197934,-0.128406793340118,0.177811388383366,0.600863357318781,-0.52578173209411,0.840481480674096,0.359664651906681,-0.0189987768368818,-0.19857375915646,-0.0944860229895661,0.141987402801114,-0.25897595745374,-0.649105661358201,-0.023005210257866,0.347586329548524,-0.144805953564739,0.0702475549878184,0.249210655209566,0.0991775258848993,2.68,0
147212.0,2.091491033615,0.338045533680299,-2.54266196625346,0.470206033058659,0.953951675035504,-1.31682844425316,0.802867192560668,-0.521926833095937,-0.0224722972672608,-0.351149629278644,-0.397483006857178,0.419383985676404,0.668283956041881,-0.784175168071233,-0.262377554228788,-0.267191258100331,0.740242425422866,-0.309893377598228,-0.0318358604027582,-0.0906400345151462,0.0449440541628084,0.316965537391058,-0.0448022469203384,0.738599589156563,0.425906774061255,0.676055160182105,-0.101458021776227,-0.047608709241099,18.96,0
18994.0,0.898614274555906,0.0338961928217827,-0.0832970050956021,1.25632616930286,0.554091347766426,0.702342332742405,0.155668231625311,0.196359735713541,1.16075853070591,-0.518258784764837,1.60634195106108,-2.52549252463935,0.16604677391442,2.42801187132929,1.16978778849113,-1.53234065001431,1.82223449304873,-1.96337314823919,-2.14918476797647,-0.252496771398726,0.0315107779491862,0.278743282855173,-0.0273367871876948,-0.708803342555397,0.393031704787292,-0.231544652581981,0.0116329946469164,0.0055791010722317,89.99,0
85285.0,-6.71340697159693,3.92110415204576,-9.74667821737542,5.14826254938013,-5.15156271985187,-2.09938865681113,-5.93776683170198,3.57877960420447,-4.6849517505833,-8.53775768653457,6.34897930341209,-8.68160893168352,0.251179384774619,-11.6080022570993,-0.351568782034355,-5.36356643348466,-11.9390915052116,-3.58360287020043,0.897402406121681,0.135711322729059,0.954272201927517,-0.45108644858101,0.127214424071711,-0.339449869297565,0.394095513633807,1.07529509891805,1.6499059092424,-0.394905372194808,252.92,1
49322.0,1.13654514409552,-0.483632731477152,0.22158744183054,-1.32484694689902,-0.88394322601883,-1.11465207478805,-0.0243937239037649,-0.163311059455696,1.12906219467039,-1.01051802340904,1.65899522268296,1.74285482464601,0.165664171892625,0.292668097515204,0.189087564537092,-0.706272564313763,-0.0588368968854871,-0.0767596011977153,1.23259758591507,0.0537154873491286,-0.112209996034701,-0.271127492886438,-0.0433844472376061,0.583728114752755,0.442349960395604,-0.196387196649709,-0.0056920835480109,0.0169225124691443,66.43,0
125966.0,2.03237383681001,-1.19362517011241,0.004798963458051,-0.513836151441899,-1.42687737666252,0.22685780745952,-1.5418987707725,0.321136355075176,0.253810683354514,0.990291882752033,0.388673663573072,0.0046754851834364,-0.88897641048583,-0.0290312505212266,0.13098942831365,-0.551203117263508,-0.576097128697087,2.06645461536037,-0.792142404109587,-0.609547938038799,-0.281842729868006,-0.346058733789334,0.436322273772561,0.711562312863693,-0.77319714584914,0.435372358511374,-0.0047779147746918,-0.0369477471733373,17.9,0
132221.0,-0.811506679188981,1.79111599543344,-3.21034700868162,-1.30753437785447,4.03594573528172,3.02016095757218,-0.261803050528635,-2.01188350476979,-1.00072140074392,-2.01716975046735,0.536060799324063,-0.471578809355447,-0.921269507854169,-1.94426749669334,-0.054843148383079,0.37634726866302,2.17911002274022,0.565320404028047,-0.741689715111838,0.560783637022824,-1.23718084394669,0.341526382419892,-0.415715804855961,0.516406493108222,0.328452837282603,0.674368222442908,-0.301695566617504,0.0910847430252288,0.76,0
121269.0,-0.188872456599017,1.08902355953354,-0.850507360818244,-0.554701287410558,0.612645284539121,-0.573111664208818,0.536416889704373,0.352642904822533,0.0486209866159705,-0.476117129446261,-1.70500585426276,-0.81807663208678,-1.26031692675213,0.98567232133775,0.697344259001124,-0.152164948155456,-0.359946824291605,0.469310279006377,0.158247393706006,-0.190399815593116,0.363244438176516,1.09664835674249,-0.0820733519574718,0.267130151155233,-0.749740627690542,-0.21521866499708,0.374200413615797,0.258807938158398,0.79,0
26899.0,-21.8854339051741,12.9305051249875,-24.098871851647,6.20331419234722,-16.4660991227874,-4.45984212550286,-16.519835984614,14.5355647151916,-3.89702188761405,-8.6507583293562,5.3754339072439,-7.56721354069937,0.461807829323489,-7.82789139878016,-0.0228148529460228,-6.57804150255676,-13.0024594617382,-4.88446723880536,1.10435473489394,1.6119982189969,1.76223176917351,-1.57905510076487,-0.951042744820554,0.13456529188962,1.50711039768212,-0.222670856855594,1.52765527810284,0.453698638993223,99.99,1
157319.0,-0.897773749899113,0.824269443865901,0.630143546226332,-0.841640356008374,1.60376420287944,-0.351636293008726,0.893614932840259,0.0720288014765279,-0.886358299332095,-1.20136527088822,0.791970247699152,0.368371572651987,0.0170456760511568,-0.778520422435665,-0.763778331588613,0.528654443547908,0.127220839396752,0.412791163768642,0.414301474360254,0.117717910840578,-0.294268251262705,-1.01961159233858,-0.288002956611484,0.263103808292771,0.560988098995663,0.289370822808615,-0.0541465062339566,0.0654769445229939,4.99,0
67543.0,-0.374059079346634,0.847858814209593,1.42690093286194,-0.116684889340243,0.393963776311293,-0.187453028056191,0.686255699094604,0.026194305582419,-0.42770982988715,-0.160174217047761,1.70344554269553,0.315955775307608,-0.554507771623361,-0.302158433982936,0.537458404279394,0.229978950475356,-0.0369978871106877,-0.0483249529595767,-0.152553561054386,0.154645681967867,-0.235265057910962,-0.48418033520777,-0.0077078017524651,-0.0490013670946354,-0.303648749840481,0.0574820423013031,0.0874750231953815,-0.138202171867959,9.72,0
41273.0,-11.6822148930584,6.33288209288301,-13.2971092469499,7.69077191542072,-10.8898905208867,-2.79236003834138,-12.5617825809497,7.28712220991134,-7.57032240879292,-12.8357376825339,5.80470785195987,-12.15623949431,1.18498466280471,-10.4686770874209,-0.41674319706657,-10.999792348619,-22.6088681905866,-9.49874592104677,2.10273540686125,-1.00931993766307,2.13345628394787,-1.27150896701449,-0.0353038871622371,0.615053695038953,0.349023768265454,-0.428922796793546,-0.694935387398427,-0.818970428930229,173.07,1
50792.0,-3.26539074126441,3.00146527189091,0.59584099143198,2.65424681458656,-1.95370457700513,1.34796379855767,-2.23187921559218,2.96825396983028,-0.988164692760764,0.878939469198502,0.478768188959302,0.595526583995468,-1.08620758380033,1.52527251119107,0.746727988339905,0.233068659804605,1.30171940992997,0.160819252307529,0.271993525565406,0.122192194462952,0.155515541234845,0.228115127552271,0.173286854338503,-0.347790848478918,0.129873021335798,0.330639760127504,0.180322685072117,0.073323991974573,0.76,0
121272.0,-1.75581568158641,0.449359254421961,0.0937137390697426,-2.65281293804762,-0.493494573383857,-0.0751890317888335,-0.545932955517354,1.2613807993103,1.04432891748377,-1.34602624285424,-0.600183651070136,-0.108324963618798,-1.98152321419528,0.685970158972145,-0.877176120259845,1.15871867037801,-0.884697774374225,1.02548841221363,-0.614911381142261,-0.210790785592595,0.234215541005826,0.480923772769134,-0.209919310399907,0.20861302981867,-0.107893856715508,0.523046692349775,0.192174682754315,0.0565362876661869,42.0,0
163455.0,-0.294946378299385,1.173797794302,-1.08045785467156,-1.21246705576287,1.40850106189437,-1.26344616483974,1.69343001220865,-0.410966400812326,-0.238879662334774,-0.185437583237823,-1.04847293614048,-0.104522025271343,-0.0083290699938849,0.584919406303738,-0.122128648991139,-0.604511692080212,-0.521144147542071,-0.31963693731896,-0.0779173984970921,0.114457429045969,0.201227211800565,0.823334088942384,-0.205697567943618,0.631749859757681,-0.197085841067135,0.0688484805577202,0.495576040409562,0.350312787326552,20.0,0
147818.0,-0.886566670940318,0.699042522079849,1.37321182942612,2.95640505089983,1.78397565073143,1.82747106094166,0.960332803351122,0.122288022320279,-1.40330499398431,0.876755573354196,-0.861373488474209,0.360871189800661,0.570860753404818,-0.721654670488682,-3.15522335215617,0.347412889709022,-0.800640481675561,-0.161762132943585,0.320538584229294,0.102451233278411,-0.434568383237262,-1.02035538941165,-0.248823454771296,-0.376070108111955,0.865253826556553,-0.0766408434648831,-0.362778595479221,-0.233701575608787,76.94,0
58095.0,1.17296886805693,-0.146107500347948,0.129271764488534,-0.0503862410137856,-0.375456876059746,-0.58729979366252,-0.0147746996741108,-0.107604325088131,-0.107560546383708,0.0208318940244531,1.17117819867459,0.880154130832244,0.349927077586671,0.371614263343181,0.349295188990609,0.517581481378023,-0.692449042685654,0.192975214904604,0.349646127896724,0.0765307418991732,0.0820834772171386,0.131852688372376,-0.150765619004882,0.100416330271545,0.386077877406065,1.0667855773869,-0.0972250433326246,-0.00258318059752,57.35,0
166093.0,-2.54393311911465,2.78395686154948,-1.24865068432954,-0.633723997519105,-0.590717766908788,0.0027913061040112,-1.99128665816975,-5.17027776379433,-0.207760119575075,-0.747502123905551,-1.21301109672964,1.15120056569333,0.167322457220697,1.08470429867618,-0.596356215401472,0.229677436938401,0.335071002473085,-0.727531607545228,-0.377518729031792,-0.348273205874152,1.67414402060794,-1.17543099096774,0.943109976744594,-0.0940312737562323,-0.455798670165586,0.120678655634423,-0.285288244199466,0.0212727623817382,1.98,0
157696.0,2.06417245105617,0.0262741413560445,-1.03884773307114,0.4079913068747,-0.057143436448956,-1.19535537979282,0.25232488558759,-0.392823157803556,0.387873931111568,0.0440001964101087,-0.560664490661123,0.979468251405491,1.07381064942554,0.0744500547386839,-0.0717344300594716,-0.155365494320654,-0.34265608761729,-0.996828203769396,0.136225708011739,-0.161735394712951,-0.277599973794466,-0.61413263534856,0.329974491975154,0.0739573445065143,-0.265017247208815,0.192089639971415,-0.0639380514763603,-0.0578317776844607,0.89,0
151705.0,-0.412963284439413,0.801113674566342,-0.586050552363441,0.608885362494102,0.884636193778419,-1.0657729127965,1.95102173413544,-0.520349088510765,-0.791141844214268,-0.12896232217011,-1.10070191252207,-0.672186467110023,-0.943564484450794,0.893820729354881,0.144259971247029,-0.589789390757267,-0.324077064339144,-0.157179393471423,-0.0727370794154343,-0.275693631457953,0.242521095794169,0.765291760981494,-0.190395673721772,-0.0859031406567643,-0.296889653620944,-0.541031769625612,0.170997594892566,0.153477405625563,144.0,0
141139.0,-2.03417375638127,2.44949750988861,-1.22153898104324,-0.875535249118983,-0.152237226407207,0.360427771740717,-1.83575341250937,-4.73025873559771,-0.344205822825276,-0.51298988887434,0.0536376456823116,1.2464941915581,-0.566747710806404,1.23403922858385,-1.20599384322213,0.641118311854657,-0.403698288351446,0.0027653764388593,-0.0355191429030501,1.50470398842407,-2.80153202896573,0.166961381084414,0.565042307336007,-0.560013185991344,-0.415546155193805,0.13467626037382,0.358761418593189,0.283316468137576,1.98,0
106207.0,-0.524991915833624,0.695491938674153,2.22885080720918,-0.315802192403191,0.307190354018319,0.281355538722321,0.394292679397241,-0.0407139150751213,1.38458561582051,-0.963084909311126,1.53133359597225,-2.40508950111231,0.940075899214189,1.56890465673025,0.0536615161484835,0.0135439206652717,-0.0022403599684693,1.14670291828116,0.911960679285107,0.0513256669203043,-0.28146329102237,-0.429532882225631,-0.331155360876234,-0.589868506173988,0.252394709008105,-0.715430350244153,-0.0884465607964846,-0.161495123639081,11.27,0
149320.0,0.693817579620198,-3.50565984896473,-1.63587553883038,-0.292200724514892,-1.66516079435972,-0.161134314930737,0.0396684779897496,-0.30986154846804,0.117510457083246,0.380999161540494,-1.5114505953703,-0.772802827711479,0.338192149150653,-0.323418572633664,0.340546618237244,1.47754203906913,-0.104299268170131,-0.729062504949799,0.475613408533886,1.58566741674,0.749058507897605,0.458281051378015,-0.64955756356069,-0.641313558133769,-0.344209686724301,-0.12674107030148,-0.140196973624921,0.0813833063132681,799.99,0
63108.0,1.04121454248393,0.26884286870288,1.04626686872411,2.84220065033541,-0.499187583435329,0.0066199739830212,-0.13788879545121,0.120542176716858,-0.152483978997725,0.482235865217335,-0.414433794754597,0.133540653615736,-0.794215310089984,-0.0104088419648569,-0.620445087170824,-0.32416055745515,0.357280168304306,-1.07153529363508,-1.17757607390592,-0.225731097209117,-0.0128150434450218,0.119914156065474,0.0066162952824942,0.605269084630347,0.455444608669198,0.0745613251230686,0.0187630583573909,0.0241798892153165,22.3,0
167335.0,1.95352644713073,-0.50963708762655,-0.427059592350968,0.0066318293160276,-0.642918655511998,-0.324086093178314,-0.618936956884574,0.0991323128209848,1.18899048777957,-0.0249092782727859,0.525216342153548,0.755521066236838,-0.585052703616072,0.254239538111074,0.076459737086232,0.534143445451355,-0.828711842038702,0.408144379619617,0.441603209696117,-0.205396909775762,-0.1626114869154,-0.413572377150175,0.333001542435642,-0.379249258921828,-0.516299559742551,-0.282889510747737,-0.0015799429906517,-0.0485014512583825,20.0,0
115600.0,-0.746403990829865,0.109774367245583,1.43965828652083,0.7679268008162,0.750075634357511,0.166573566549099,0.197399288990801,0.336785589645284,0.128251826862388,-0.483048153323599,-0.182891837520911,0.45476202135676,-1.19598571018019,0.0668071922480048,-1.85264756440687,-0.389471563522369,-0.18974452581926,-0.0110307351023395,0.973856016264981,0.0008000484546155,-0.358321903622024,-1.05577362415057,0.166576786356166,-0.501426971428265,-0.46806556878224,-1.05044174182927,0.179008092649198,0.172915847610593,29.24,0
40086.0,1.08369268125484,1.17950120574809,-1.34615039129229,1.99882440095464,0.818034176163642,-0.771419407716543,0.230307373480955,0.0936831311994367,-0.167594341704434,-1.95980925751416,2.80433477984687,0.312424168769405,-0.595976467281167,-4.66257695501824,-0.299515020029103,1.00141391934549,3.90282478361756,1.61960922680862,-0.888087464222472,-0.0601585380014646,-0.311999618117422,-0.639699711353317,-0.120249014807271,-0.180217694458199,0.609282565276013,-0.339524442352566,0.0967012906089022,0.114971915513805,1.0,1
128266.0,-1.70861240326494,-1.57136153914171,0.945578861928106,-1.82674602372956,0.667740336497416,1.8101568181156,-1.43224811987897,1.32329238157529,-0.586730309605496,-0.536392783484399,0.0888807345663853,0.0713953414564843,-0.366952362039932,-0.333819610103239,-1.13390205859791,0.513464848084898,0.95199493914227,-1.88545191914981,0.275143015206617,0.361160192127587,0.283226021844769,0.29409123851119,0.0924266390292418,-0.949841271017201,-0.371959490956496,-0.295073326830943,0.0630392865327012,-0.128837909652574,74.62,0
16797.0,0.964711867342062,-0.537869920416053,-0.147912606579991,0.16191524574454,-0.235808726720082,-0.106772298020408,-0.0128100425449785,-0.0111013345952396,1.58552100995937,-0.514375015529248,1.82159470737535,-2.37128620602688,-0.067470044236385,2.15295072536003,-0.822571352596683,-0.270203327698861,0.811772858744273,-0.106533551077032,0.183802662999659,0.0472693601763886,-0.112432206894604,-0.331993940811223,-0.206021550593485,-0.297097785768567,0.353694162251098,1.10580727340941,-0.148479279205569,-0.0094230645765184,149.0,0
155044.0,1.83128493071409,-0.344926540017081,-1.48468347585556,0.216215475620072,0.418392047289366,0.409838043921869,-0.294338178677513,0.111296267036553,0.814749299701317,-0.568591032594727,0.457402591421875,1.08740322368657,1.08059487399607,-1.26378740047319,0.0905446864274788,1.0630105844555,-0.292601436453748,1.05244783565535,0.448408904692785,0.145377995509417,-0.24785765476044,-0.81275204891883,0.164681216110913,-0.478143674702592,-0.310053502068874,-0.663192452729461,0.0222835336611248,0.0008031149507556,106.78,0
73778.0,-0.511718971041234,1.15564597584771,0.857131130335148,0.182280855155836,0.812428906094154,0.443452793478722,0.468134405290004,0.150519564889324,-0.382924901210239,-0.227081699041507,-1.23735929927908,-0.79900058281386,-0.0718556411448567,-0.334818616876605,1.87100556742083,0.103887711899003,0.176659074320043,0.0549811326003032,1.10191303861328,0.220541707605257,-0.300693306499905,-0.780294673432457,-0.202782648656097,-1.37562082824347,-0.183466441907721,0.338527826905637,0.21102670106792,0.16618568633891,1.29,0
28158.0,-0.792380129469941,0.0143889965549953,0.983837933084143,-0.498790083101556,0.977443714451379,0.0800610383201853,0.424328550712361,0.230715375612856,-0.0529052385919361,-0.631356344211843,-0.553327791116639,0.04541881722422,-0.830396165564937,0.109266551326155,-1.41936774485471,0.486326475083339,-0.917288259960123,0.437660306324566,0.414755627903518,0.0576287554652621,-0.0899568691355903,-0.427369186248591,-0.0549314615715037,-0.966597715842134,-0.147587600380619,0.110399015076556,0.0518025624927155,0.12981825551139,51.43,0
124505.0,0.515553041374051,-0.682919350829677,0.255157785018185,-2.82937577576752,-0.0876348611485314,0.0728724342117855,-0.0959370628098308,-0.187901026119723,-1.92200386124184,1.28235043157865,-0.406548315299127,-1.06050705370883,-0.0071553610139554,-0.504275595487604,-1.17266425616715,-0.220114869429665,-0.262247712087066,0.76094965957521,0.305741625079988,-0.320118614068797,-0.162973373801851,0.128236834632012,-0.183198268295066,-1.19156680802552,-0.353964731061061,-0.209013334808901,-0.0864977783445812,-0.202748136920392,15.0,0
49705.0,0.956272938464656,-0.780597577080009,-0.519888587846742,-0.233356793062171,-0.30142204589245,-0.348176849219349,0.221765446824767,-0.088267441204846,0.234073650051154,-0.126066729720131,0.321733714132618,0.149363226551896,-1.03562019885938,0.537856203882174,-0.366294771675277,0.239104287015693,-0.382843342727654,0.0879874684853028,0.964963039427907,0.288294130227405,-0.0003211369355174,-0.381542081333637,-0.341282936842898,-0.402831609612541,0.437509796655716,1.48785878017652,-0.171343214353413,-0.0001240236278757,198.0,0
166133.0,-1.26684649438649,0.0991964479520036,0.121181471025494,-0.587786409799353,2.00947740464408,-2.15972467466955,1.05528818023243,-0.543822973714309,-0.934888319183868,-0.478616674192417,-0.626059147093896,0.109547472794957,0.452460300038735,0.480423164698672,-0.032342034850734,-0.415995566673858,-0.330323672404231,-0.682312526722867,-0.049728823437031,-0.24476705167191,0.0658523712974136,0.261966584834843,-0.754726538043207,0.176088866661728,1.1820260533738,0.919258272763238,-0.156674280134093,-0.16693936289187,30.7,0
163618.0,1.97060238950945,-0.251442199999329,-0.383686791966799,0.133358134442231,-0.384241857043342,-0.225482541621107,-0.50621120560677,0.0378150286419136,0.951458064703741,-0.0905057379916645,0.887256960730015,1.5782245749024,0.94611596318458,0.0786542097916201,0.337869390258461,0.412736506815517,-1.02132524212337,0.415598712840251,0.188539391316377,-0.174272707504192,-0.0724284285859382,-0.0517793262833722,0.296762537678156,-0.43043007700362,-0.338333765683069,-0.921061502863781,0.0641843488553554,-0.0390709852532667,1.0,0
122348.0,1.69023311644841,-0.166013391895815,0.666570155912942,4.13758099812167,-0.682354934448875,0.826622752600327,-0.785782042706531,0.318759616918841,0.370041812905398,1.14664963206504,-1.83745956638508,-0.0679750324820335,-0.415574545146942,-0.663442762042553,-1.6632897063301,0.829512456489681,-0.468630403281828,-0.393222822806236,-1.34363295498709,-0.204318762273406,-0.113559520243031,-0.211363030649992,0.287270085932564,-0.138908092004259,-0.479804255971292,-0.197764049461558,0.0342006691429784,-0.0144548552567518,68.26,0
62622.0,0.939263416283521,-0.109287298837858,0.290744785821533,1.48034225177119,-0.192961801579738,-0.119421652700399,0.276292650095698,-0.0897391418801092,0.159169378207742,-0.202082067757013,-0.401958980078942,0.948673878342846,0.66861573974991,-0.0627438593270136,-0.16469043557744,-0.744239729870336,0.222558769443807,-1.04978305994552,-0.410344136092181,0.097980812148538,-0.0219496514508838,-0.0543704392502642,-0.174451427938078,0.122196101429337,0.646605670891871,-0.327901048991203,0.0228574254890051,0.038090329292719,125.42,0
83796.0,-0.351815168844519,1.00756476167234,-0.958091831363726,-0.188198778469472,2.13244630741881,3.47792226343584,-0.122278878607712,1.20438071168079,-0.766804402877381,-0.214086040286565,-0.407538428557727,-0.114266271521145,0.041388751610557,0.730322324978114,1.18023547893191,0.176624969100027,-0.55036644437694,0.560230124626905,0.716441080131374,-0.039176529491434,0.132565369112547,0.116265031486487,-0.0710416828185003,1.00136897830853,0.0168408111046841,-0.324197679841173,-0.162634176266296,-0.0362897740569992,33.76,0
74159.0,-1.54878809850026,1.80869795041448,-0.953509033832342,2.21308539346999,-2.01572779170327,-0.913456844516923,-2.35601298316433,1.19716896702387,-1.67837405659509,-3.53865023182429,3.1020899271543,-3.99337305447702,-1.93741062327519,-3.82289410599595,0.830970110708369,-2.47535885382925,-5.21187516766885,-0.413871678166879,0.933262164554872,0.390785963777347,0.855138263312025,0.77474482148342,0.0590371520063436,0.343199807900813,-0.468937928609185,-0.278337986906642,0.625922215184372,0.395573378256676,76.94,1
40371.0,1.15401308200296,0.574322633090542,-0.244142508031551,1.14482523567053,0.279698503678438,-0.399619254499403,0.120690787028662,0.0377515585246773,-0.354714516656863,-0.442946281273598,1.97005083886274,0.753231047989308,-0.0689828203421172,-0.840901994353237,0.603364162070783,0.405784062350414,0.696022656453539,0.505231585054162,-0.651197680078037,-0.121952952246803,0.0279222811051738,0.153058909037688,-0.103279933830032,-0.0888706329802337,0.591068681055107,-0.315371902490656,0.0449864673061137,0.0377777034638309,1.0,0
77569.0,1.32097895017773,0.296763618490482,0.181803696839505,0.414679812883767,0.0113881070369635,-0.491267529083942,0.106350327756438,-0.204525666116233,-0.0379841128372277,-0.0915138026953148,-0.807453054385487,0.586226499333576,1.39003043492039,0.0041737464337373,0.991253456197413,0.503705200477949,-0.780863604654718,-0.382775852201241,0.190978053805367,-0.0076503848093156,-0.302200234026069,-0.822539725636286,0.0221322227197882,-0.435382146241729,0.360943635970078,0.143536758221575,-0.0239929192507808,0.0124220071185254,1.29,0
40143.0,-0.210525238206211,-0.673926889484764,1.56475749158203,-2.46080102080762,-0.76017293747976,-0.212986538465999,-0.652256248997465,0.15376363749687,-2.41432611798427,0.968690466486295,1.22278744627177,-0.10666221251888,0.861902529652696,-0.47081406325091,-0.455146925692324,-0.189233600357462,0.131518164114224,0.354160073832879,-1.12878440800445,-0.311053722595011,0.182415462259117,0.853185967947662,-0.0634235052633453,0.0299415320724597,-0.232287180609282,-0.227226101447116,0.0916840100235854,0.0462860092112515,16.8,0
64742.0,-1.39207030210634,-0.508785871657221,1.63877671894177,-0.0670090950756496,1.49254372946516,-1.73583910799619,0.588884433211229,-0.525122287939286,0.0617311122962724,-0.25408757693294,-0.216427548686241,-0.406249155978153,-0.357356332311008,-0.761598867735466,0.627831690439611,0.464439435018215,-0.442998798173803,-0.170229175857655,-0.637063069093513,0.0667745581387381,-0.259951526831735,-0.574927467607867,0.416704084242549,0.31464054588969,-0.401307427734041,-0.154106967083641,-0.413109024690863,-0.156574385385767,1.98,0
67170.0,-1.0783222842775,1.02833844264042,1.19467149088644,-0.0759240794050014,-0.319937085441303,-0.336462196863198,0.0658450777155601,0.667740566449076,-0.571936651624907,-0.262642113857914,1.34624622783184,0.27229937346132,-1.31872843686346,0.915028939270546,0.502418693938406,0.21923779977673,-0.0588491650601634,-0.180660842714535,-0.120146563791059,-0.133903928261217,-0.0920924453514418,-0.446304360002286,0.160088988588919,0.16801744023248,-0.339065009903827,0.0667382467596525,0.0181924261078327,0.0335057163643586,10.99,0
11050.0,-0.329890824838588,0.212967697592384,1.41080886924923,-0.10004512595663,0.340724722468597,-0.117782415340282,-0.245990317813521,0.0966524092805673,1.02393167330668,-0.491847125415923,1.39513154644514,-2.36490461309811,1.61851959131309,1.65334045984221,0.0275945213213803,0.555673941495665,-0.0188973453878399,1.22939068896346,0.976078045990397,0.151190660057389,0.110880221616283,0.457921086727659,-0.0226871792671611,-0.48604538567647,-0.907978691008156,1.01263834452446,0.0850880464357815,0.166900361175708,14.95,0
133656.0,-0.0934703094132552,0.631078709640344,-0.660276633630418,0.191909386060231,1.47402259991452,-0.264690395370856,1.10765958377253,-0.0342163947051972,-0.370237019581108,-0.0554325281298101,-0.195196021955935,-0.342469384871998,-1.88163200647809,0.81942683219776,-1.43819126710608,-0.213334570745877,-0.66856221007419,0.421485344218104,0.126309836842694,-0.360873282386622,0.109014399605865,0.331866459751465,-0.0693882835733642,0.229934094657728,0.289407339003335,-0.59058622327503,-0.103910219935576,-0.0394878923396908,7.99,0
120307.0,2.13172850866795,-1.69799083883406,-0.362026359196967,-1.64135236707311,-1.58924571481718,0.0702493712828544,-1.63742599120464,0.166082582418235,-1.06840741264091,1.66017037015848,0.694481143844459,-0.267078776514627,-0.0083891176119636,-0.387464721118122,-0.437931979326898,-0.0005787706765371,0.167722004350934,0.471351995975385,-0.004084837156214,-0.345080735185779,-0.249772113421755,-0.405266683621934,0.43540245654861,0.632863719592006,-0.656204123858019,-0.466259275582631,0.0296680641689479,-0.0304589789492915,55.0,0
80529.0,-0.345749511371259,1.04341455165066,0.773769109943039,0.954786470930025,-0.484747892642545,-0.671122750167763,0.17195321225661,0.487001290900328,-0.720810405657755,-0.155384077565203,0.952128697337663,-0.0609370378507756,-1.69850974275283,1.16794085983249,0.448668972777267,0.0685814797571172,-0.121928752914856,0.756870846167712,0.564764379549007,-0.225226887257489,0.224053365612025,0.433099539720381,-0.0051883113921403,0.499179036774752,-0.244881265275353,-0.352623415260461,-0.0608708745053075,-0.0293659597941538,16.95,0
119265.0,-0.595427709016213,0.26215398417201,-0.539745552178027,-1.5668885862588,2.26024281718805,3.92040919663721,-0.863467177814487,1.08289467805159,1.5265895341843,0.104930423696673,0.0833480535527455,-0.238405095489785,-0.0736249611500119,-1.99073991650101,1.01476340193853,0.998336647939046,-0.194168782640343,0.818104969810497,-1.12527432057932,0.315222621366582,0.102169630984394,0.784660903361876,0.0886819054364424,0.63514678861408,-1.18960884559114,0.349053006458339,0.377492752095326,0.188539642779737,13.54,0
24838.0,-1.12054419791752,1.05060293366452,1.20594443109804,-1.49363914411514,0.378739780067647,-0.0665634806031804,0.475620342827138,-0.0267898102466823,1.34346072480083,-0.418914323067811,1.34418098182963,-1.95459854178542,2.22035828186493,1.27670279953101,-0.861414154444115,1.02222930912291,-0.631247371129662,0.673186924172758,-0.226263813833585,0.121033482740771,-0.25777957358767,-0.444466064968292,-0.203668851866187,-0.724822017369787,-0.21093828369053,0.706237733347865,0.076329033300644,0.233799709400426,30.0,0
81029.0,0.943354219327886,-0.852122870119966,0.963850661055595,0.30723742556761,-1.22931572733272,0.0912660304234196,-0.649829875673273,0.223383858855105,1.35472797217673,-0.517691891484154,-0.757015938350912,0.082448614263341,-1.12433736425053,-0.281808069140489,0.0833423529089091,-0.346780227652153,0.490196073673548,-0.930714055238039,0.0770001610464962,0.0555697848055955,-0.148514055095189,-0.448180109219403,0.0205702379018,0.12405622203765,-0.0166981932106006,0.96373240139555,-0.0462311945519604,0.0287058693606282,124.4,0
120883.0,2.26861032417122,-1.57908266621931,-0.434778444005298,-1.62119967694828,-1.56733512373282,-0.0916041893829481,-1.67281991525755,0.0604841403401668,-0.950333872575883,1.69869026837776,0.0976510181600447,-0.277662743940908,0.39674646829555,-0.594882041801115,-0.783568162651844,-0.0452748924893169,0.0119435568458248,0.968967441098774,0.133974939538698,-0.437519679699711,0.0610797145094899,0.772052566091705,0.102444564686177,-0.483384004113129,-0.176744739279082,0.0229719508239928,0.0429903392322271,-0.0590892419154097,4.05,0
28692.0,-29.2003285905744,16.1557014298057,-30.0137124857248,6.47673117996833,-21.2258096535165,-4.90299739658728,-19.791248405247,19.1683273897301,-3.61724178604255,-7.87012194292549,4.06625507293473,-5.66149242261771,1.29295014454242,-5.07984568135779,-0.126522740416921,-5.24447151974264,-11.2749725851252,-4.67843652929376,0.650807370688892,1.71586182428358,1.8093709332884,-2.17581520342142,-1.3651041075509,0.174286359566544,2.10386807204715,-0.209943999130567,1.27868097084218,0.372392714338541,99.99,1
40892.0,-2.14051149219032,4.10487145129475,-8.99685940156949,4.02839095079544,-5.13135934640223,-4.15356844523859,-9.36009513383968,1.92207487977653,-4.02618037499445,-13.6913151328525,9.09528815249629,-14.1681208819376,-0.140455389751523,-17.6206343516773,1.48274041096936,-13.2568330912778,-21.675483501012,-7.82346881553754,2.9951111673215,1.72557761649372,1.85426666080646,-0.165533725878965,-0.339938978813788,0.296313762529247,1.36422533027428,-0.518995630979066,2.35233346525926,1.13062483533989,0.76,1
3745.0,1.40036825968155,-0.68545877476108,-0.915669763857596,-1.6159218449144,1.45777009926571,3.27492986517892,-1.16970550668257,0.710223435052268,0.360048457597935,0.281779123497144,1.00952727394774,-3.17331714710658,1.86926588267398,1.41264582420573,0.259920844525072,1.53367291445898,0.446081470306639,-0.865727976755781,0.766421224316951,0.223089938464627,-0.277802529923389,-0.898526663220333,0.0807966778270294,0.920047170795621,0.356843163936531,-0.5084354854627,-0.0200260768419489,0.0155288460146604,42.47,0
125832.0,1.73282471579258,-1.32096899109068,-3.26056794931549,-0.636319426747612,0.720474004567226,-0.364862909842223,0.831744770823637,-0.496823601247037,-1.45146023084609,1.05727890809409,-0.216733139759314,0.302601005404919,0.595446560400485,0.793406026252717,-0.974620900230889,-1.73478023551452,-0.486622202738628,1.48849616578455,-0.05644860681936,0.0565470086113005,0.0532932885948613,0.0860836590498713,-0.463766716639909,-0.251234985363325,0.542223748378623,1.00009983461707,-0.184707422816183,-0.0540738766663574,302.3,0
145878.0,1.91976085504489,0.358499901896443,-0.065436992219479,3.60422740361203,0.146701609685519,0.666412694355034,-0.496643125000644,0.167188257211599,-0.484556505696517,1.42897152295056,-1.48652043812375,-0.349357960375658,0.382028125918099,-0.155305890974771,-0.0204630731159607,1.51093743727754,-1.2363067928521,0.239176372373657,-1.76093045997,-0.232054545181031,0.168056922779007,0.500794669052921,0.208016939560013,0.44205646608175,-0.214347131758431,-0.01990399788631,0.0051356802701099,-0.0268953152068088,0.76,0
60286.0,-0.533044658004273,0.496830209146534,1.74974018095668,-0.0333882528866637,-0.81010181876193,0.815851536582693,-0.923343230846497,1.06167930001745,0.0644964716658206,-0.540878187655186,1.20085526340245,0.298457126443621,-1.03458544388306,0.466133897092251,1.20097222048188,0.549366310010622,-0.164492346760436,0.351646966908558,-0.969709287210852,-0.298204565382973,0.457817123851588,1.20865882829576,0.0573800362258638,-0.282666655655244,-0.781278292400031,0.411998007826192,-0.0268731420026555,-0.0282994668427502,5.0,0
33443.0,-2.67390758030724,-6.7013222332589,-1.05130327783291,1.77851521490575,-2.710567874682,1.59722259360824,1.63400117029675,0.0129455644713171,0.721114290732449,-1.1969679253598,1.27418599240195,1.20769639883181,-0.348451242931228,0.245658059524377,-0.237218563770657,-0.194888726536005,0.525490866340581,-0.583410474345504,-0.654706173460776,3.78109793186965,1.04437787145264,-1.13809112311946,-1.5751763237139,-0.132154642613904,-0.768846881165082,0.747504866455353,-0.372233891363872,0.334852349953961,1948.68,0
116248.0,1.90483072718544,-0.102196581340048,-1.82613511772718,1.23971056523812,0.507993641736489,-0.607277208842492,0.519281738666947,-0.187978598691007,0.158907965268219,0.439523125609759,0.149545971702312,0.194974611741376,-1.56279641497086,0.976822982064706,-1.04086551291109,-0.358548072685973,-0.446762712910736,0.135251834281438,0.207103617190122,-0.246845864154014,0.0944243682786591,0.277722237991711,-0.0973542296731855,-0.493110504185184,0.416847364442225,-0.48382036839215,-0.0380314144815973,-0.0692855480846083,64.54,0
42017.0,-4.0912215022654,3.07652979869269,-0.834450916115595,-0.484643115473765,-0.921087294547302,-0.219079857995597,-0.740382797747564,1.63133059472264,0.212775524857253,0.867942077303421,-1.39577122854217,0.228873915423319,0.133741418472921,0.878700403030728,1.14722279318927,0.374741396970463,0.257703673852877,-0.469692387179426,-0.0422119024087427,0.0050037818250268,-0.1867511860504,-0.704124138396396,0.138025884760898,-0.794568266090634,0.646761494140273,0.274826422500892,-0.467020655946563,0.182773579751968,12.76,0
87533.0,-0.635838314194163,0.399594662796971,-1.82255496551495,-1.54090070250075,3.67418240523917,2.87250638988773,0.13276870771282,0.819810226715902,0.0150177084816934,-0.504906967488068,0.0530029277608866,-0.126981175252065,-0.40723741076945,-0.755134250003017,0.04556985508605,0.142630094837751,0.293393482712273,-0.359790379580768,-0.369918217284089,-0.0841443247419377,-0.227658931523153,-0.597835240955013,0.167935138892255,0.61254038489431,-1.28403023142724,0.0027687326526986,0.230488930679068,0.39214516987923,1.98,0
47497.0,-1.22760224954643,-0.619572335561426,2.15327387995805,-2.69543214319593,-0.819739673519115,0.498416914910811,-0.53252255615844,0.13045452982152,-1.83866125825759,1.51491420363072,1.33342711955404,-1.17605931276587,-1.0258961390786,-0.489195335521398,0.305671037431182,-0.426785670581791,0.408185608172224,0.0849160028869794,-1.35880107722808,-0.421045553148851,-0.0202954610962211,0.517653194235225,-0.285029906026257,-0.321654257988766,0.137334128853808,-0.184957006755357,-0.189677993193245,-0.0710609145001158,52.0,0
155342.0,1.6826793279395,-0.608647381941601,-0.611000495809687,1.29856502667186,-0.364384598695134,0.0380297653723949,-0.301112101321558,-0.0188384327737377,0.834383233769049,0.134946678314372,-1.06650012228642,0.337129719163609,0.566020068979376,-0.0620818123458481,0.814702928691111,0.550616129198976,-0.904562122923647,0.435003624293771,-0.725121761453013,0.127121469704616,0.303778476118473,0.659689822405769,0.0069557683080952,0.577416443702921,-0.0875763894213091,-0.602965662426661,0.024735057259407,0.0031035515703481,161.86,0
7526.0,0.0084303648955825,4.13783683497998,-6.24069657194744,6.6757321631344,0.768307024571449,-3.35305954788994,-1.63173467271809,0.15461244822474,-2.79589246446281,-6.18789062970647,5.66439470857116,-9.85448482287037,-0.306166658250084,-10.6911962118171,-0.638498192673322,-2.04197379107768,-1.12905587703585,0.116452521226364,-1.93466573889727,0.488378221134715,0.36451420978479,-0.608057133838703,-0.539527941820093,0.128939982991813,1.48848121006868,0.50796267782385,0.735821636119662,0.513573740679437,1.0,1
167580.0,-4.676270484978,-2.22422276611999,0.370551641247418,-0.186915188820409,-0.225068922041353,0.503716825594074,-1.25417381849943,1.59059746352552,-0.0527760551223166,-1.41795393292232,-0.363982439357941,0.99066119278479,1.00066183538426,0.377523142363469,0.217636287335999,1.79404378258248,-0.836515655726955,1.27263433207361,0.146482991111636,-0.757236178237426,0.144743513101121,0.545627767986785,0.336150442233919,0.0190612984969153,0.552850105283172,0.767836233123229,0.126275223946147,-1.34079138187196,27.0,0
87029.0,-1.15656720857294,0.828786964261286,1.05326565211067,-3.3569555495654,0.226280325093266,-1.36183343720451,1.33496164606755,-0.361675030148306,0.888467511475296,-1.87694744577874,-0.63333779784194,0.993586815475873,0.986956257255696,-0.292909027215452,-0.17163434505566,-0.448618940754197,-0.676894923772914,-0.393032812075085,-0.405097752899952,-0.0325422051916197,-0.0041276104388543,0.16119531914528,-0.535679719009347,0.107319768690736,1.06339214943573,-0.310188034731439,-0.0233767663264257,0.104693581305209,32.17,0
79146.0,-2.4927580319667,-2.58816304678763,1.67169286533508,-2.43983700484558,-0.258031806360989,-0.920751225445315,0.450960895499536,0.136687481578607,1.73858678201011,-2.67399025535519,-0.322778374920564,0.799583082934496,0.09569914179994,-0.193016224947055,1.40390802416827,-0.969697631569046,0.0464275046940434,0.247049597209266,0.0727856898087844,1.17533774378744,0.590345486120709,0.793447921530397,0.792940715775697,0.0798052982556983,0.852970338122862,-0.707991830338593,-0.0563863693860919,0.130218170669544,404.09,0
41229.0,-0.440744315680433,0.806950527732403,1.06920984780502,-0.552301176760416,0.4389319073633,0.229625582655985,0.622090005116697,-0.0644886837274503,-0.823843679402959,-0.202867507827082,0.484520179362569,0.787796507113894,1.54325939922512,-0.024852135808505,0.458639126696472,0.336698941709818,-0.800764118857194,0.646686622533811,1.4944367900145,0.200545326989307,0.158281672842009,0.49601972379543,-0.409867040806128,-0.706215785260329,-0.004129629865508,1.2156226863176,-0.0814881693406878,0.0687125088695731,36.8,0
138063.0,0.106760136845946,0.949853367593469,-0.535160051006264,-0.745177908084876,1.19363860449737,-0.232936791923505,0.840860000932982,0.0850395660597121,-0.2864394886086,-0.672787259229256,0.738670653192305,0.485290934373975,0.0057145335373949,-0.840543581381417,-0.867791774786954,0.573528237820493,0.0391993271501326,0.306351657484433,0.125106624817809,0.0426591903412952,-0.30586434696016,-0.764511902071084,0.0492953373127529,0.117716631461411,-0.416060947177237,0.12220838217303,0.220586173617676,0.0704118903897017,3.59,0
153613.0,-0.912659667836148,-0.305366818007106,-0.571258513683152,0.143467614471691,1.22475209435807,-0.169618652241826,1.1372660777525,-0.0530518337348717,-0.0193290631191932,-1.53860729857193,-1.14546829425224,-0.368601808220348,0.147056405694719,-1.62018968839388,0.278792569530007,-0.246349583944102,1.29746192752979,0.650576056899129,1.28855608181556,0.779672540767272,-0.0111267764271755,-0.418488109470865,0.464651950596763,-0.115696678268641,-0.160410807936953,0.044976359204874,0.0772577754162298,0.235712064898724,234.57,0
6986.0,-4.39797444171999,1.35836702839758,-2.5928442182573,2.67978696694832,-1.12813094208956,-1.70653638774951,-3.49619729302467,-0.248777743025673,-0.24776789948008,-4.80163740602813,4.89584422347523,-10.9128193194019,0.184371685834387,-6.77109672468083,-0.0073261825777121,-7.35808322132346,-12.5984185405511,-5.13154862842983,0.308333945758691,-0.17160787864796,0.573574068424352,0.176967718048195,-0.436206883597401,-0.0535018648884285,0.252405261951833,-0.657487754764504,-0.827135714578603,0.849573379985768,59.0,1
159484.0,-0.472836588454402,1.58264621381955,-0.331366785236652,1.0049581804781,0.621052308323616,-0.846158797611883,1.17307837936557,0.0855166954809483,-0.954225152420464,-0.257872850162351,-1.09735757481877,0.478108815497295,0.590926588976465,0.649716616648185,-0.444615877259152,-1.12813371836121,0.317096294054258,-0.421551965829235,0.740928174667756,0.0200249728395421,0.171867034697464,0.7200130709918,-0.217853458235752,0.0238010322899612,0.0818918485470525,-0.375627393768751,0.315902519635632,0.18363127944228,21.87,0
52838.0,1.17908352523206,-0.0724984095644677,0.390849730624207,0.220229251067397,-0.769439445857735,-1.30384439292266,0.0856962729695096,-0.288457415608649,0.131749514915725,-0.141765142925941,0.03666066784636,0.325613572070239,0.158641325827579,0.245385863849269,1.01739147227436,0.134712550371443,-0.192107687054023,-0.500225446362795,-0.186405939468386,0.0226969327669607,0.0689576960554885,0.131859063407307,-0.0508165031407441,0.79706065927094,0.324187610843533,1.04499348391113,-0.0925046530188502,0.0129180531608453,52.15,0
90166.0,1.99132946393305,-0.284843098534474,-0.109779383502564,0.709825195232001,-0.710560102247724,-0.58571836459583,-0.656942107133486,-0.194633580674683,2.43088060494761,-0.371763593655156,0.0636529176283562,-1.85295284823204,2.33904866595307,1.08650983088878,-0.49010737654303,0.208491804993664,0.240454048927457,0.199596292004398,-0.480636630009569,-0.197546630435498,0.0529762044171927,0.657820407694314,0.13679808196804,0.0669662181810553,-0.228305377935581,0.570028118211434,-0.0460206125703131,-0.0535900722002257,11.61,0
172717.0,-2.96924964965578,3.21685095685852,-2.87300188601668,-0.628840070910376,-1.00936619651941,-1.23940561145037,-0.868517152444142,2.09513919808194,0.298902654600853,-0.101014914274412,-1.29881177712684,0.603823536668096,0.0221753793477118,0.204752548239907,-0.30718542712875,0.827427512821443,1.18777216002512,-0.103099733133986,-0.452568210760557,0.216236526446913,-0.3143853786289,-1.05090265582021,0.387902063508009,0.598871193376502,-0.0203161507400669,0.146919031253532,0.232855822988597,0.122175569597482,9.99,0
50163.0,-1.27562916511606,0.874846425181863,0.484789368672466,1.18448824037471,-0.919089852122735,0.136206243884475,0.996639005832249,0.178956817634167,-0.513374150310756,-0.164789525214368,-0.47134338168281,-0.502890070431721,-0.866258424240279,0.72322584261254,1.682366599639,-0.438151670150446,0.375269795424424,-0.188746506437501,0.399682332382869,-0.526676118650694,0.0776213327557064,0.403652558854437,0.0695014138492925,0.0840665188486899,0.120976352905854,-0.193839799137319,-0.242172511478689,-0.128631374681295,199.0,0
166863.0,-0.603764944083621,1.30755789432129,0.0441767262120953,-0.711794573663857,0.369044222212111,-1.12958586424536,1.12747637001866,-0.263849868451606,0.308069674377452,0.372916186019336,-0.661006923687389,0.689484542650724,1.05668853893611,-0.335715447208846,-0.460439099714903,-0.223481670930985,-0.523119078657121,-0.92716547925163,-0.150166604785666,0.306435989883199,-0.374455510148191,-0.488851349214523,0.0634937859582802,0.0610281486805173,-0.378385631267563,0.0896695231697172,0.0219280370441921,-0.289738401705717,13.99,0
38305.0,-0.515864316808901,0.980447377654382,1.64903389544494,-0.152785579535423,0.103857138889635,-0.20404869737487,0.568819359135952,0.180203392930795,-0.740456723240815,-0.20288485096231,1.77790377672301,1.02425441427389,0.330570430334516,0.292066339047169,0.336481218209054,0.0228906558849278,-0.316752413950506,-0.425430340223799,-0.135479264483178,0.10282504150377,-0.128863206665495,-0.294343330249251,0.0206302167210083,0.216637773236653,-0.308397049459573,0.0692715428652192,0.280293340030869,0.11056224493756,5.36,0
51071.0,-1.02055783781704,0.727825463859339,2.28778283536906,0.291842358268734,-0.852143600060964,0.0385690100699024,-0.365586650671327,0.710396053183656,0.0679955817969759,-1.01696434651348,-0.554358031468417,0.388631298897744,-0.161791804739512,-0.105935241712309,0.206231611296778,-0.230808635104732,0.439196136837427,-0.55001174104284,-0.309391410827781,-0.148005736280309,0.0885611249531926,0.266221476471222,-0.044452266751851,0.429675716046067,-0.229687237529837,0.306945836330946,-0.0128596672389761,0.0328368772409694,11.49,0
60440.0,-0.997157379555245,1.25755819863272,0.626218740440638,-0.164192349602247,-0.116591706561833,-0.122209392178255,0.0238432913689313,0.786604909953491,-0.297184842613741,-0.242868217662484,0.935562677894048,-0.350940106010462,-1.94790360081826,0.436972160697332,0.676675364902069,0.584224571100947,0.194852900429397,0.292963790491653,-0.0577226858132946,-0.0084114324841815,-0.217760281455295,-0.729494429392162,0.0488378849507947,-0.420200855546677,-0.215415835673438,0.11829637292081,0.229447972918503,0.0693928609556405,9.86,0
84760.0,-0.271445569019611,0.369457469531596,1.57463340073733,1.2433738955526,-0.286170504443099,0.407398026167034,0.31587942764746,0.186651689202425,0.315445876078438,-0.464787852433256,-0.909152268785746,0.391810562999851,-0.0011409415786022,-0.376728417046936,-0.3086904635653,-1.05475578041986,0.510193624287267,-0.451623943305788,0.390436799064465,0.0726348953614193,0.201451228100258,0.833478374001802,0.148543259895342,0.110798828704375,-0.797227764212702,-0.344296038667114,0.276394845396139,0.229757028348129,71.22,0
143400.0,2.03294863863576,-0.0537012525541416,-1.77477866873017,0.279496202985799,0.475884820962556,-0.701279302347865,0.383199147694646,-0.208659966485095,0.370194699483882,0.10746212449474,0.751632018414228,0.916159651178207,-0.626650341750176,0.740605829067168,-0.933546761490173,-0.579284800359884,-0.32640250943043,-0.0741706791011196,0.522402445269318,-0.244699259134267,0.0433466184243053,0.269176170425217,0.0607339308928007,0.780565504654596,0.332120319632187,-0.275871137092365,-0.048046886191978,-0.0692645634350083,9.39,0
28499.0,1.23605558984646,0.519209158290435,-0.073251242695671,0.981565914237307,0.177718344636793,-0.846329428749837,0.510512493062157,-0.260360876214235,-0.677051142850909,0.187717127875285,1.49128801921631,1.39157919703369,0.828559468877113,0.577791040773113,-0.118950454190434,-0.0630390819449742,-0.616533993743866,0.0131643776445702,0.0313583708103075,-0.0865182261686264,0.064679815155148,0.254056509111019,-0.168463520671196,0.375410669783793,0.854097994261533,-0.316753087286509,-0.0056459592534459,0.0026218841921444,1.0,0
17161.0,-1.23652754194775,0.998563364236628,2.34624207340634,1.25198240214152,-0.584905311627434,0.612717984471617,-0.602980793779373,0.853449467960654,0.686556237438997,-0.562294297930397,2.11912949976798,-2.1526591495173,1.09711333345528,2.01903958375222,0.677693426901864,0.205532922492878,0.675015694240414,1.07758587319416,0.178227653254092,0.14281637638174,0.109442834528872,0.427077868956211,-0.120817793955077,-0.0571644850120453,0.0733132788094741,-0.187437999376333,0.223605363466362,0.0470335035158563,33.0,0
73936.0,-1.56794730574111,-1.25742697895756,1.5860645037672,3.08073775760942,-2.00817703347659,2.10509480231976,2.08256194590172,0.121416506960186,-0.313247459015413,-0.526097387772455,-1.92973244026379,0.252377245404895,1.09059992158176,-1.11115472832831,-1.625060104771,-0.108032514005792,-0.0041919640808535,0.331664393380778,0.298539896048549,1.57574577115214,0.549793164563629,0.791004438291637,1.36088896403831,-0.142852428456113,0.0261837141847392,0.227335907455347,-0.0150448200143609,0.224687304782226,688.42,0
71392.0,-1.35078369544866,-0.553595538964976,1.84692217129278,-1.65358231817424,-0.948094323873015,-0.190595284057071,-0.804076712209422,0.705539098282315,-1.05823828119179,-0.341166005335221,0.394132230600205,-0.120164719928154,-0.0482615067004127,-0.291835569509841,-1.01771103764369,1.82356062888959,-0.162741700430664,-0.237441274582101,0.193372058469206,0.238865520270647,0.5407008426967,1.0691335419395,-0.171326005142411,0.0266062068222366,0.219050141988856,-0.208808542818925,-0.0393427556174074,-0.0537348742181364,74.75,0
55285.0,-1.31967752193522,-0.258464360119563,1.86225374941744,-1.01451250496992,-0.845223735109428,-0.292485872034008,1.04388161099893,0.0488412237778626,-0.0680008717767656,-1.04507017318504,0.189209841151638,0.694401774754499,1.18779025230016,-0.373178521886892,0.870496611646222,0.441400458108154,-0.471311660225214,-0.660127711288354,-1.38541635704065,0.716679041856256,0.247035250690621,0.320554686124488,0.637489227430538,0.438815018400541,-0.357098813243201,0.767929227600404,0.198715951608626,0.204448360822633,265.0,0
81348.0,-1.20392050483969,0.817640611343913,1.76441881071059,0.595637924252657,-0.0478971379363828,1.32966834454831,-0.474130152646914,1.00662179756588,-0.284422564564454,-0.444787353671515,-0.014973602713812,0.493213824875079,0.120725524078298,0.173211990180286,0.47893305084763,0.258164815997483,-0.322378936556383,0.818596845988743,0.855273268286879,0.200472799167451,0.0756902120322631,0.223598796658268,-0.292434319139331,-1.15662588187164,0.361678404658041,-0.163755536044215,0.251244624496867,0.0397037123359708,31.28,0
107696.0,0.0703486781241619,1.34300590189136,1.89691968101744,3.44787220900225,0.239518757142128,0.155442701019826,0.324539128712213,0.030406779888796,-0.0071707378904649,0.476764960988977,0.0817461372679467,-2.45235249643624,2.29938082439656,1.14019242397769,-1.42633119784222,0.89985355525912,-0.0182088218723429,-0.193494131632438,-1.75320074378294,-0.21499914821055,-0.196462692131259,-0.301923628740982,0.314985861046945,0.266775525361277,-1.28032866693217,-0.499504098724584,0.139350436230757,0.134036137733267,4.72,0
138235.0,1.69274655136706,0.278136262784492,-1.68357268102957,3.72546515482798,0.968868401844139,-0.122100277752161,0.890190603331568,-0.222256155556551,-1.5785243573135,1.63743461831069,0.167966741567104,0.18065662305271,-0.448928664209376,0.840664459944115,-1.85663977172935,0.489191540351375,-0.816092855030262,-0.166614939394257,-1.05072914831475,-0.0469265045482166,0.229599658645653,0.40509831002542,-0.176269976440159,-0.392081359582208,0.360506597895183,0.164989453087425,-0.106854456418397,-0.0590452893154855,140.08,0
30975.0,1.09250733523467,0.0767488195849404,-0.007427337239585,0.407813943063858,0.0109517586999329,-0.444287153837805,0.322472922386044,-0.059168525346495,-0.473465086449363,0.0410578634128881,1.73055947527395,1.11722800144441,0.0438061098316108,0.696970894204497,0.306570894285322,-0.0670195938963108,-0.226912328115495,-0.837155245717694,0.0222382497595395,-0.0064627436516643,-0.270438256478392,-0.933916503761336,0.114397142178594,0.0111382096682039,0.166828696121013,0.144820423315177,-0.0607715034012771,0.0055209548477934,60.9,0
64271.0,-0.602728849892531,1.2238863422271,0.794635503438724,0.68007419655744,0.201734913051904,0.172694018979158,0.285597828074321,0.562817331417617,-1.07095903155377,-0.321429865167842,0.947516658154748,0.681717020282332,0.0136505731844067,0.870768400742429,0.549064796022329,-0.203042562756165,-0.110178594275905,0.306398987642332,0.48103093835696,-0.119769633316747,0.259343655105461,0.664650652557866,-0.127216641393605,-0.29263276950016,-0.292274818710511,-0.300131604384451,0.0594286981386849,0.0852993313643337,11.75,0
66389.0,0.0818664101657887,-1.44238589395618,-0.642636747298811,1.453454391719,-0.217713404727201,0.163775819593285,0.998486161343795,-0.158077794608457,-0.600344154490644,-0.0817770031777872,1.34569076938101,1.20149885355755,0.644032651061787,0.681515533801333,0.31712470639134,0.0067229254981193,-0.483372567785921,-0.118484550980531,-0.468534528182802,1.04665961248882,0.381784650175782,-0.134024010683775,-0.627425753538275,-0.254345619163992,0.473247985537267,-0.373134359140971,-0.0900958135009371,0.101203519996999,577.6,0
129985.0,2.02388998915571,-0.294175529798448,-0.505372676895874,0.16439771738824,-0.283244276535403,-0.237833485350962,-0.419506117757946,-0.115732869895035,0.889577118585759,-0.0642842618444655,-1.08801821860886,1.06295402625841,1.88467342589107,-0.466575921838797,0.45294231733815,0.511396933556266,-0.802623862539027,-0.485743038577529,0.103611302920123,-0.0510507254416522,-0.23230099392735,-0.481438977930007,0.315204187171793,-0.674129715567174,-0.507669964053835,0.313569103700583,-0.0232778776808349,-0.0452065945706236,17.0,0
34289.0,1.10108600932052,-0.0917566171489254,1.16540223267704,1.29977208751632,-1.05619233827926,-0.451657020896661,-0.538942399589843,0.0849434237422862,0.634693023422823,0.0183664763947208,-0.638494999946562,-0.396658927079824,-0.913547868542993,0.190901809640441,1.53011590673617,0.733026698686738,-0.64608880151057,0.473350750345374,-0.706484533147383,-0.109518037144515,0.113954153259688,0.225871444947357,-0.0275664666256437,0.339248910244032,0.28815210965024,-0.361045022545806,0.0477955717135225,0.0448688645789167,45.0,0
43851.0,-0.64678346814954,0.613066124617718,1.38780111580642,1.23437305761413,0.549535375284091,-0.229709129901634,0.333595859842801,0.0581938534029895,-0.153514737064412,-0.174868451701771,-0.756723747112348,-0.0631384653550857,-0.664977475482098,0.104605460154278,0.0893458284074963,-1.08278794067571,0.530791439875029,-0.662241841800447,0.460299597629798,-0.158886060044751,0.0216051547738039,0.263142600115846,-0.165603290811971,0.0935169213693538,-0.320298342573114,-0.326947408191021,0.0994822137537313,0.152634426647557,1.0,0
8878.0,-2.6618021745564,5.8563932148043,-7.65361621324071,6.37974188053221,-0.0607121191362683,-3.13154973153662,-3.10356974550479,1.77849156945338,-3.83115371623455,-7.19160424618226,7.10298858788516,-9.92869994299538,-0.0674983775194601,-10.924186865147,-1.69791397714032,-2.37942098527078,-2.77511389701838,0.273798971252603,-1.38218756352589,0.399096860264863,0.734774950378595,-0.43590118187623,-0.384765904180568,-0.286015663843443,1.00793382365812,0.413195532462339,0.28028415690056,0.303936550639395,1.0,1
64172.0,-1.33687640471881,1.31869830053118,0.890152279986763,-0.602762174894745,-0.0304752453723827,-0.0384819860666535,0.791118782029439,-0.514897177580778,-0.57933462672058,-1.19794800830463,-1.39230272558633,0.71493192706372,1.6086647759116,0.0004842581542224,-0.329412515246933,1.25706671273988,-1.37689672736331,0.0291112411565619,-1.77271353435025,-0.43841702967323,0.783117658360109,-0.336469701868747,-0.0374261547197355,-0.476931448806413,0.118185957941484,-0.782308929696053,0.0894082001362978,0.0253659068786359,118.0,0
148664.0,-0.388312622568241,0.969079202304501,0.461054141227469,-1.29471214643488,1.08962342730347,-0.522114884096208,1.22389520148292,-0.125372549149779,-0.676752057257004,-0.849254660336068,0.879866769685492,1.01227986700213,0.665446224010688,0.38152607121055,-0.753113766251584,0.134243513623345,-1.09691353630292,0.450379938978417,-0.592636770256933,-0.13211811154876,0.379878466203373,1.10773790131466,-0.419109722525639,0.81902773951132,0.28726100016366,-0.284595455952857,0.100692904652608,0.135495460746269,3.0,0
63322.0,1.09574759365319,-0.291998470715872,-1.25986603364436,0.335419433465819,2.10090750858174,3.63806386573814,-0.324004174019469,0.826643515285666,0.162241425849363,-0.0586729488008763,-0.541091325310213,0.239701461125508,-0.207354005390744,0.211119896128419,-0.140246926808068,-0.0898584357948432,-0.508260630718865,-0.0585558941602353,0.335866637643759,0.137861098548481,-0.130873876460603,-0.526594080487179,-0.203057236836423,1.01432788080577,0.86135561891745,-0.335879874830915,0.0089501920049848,0.0275607622987699,95.14,0
119016.0,-0.439248779228885,-0.492785433058984,-0.165675004691967,-1.74387628435124,-0.501486197541034,-1.1047822528702,1.51732546673461,-0.384863967727298,-1.32456247186433,-0.0893714824232083,-1.19752339354543,-1.89545910980571,-1.67366524630476,0.375351767306664,-0.383457571685445,0.703853007653876,0.307077440586699,-1.16919037094164,0.462176941825975,0.432062372221447,0.503157476636972,0.913462593044967,0.276145120321659,0.0221051363771971,-0.0238742967818737,-0.104667496431315,0.0251960173290368,0.171459342467239,241.54,0
133212.0,-1.4744099992438,-1.86290531957446,-1.37434741969673,-3.24185792654573,-0.400482185261366,-0.200824423807602,2.16970829976515,-0.554178747406277,-0.543171386080049,-0.805109176160932,0.163239601009771,0.120406389135556,-0.281157719156818,0.540862624819667,-0.313938683412699,-1.85417910241063,-0.554218218847298,1.94452283229056,0.169018520514791,-0.594772095984265,-0.209071388525912,0.0407501345598814,0.0357530715247208,0.236043195158837,-0.0629805156654315,-0.25639020902604,0.358612884463092,0.0284732247703288,547.48,0
12817.0,-5.91866601659113,4.97742920765901,-1.12690009993241,-2.57582307513266,-1.37551370653482,-0.996788840520694,-0.0836832661500209,0.46818675648391,6.27586323947123,6.89948238034011,2.02015750493984,-3.04262189706847,-0.907106341612086,0.275500552074043,-0.260550955115312,0.495303002965853,-0.407005567488612,0.417050662923076,-1.29670894954469,3.09520302542789,-0.98208795684858,-1.14825798262279,0.278835654175708,-0.196966217489755,0.942513681127615,0.806993508909892,2.72104988838817,1.601846431025,1.46,0
77970.0,1.22243488172355,-0.482972627114514,1.00612649799407,-0.629277715316845,-1.54540069350182,-1.05878729869553,-0.699653056194532,0.0581060042833922,2.0982197421251,-1.0222802511057,-0.483679530623485,-0.202052098817225,-2.074016611076,0.264014126781424,1.46509599086201,-0.444924057438167,0.0865956134932811,0.323733371510887,0.446437689074686,-0.262910313385816,-0.0136211909551817,0.112532289148934,0.028354081377517,0.681553081267457,0.389823426797297,-0.700174512850248,0.0811589702608895,0.0343583256429502,1.0,0
57713.0,1.1153316772837,-2.01845494977419,0.6884461910073,-1.25621363389616,-1.95566816927274,0.468630245695607,-1.51964275492149,0.238458319114372,-1.08824840729215,1.3704584957483,-0.115632837622709,-0.819796117537399,-0.581590594655853,-0.552373233501265,-0.728917856289348,0.0295804093333461,0.246566103806436,0.98784762754262,0.468930308950909,-0.0011693578927572,-0.147587373032473,-0.351866631200881,-0.195341918542793,-0.530073325008106,0.223407540190896,-0.176816132076108,0.0326214612817871,0.0432445554793538,195.0,0
43008.0,1.1689085895338,-0.139981145657757,-0.095518471489871,1.73542615272267,1.69990322208616,4.64621174854514,-1.1915020802253,1.20569991267411,0.333882136042143,0.445892376640398,-1.13915797098511,0.131478997864883,-0.213004357135767,-0.574543656752157,-1.29448382329134,0.358217934067848,-0.493553806335129,0.140115091567968,-0.193332591237951,-0.0671614045807908,-0.0330034889037295,0.114217797519781,-0.163862790897918,1.04559307565716,0.775342706351622,0.228745398171847,0.0508464765501748,0.0200185496706404,0.0,0
120909.0,0.0797977319498777,0.582014691942041,-2.18368317438389,-1.5303905479015,0.79989501862312,-1.31931276751936,1.07035687481972,-0.0742161367609043,-2.04374224445159,0.650947844037761,0.0270015660074126,0.749349021449536,0.870853688517092,0.934589299700148,-1.88940683472474,-1.96733235292535,-0.269745776173363,1.2395054465739,-0.67883287526403,-0.498504105848089,0.20264768559961,1.16728758097268,0.068186346406622,-0.377668312871507,-1.25895993879073,0.678959768317476,0.376296515683757,0.292154364692568,35.9,0
27113.0,1.17038131673693,0.249721994582187,0.295854416545263,0.527670432986594,-0.132309535926813,-0.278259007256062,-0.0992709981723761,0.0864386515266569,-0.219101805550643,-0.155677346545421,1.83803014383175,0.967063836040354,0.0453238385337224,-0.0475084514120486,0.654048631581327,0.386967464524986,0.0256364293903689,-0.24235516873439,-0.265613404490726,-0.106236153010092,-0.209355880542397,-0.609889960247343,0.146973995308406,-0.024349790666208,0.110963786373398,0.107093123495539,-0.0109134199165364,0.017039456718405,1.79,0
144087.0,2.00229608473504,0.0331593862938891,-1.19554622178024,1.27099631651355,0.0024719753898764,-1.01660128524414,0.170310345623554,-0.24765496738495,0.47055190530159,0.355362481317308,-1.03823523557065,-0.49133364610227,-1.18978201028308,0.723823996555407,0.749251352362376,0.0212801715833339,-0.536380659596176,0.125619342544049,-0.678774166332119,-0.329846246490994,0.265255454941981,0.828394337908719,-0.0037285034251985,-0.108224892940101,0.25346573756032,-0.409288821620839,-0.0009881008435645,-0.0524633674218738,14.87,0
52219.0,-3.60805696930692,0.305727574143632,-2.50610601063533,-2.52985870819215,-3.07554935882217,0.151036167820341,1.70845055528331,1.10104200422453,0.837206766447872,-2.07046599491831,-2.2116867743703,-0.149250779725897,-0.642254066160217,1.384748398146,1.08229832930317,1.01695829908823,-0.417323946122925,0.400252282668433,0.352083307655312,-0.854372697459486,-0.377987608700857,-0.709250324401131,-0.425890265082114,-0.934882469689548,0.0555565930760161,-0.32433766761128,0.593537907217195,-0.55095345349775,562.28,0
62731.0,-0.377579431958599,0.981350798114768,0.919866209067282,-0.301119780198347,0.689779643542363,0.296676351474556,0.497866360871464,0.277346396654575,-0.575317537330102,-0.380986780526359,0.907651474236417,0.327782425120188,0.0117789533295877,-0.224987048489463,0.526064432693247,0.546142093305593,-0.269736503720552,0.210024976127974,0.167232888588141,0.117485594459043,-0.241321180354081,-0.635269433241728,-0.0974726888522365,-0.902359175690542,-0.152099312135278,0.138297904411703,0.255261552602956,0.0759447996959753,4.49,0
167348.0,0.0273824805211771,0.832397856454439,0.229434813454518,-0.610920211087811,0.50493502051164,-1.04733242306006,1.01832283093241,-0.206737543399047,-0.0590544427199755,-0.417410618760145,-1.03065250805506,0.178061154811462,0.203691700257983,0.0721551586446188,-0.409352347156777,-0.0576390082272337,-0.471576333060152,-0.717913272448105,-0.030415960135358,-0.005336062730167,-0.263165064245277,-0.586951471214643,0.0663165583484227,-0.113434974984181,-0.460727480837294,0.146734946328919,0.245363450463335,0.0971886410734069,8.07,0
33932.0,0.920157330457406,-0.294719489951227,-0.0529224965196479,1.33319543372811,-0.297359121797323,-0.416176989893856,0.310963936073918,-0.0446658119035992,0.357728769865275,-0.121375869176664,-0.69598324098154,-0.487706326132108,-1.84776801835879,0.657107272591993,0.486949375482947,-0.611866801594798,0.284458924590966,-0.639724761382318,-0.468988560368793,-0.0140025181235949,0.0613676615150519,-0.0327435088498039,-0.227148976381538,0.0516345498704121,0.661474829500495,-0.256420622911746,-0.011349402838933,0.0316780340799298,148.0,0
168115.0,-0.704224907591484,0.941270436943301,-0.800429198972952,-1.01308583614263,2.54161098764011,0.917833359193029,1.16762513712974,0.355338949897812,-0.937392342418127,-0.990805107623622,1.03349883759557,0.0364523918731487,-0.759061799337845,-0.45552532520071,-0.243642770374538,-0.71051766555707,1.14226395567508,-0.659730469899329,-0.631694791550343,0.0763319021371943,0.0601870307257103,0.313153715295236,-0.559618173177532,-0.980660075967453,1.19300258890104,0.94841529276251,0.110463622960505,-0.0277715587013037,13.0,0
107547.0,-0.517706378036337,0.501919934440871,0.91457797873006,-1.25015924437467,2.63154533043846,4.1913352694555,-0.0912131490136927,0.84175432581882,1.35856477242237,-1.12772099315983,1.0219744437378,-2.6013160949221,1.48865262078003,1.4507116706192,1.02205079180131,-0.344860915790566,0.211034694892499,0.40458829332924,0.415017124063637,0.157890380298453,-0.306660454151665,-0.562640557901588,-0.244050922837886,0.596494001798727,0.30508407742265,-0.707292613480966,-0.0637677741349981,-0.151720339603281,11.27,0
84467.0,-0.430114767802653,0.0837158373230284,1.20179590834611,-2.35245550698638,0.479267418552324,0.872846406924742,-0.0860746224349081,0.471467841994772,1.29756592487641,-1.56004904350204,-0.467722351125607,0.300279863539407,-0.679229698490317,-0.0135822293754747,0.315523252138567,0.153951457013673,-0.982797301396112,0.984885191360196,0.56251837102637,-0.165290553109803,0.0703052944590733,0.342831241015361,-0.332551167523742,-1.71826666935165,-0.153865029259969,-0.788098941401781,0.215874293045738,0.133670042736256,1.0,0
1046.0,-1.79254480492303,0.0684411526200595,0.802952857858461,-0.541977053516496,0.822320052102814,-0.873965670243147,0.203551671417331,0.126643205066191,0.202998396005482,-0.396481943617307,-1.43068074706985,0.187741471662352,0.511745597521832,-0.178290940277949,-0.202247767197723,0.26664262875651,-0.567586207122834,-0.36175254453035,0.110303466594901,0.0481659976235274,-0.218152361297823,-0.560769551986724,-0.223479394282972,-0.396234308991713,-0.115364327026947,0.28513729796289,-0.285945823327563,-0.0245948576570555,1.0,0
56931.0,-0.766308436525061,0.71684685166272,1.08171325020782,-0.110815826184794,0.540930575545851,-0.135904469932627,0.394487985539496,0.241687094211932,-0.440659445144209,-0.240020434880926,1.30578309227236,0.2160815853599,-0.613388025356459,-0.127175499013253,0.572699434495415,0.414311596500774,-0.0577421311130697,0.102743687430869,-0.0024260549744071,-0.0002850260895434,-0.217469444579418,-0.555631487282875,0.231877388825012,-0.384467155877223,-0.190356139853237,0.105125297423754,0.155049923108708,0.0483666683098683,0.99,0
169450.0,-0.688266884313475,1.13864920869829,-0.495103472892498,0.899796162042333,0.90056844875796,-0.498841365883284,0.843246753499657,0.3453623995843,-0.975443428260848,-0.0406504376218293,0.0784887287909317,0.371194209192708,-0.753292344802661,1.10745033583149,-0.963052332282765,-0.772662584630214,0.0281902138419982,0.352208413972397,1.15918467647133,0.0381904838003423,0.211637202528096,0.637707904549794,-0.254150156893557,-0.392569547778317,0.048029366582339,-0.371099213020629,0.307366875727729,0.125364098224532,23.15,0
69129.0,-1.17206323397943,-0.171558372596525,2.94929610567443,-1.15010274456115,-1.43599845038952,0.320837029148203,-0.52678354556809,0.225120764378574,0.229070859109473,-0.133349813893155,-1.56945160126316,0.568290619025906,0.779130843437813,-1.68696818400522,-2.29012871849853,-1.93062738441938,0.512836275737447,0.665982102667821,-0.549684593658199,-0.370987940436985,-0.521362104447544,-0.540126346368546,-0.234710615841426,0.464451686537854,0.216595387681619,0.991676834809186,0.0399716407461631,0.148203044565829,40.0,0
46184.0,1.16315382442229,0.0950996549305844,0.328504530566182,0.597508296711065,-0.39409450152775,-0.797554042378187,0.107485874984253,-0.144582093237684,0.0052590789279312,-0.0943213032711597,0.191341254982893,0.34808404864107,-0.0437980495966855,0.385147167583959,1.17932265333469,-0.244922981218835,0.057389886040024,-0.90215315669295,-0.655622717754786,-0.0951485436576212,0.0583955021052531,0.179259670461774,-0.0107736987390418,0.458383744760819,0.379305272187696,0.509679646836047,-0.0376230888256282,0.0120151020626308,29.0,0
52790.0,-0.806660325054326,1.00686984904641,1.50680871441936,1.37699282776051,0.450775625857446,1.01844688388189,1.31797127543378,-0.484265388931121,-0.0403581848783501,0.664215156409321,-0.9411470000784,-0.139055883778005,0.518187360076008,-0.646681984813935,0.829353339559962,-1.40777111017789,0.347685703358067,-0.480673770600315,1.79067942892149,0.271204683376013,-0.246771048787335,0.0625321530070673,-0.53764701091672,-0.715426466469534,0.462743401140209,-0.0491546819438367,-0.268727345270284,-0.330541655436158,109.99,0
154553.0,0.108762108930009,1.0588232909094,-0.210587883458866,-0.446216484168631,0.742215086621181,-1.00924571498759,0.979242259588128,-0.124544161206192,-0.10827301833647,-0.847810238211724,-0.205509335777926,0.151545826628143,0.112779721640317,-1.02238806645071,-0.245683772206355,0.132671710016129,0.57539407642616,-0.475449708067122,-0.471202587700769,0.0069839552998142,-0.304902142893842,-0.712663388523213,0.152221262728986,0.98885387559356,-0.490257579308382,0.0888261545329064,0.227857383341317,0.0886674828290254,1.79,0
46370.0,-0.441263525002928,0.370774584417078,2.37683794150422,0.301906687319892,0.490927344734597,2.20436783421602,-0.168016936830021,0.682618741106935,0.0889231416291903,-0.37982353124859,1.91562267831498,1.01196002315271,-0.251378024445312,-0.233031852758651,0.840124130855858,-0.96669767202322,0.462075630016452,-1.2296450471816,-1.47768084798898,-0.150674491680266,0.17966309091086,0.926422670106563,-0.0804500476479627,-1.02049880854509,-0.421881089363544,-0.356900888908173,0.0004402163639687,-0.204565599127351,1.0,0
17520.0,-5.26805322089363,9.06761342731767,-15.9607281345144,10.2966027898053,-4.70824109122294,-3.39537485177836,-11.1610570028797,5.49996263444947,-5.66737554592835,-11.6271935556579,11.0270590938161,-16.3880541668327,0.363921486512734,-17.230202160711,-0.437487559248993,-10.1223919213552,-13.6392089915234,-4.98645725844229,1.12678437819631,1.45587819528,2.00410994522741,0.191058399384387,0.622927669875126,-1.20926355739155,-0.374798862642666,0.64879803679546,1.58469734677224,0.720055870245492,1.0,1
48741.0,1.29874763103395,-1.31674673709704,0.42018021019951,-1.37904895532145,-1.24002960374222,0.388808561485489,-1.17389480559558,0.238834246541932,-1.82393503940921,1.42462334350971,1.37848624198452,-0.145072435696032,-0.301242288790024,-0.115924464361214,-0.322442567735425,-1.08457982831578,1.12719470981752,-0.687593673829765,-0.38682442685845,-0.355266705472195,-0.261429589740324,-0.35401536576256,0.105953935979637,-0.331149540982265,0.153696870365782,-0.260310460013875,0.0539295100737446,0.0092908254957607,52.65,0
82868.0,-3.26918094308417,3.31652893790807,-2.36130366976672,0.599336290327086,-1.00378359905231,-0.470684667221181,-1.00554132433921,1.95843066762367,-0.50306464638822,1.10182960599482,0.585471401440882,1.73709383295609,0.769916600698086,1.67207407324035,0.105240137192869,-0.120412695433938,0.492305765280386,0.0443111177342216,0.318651189770923,-0.118449643767279,0.370728584839432,0.678717666541192,0.391374173956051,-0.301584062062024,-0.476606729312802,-0.4292313981269,-0.585756998083405,0.210547539607246,4.49,0
71101.0,1.40209631659708,-0.394850670845737,-0.135971374551777,-0.705189863893333,-0.607230283173833,-0.957766133854217,-0.0881141172316667,-0.292831838125682,-1.05640426992428,0.668310195718139,-0.892281756297508,-0.308419760198259,0.216604160925086,0.284433041740584,0.763032220996699,-1.21841957876996,-0.129171578259154,0.538112332152402,-0.285264650863515,-0.425734808004318,-0.828857919035179,-2.03422410843112,0.205733064312666,-0.180031955349351,0.0460561368060636,0.655063310541863,-0.0816662018258664,0.0069351788708245,31.99,0
34487.0,1.01100589042243,-0.919847962063472,0.786785551473174,-1.20782614184334,-1.15705649293163,0.0747439958580924,-0.695232149397487,0.241036679177053,1.87678820408405,-1.20312195671493,1.29619319072243,1.81184173901215,-0.0756036179558482,-0.221259459762809,-0.161183754566763,-0.958567425688603,0.322332125531682,-0.276661118115897,1.0351224105065,0.0491552077027614,-0.0612735162737606,0.0121717922242942,-0.0519655778993122,0.0910874914374682,0.284835559544417,-0.0807941991019815,0.0477028792698894,0.0241456085003726,85.67,0
34710.0,-0.571306077224019,0.665672472416425,1.57861561690126,0.555032175466643,0.950130172124302,-0.178847665961526,1.52551196252277,-0.98997635791877,-0.0012657464056542,1.33200637162259,1.34057113144292,0.261900297734369,0.223411078314555,-0.527512151833316,0.483128526097637,-0.396138092745778,-1.02664782145972,0.531927204066101,0.855601499488069,0.322402765941059,-0.0521181140119745,0.670560315564788,-0.301255348697366,0.0261387617219986,-0.285595904964991,-0.462337917581947,-0.636111493519131,-0.597078215783418,39.95,0
105518.0,1.98863491227925,-0.062668959779607,-1.70281068048975,0.333576957910055,0.713244449325969,-0.410905226423561,0.294190807142136,-0.444814893483335,1.6944791025638,-0.44039769883269,-0.190202157106627,-1.73411517818694,3.30263745125378,1.59565658089932,-0.0448436760476232,-0.0564326191991182,-0.14684736032134,0.329799614084968,-0.175408615908127,0.0183873932520884,0.103776299481146,0.570098259672531,-0.131894203184778,0.0502087314783963,0.383393523592644,-0.150191089206321,-0.0578578726799085,-0.0487827265968401,80.55,0
64746.0,1.39784025379983,-1.62087449323362,1.35185296477259,-1.16355721357309,-2.31259897441081,0.157602628268843,-1.95787140532959,0.203883652764217,-0.589563096852669,1.24813726969395,-1.5510855339762,-1.2861484859935,-0.182682218894337,-1.04859664268675,0.12605360402025,-0.0776570783046171,0.471018134807436,0.764425883321191,-0.13696786044609,-0.293324141768161,-0.0135086158538714,0.466421195829101,-0.117227812412629,-0.113902365655208,0.315312069956022,0.0436394431228132,0.0897821265198028,0.0363631874295018,46.78,0
143147.0,2.34205868272383,-1.2700711897775,-1.85148672833798,-1.9308154402289,-0.466461288973969,-0.504531644495175,-0.718514463167008,-0.186686004844014,-1.77445902182787,1.85881186173652,-0.150203671738358,-1.04651902101773,-0.522598968042284,0.358083630245672,-0.373742735610987,-0.148064113412614,-0.0685256647827616,0.461314885679091,0.536867836275323,-0.449775874201244,-0.330227527411852,-0.634194721970711,0.158203691069759,-1.23072287784545,-0.116968296055214,-0.257569577179666,-0.0334838331220993,-0.0791364913009738,26.5,0
113446.0,2.03829957187286,0.156186680323668,-1.85297376946023,0.639926636528335,0.501869623806436,-0.647153330105899,0.0862227256535869,-0.211176266429894,0.680999262350081,-0.714910763603426,-0.502778611499854,0.527651006772556,0.781950455541555,-1.89830667662496,-0.424644501105538,0.0768106237907221,1.17438032616175,0.0515981023538508,-0.140759191144948,-0.0922274348895138,-0.028686568934721,0.245701032292219,0.0510877945864848,0.558499811918079,0.141665225035643,0.612238535661697,-0.037043463045907,-0.022555981539321,6.99,0
124046.0,2.06594592642959,0.0385376286321505,-2.06631618065625,0.376264638108566,0.42962508219671,-1.02856853210691,0.184380744300453,-0.256587682255418,0.825962434978608,-0.451504469677743,-1.18901799990477,-0.821141638994111,-1.10160894694477,-0.519583521698081,1.13808192719325,0.425932011014386,0.247219615501141,0.813655455604312,-0.215156434546283,-0.229918817552893,0.148307340985207,0.514577823844219,-0.10903176890267,-0.871809028973229,0.291446002886956,-0.0489610749827121,-0.0116643735280192,-0.0388664264402982,21.65,0
805.0,1.12109275076464,0.111321696197022,0.498385653857671,1.32860046438535,-0.272975557022655,0.0013487299722412,-0.110423125485535,0.1796405528245,0.174674550571332,0.0776678044851743,1.16741241206306,0.735213084082945,-1.2863769166173,0.478582643212905,-0.696773733222636,-0.538418032026758,0.145510606935275,-0.423758513939077,-0.145370102633086,-0.267026753554355,-0.0531300052565284,0.0127098648285372,-0.0303755179584482,0.216249410649613,0.573753103013664,-0.338609680414014,0.0309648947969369,0.0044150693491336,1.0,0
163098.0,-1.00064373120882,-0.414220787564603,1.93184366013354,-1.5681857453435,-1.79680834358052,0.724824807401294,2.1285326207882,-0.516435681527298,1.43778433319667,-1.33960116283389,-1.21035166707624,-0.727191559673887,-1.59454706955162,-0.838399685073495,-0.307905143368888,-0.365224316066305,-0.130862042878523,-0.346607692330867,0.600861596138829,0.0546610948895526,-0.38034147970896,-0.556686915820863,0.0063579741740221,-0.0015792996974075,0.215671596599522,0.473086524601758,-0.30390213583961,-0.486078928215697,392.0,0
39937.0,1.33304244564351,-0.588890313630634,-0.231074857124179,-0.87827614802554,-0.490170927632409,-0.420579614748452,-0.360881652455749,0.0516520447723464,-1.06678944713282,0.822953718794424,1.12463614253959,-0.950341878252293,-1.98427968854202,0.723652942790697,0.252021236780443,0.945709883303388,0.422535676134827,-1.49886145461388,0.856291521835205,-0.0359009341622906,-0.0978062867648251,-0.55509067418956,0.0549347523967387,-0.368501858993758,0.315270818996792,-0.414151044145467,-0.0277289794160077,-0.0070376856827874,33.48,0
151741.0,-0.100432933674061,0.749695623375682,0.561297775154169,-0.780215387834481,0.715744014712165,-0.835952350054696,1.28944401218062,-0.501755090601663,0.160055438787166,0.490140806511672,1.082930606959,0.760276366557519,-0.0070898150443982,-0.198055400050008,-1.04479487117233,-0.114987466420456,-0.849477110545764,-0.369511279466646,0.148330392145971,0.25554778025473,-0.333536487463199,-0.404125374981542,0.0107730945525879,0.0712623528266311,-0.525195516938767,0.0625871974522033,0.0218265337212474,-0.286268903257011,9.99,0
85598.0,-0.622521704267748,0.662172230757403,1.69874279461581,-0.58030735754441,0.412994804969647,-0.40208127565154,0.587056653876864,0.0111166337100593,-0.355255565542363,-0.807203600658299,-1.15355518105467,-0.131392580532948,0.51725701030982,-0.111972600624612,0.657398672691625,0.861941668950755,-1.01949283220097,-0.054954961997792,-0.409824841488478,0.0288077460187916,-0.218001440397068,-0.802609173281608,-0.168045553446432,-0.473666107765638,0.354821520803688,0.0768046774323284,-0.0788423628863367,-0.0269113143920037,21.5,0
67514.0,1.20859179845259,-0.781541353019939,1.18174006022202,-0.328788336356241,-1.58707972179583,-0.351768474684547,-0.940012183615855,-0.0008100223658778,-0.42202900931156,0.474441496086289,0.0619994540580587,0.789075254243545,1.28606268499007,-0.568821235658615,0.566509414732114,-1.73455146971012,0.460930425649946,0.454754138341413,-1.37308786984053,-0.396159175352311,-0.166870274032474,0.169261117484618,0.0670701679360274,0.693150473584232,0.0766031778149169,1.15555004138875,0.0003298013765082,0.0250972795505232,37.1,0
41683.0,-1.09709159111289,-2.05707130098489,0.312815597558511,-1.3100422688434,-2.16202638646992,1.35224432460498,1.73233245311876,-0.109926281354535,-3.21825064658669,0.801324651820405,0.901475835740009,-0.40723447181716,1.40292216067866,-0.171628052646928,0.377582169783784,-0.72522733402619,0.588498658643175,0.508045804026511,1.00436761288466,1.32355114980787,0.190063423293387,-0.177968033793554,1.46665395172047,-0.74884049216333,-0.225771874654702,-0.235661697170232,-0.0372834928016993,0.177263626495751,649.0,0
146147.0,-2.18878519384918,-0.958016110501147,0.769310411217249,-3.10228611877606,-0.242737015263755,0.0718224289995618,-0.486385529347933,0.269428015967363,-1.91992980107198,1.27830734147995,0.0999617135866182,-0.325803067877678,0.97605613779679,-0.716159345183306,-1.2159632487599,0.150129392604141,-0.24795538715293,0.692943481757128,-0.302583001876998,-0.195537216305126,-0.252410028169625,-0.148451939368848,-0.605173040880387,0.213867761170136,0.737452122181655,-0.193485268028,-0.15216729637295,0.0066388267338209,79.0,0
151060.0,2.04862857999224,-0.367489471288573,-2.544064912957,-0.728471830685204,2.38738012703753,3.31840708160647,-0.477691582281897,0.791275785289378,0.403245538882609,0.0927246135492562,0.0044062532572737,0.390211247229375,-0.212360905464962,0.49579040274408,0.472770171353624,-0.171451218489529,-0.368228486214554,-0.976348350730408,0.0225213552566786,-0.152758211106465,-0.292702525802468,-0.835377171568381,0.380779677536014,0.698235421519841,-0.265198677032303,0.219158729955486,-0.052337112451948,-0.0667502276117979,1.98,0
114607.0,0.249844964168868,0.052775217424031,-0.156105534831738,-2.00645604395467,0.277343879594018,-0.890736923583432,0.502659358614318,-0.142226921634996,-1.237658129836,0.350342517901194,0.230406883865386,-0.714499611058406,-1.07827208277028,0.287983801146535,-1.48844715750906,0.941521007219872,-0.0825711501534453,-0.982530871106321,1.01636808098143,-0.0925378978537966,0.213096254596664,0.544542826373358,0.0190219781693486,-0.354655317772485,-1.08047184556755,-0.487126945447427,0.219910348941122,0.234432361685831,4.13,0
54560.0,1.23065110563972,0.0722751213326184,0.630515759660873,0.627843792399932,-0.863897809751757,-1.23334070825942,-0.0899813232191924,-0.0948959296335626,0.371200657879639,-0.0292056635455267,-0.266849997928937,-0.659281577345011,-1.92260260384869,0.684527346664404,1.25375148450745,0.342852432865255,-0.165965641301917,-0.491925538543346,-0.147852978297978,-0.230693356302705,-0.354107954427101,-1.15682150659911,0.267817343600753,0.649459672015675,-0.012774861273674,0.0885232895089975,-0.0502973304612624,0.0189638237133093,5.28,0
148367.0,-0.513954238739124,0.122436526107371,-0.948557682378116,-0.604109536247024,1.58763010074318,-1.82227759917456,2.54679796752947,-0.905736786454162,-0.651745654618208,-0.629285506157031,-0.877847212009698,0.171967663210252,0.334768413613267,0.503386871806358,-0.834223545611409,-1.0606612365033,-0.472561810510733,-0.424251661953023,-0.386125535222866,0.347937479694095,0.528376828703249,1.44360084457085,-0.0152267032647368,0.12000760831333,0.236802305894396,-0.10635102283135,-0.0951520443136765,-0.011954640884215,175.5,0
160203.0,-0.83508024629938,0.0563010574533621,0.767425927505929,-1.93234404329693,0.407768974584423,2.2030685785572,0.0977970666614438,0.471975113382343,-0.679329035743321,0.0305966424670315,0.499806431381422,0.485311707049726,0.203838399841314,-0.0826578560089894,0.374188586431956,-1.94251808543263,-0.0661607094502479,0.707776241588322,-1.29916973043687,-0.787303522871106,-0.425958731261022,-0.638139159548731,-0.0090009289003587,-1.0363698967296,-0.688399700166472,-0.949895682359549,-0.0336433515740412,0.0890521772123877,100.0,0
125326.0,-2.20732308684088,-1.72679404135114,-0.0955733239724285,0.0973769270331218,1.6735969480081,-2.0403221022731,0.392859826762103,-0.328059206861031,0.360063178390005,-0.154839543963811,-1.16071627166663,-0.242074532627282,-0.843506050661831,0.291042674372723,-0.429169465732668,-0.150173761353877,-0.286511635987952,-0.655730566795037,0.133698401528651,-0.429363381771421,-0.290574742960629,-0.408538423130772,-0.102893443434844,0.113852159027273,-0.896065736061132,0.171037259930273,0.700284678864489,0.0767543245595312,254.78,0
163237.0,2.09189151145721,-0.179061836319441,-1.84994715089434,-0.0633415802183448,0.638530794538149,-0.0602829116545422,-0.0139631547707032,-0.0140395827326719,0.562089360052624,0.203680854091231,0.0431880746091364,0.0448555029788471,-1.02634296752769,0.856992656804398,0.326135028119146,0.262584141302078,-0.976201298296376,0.811659698126537,0.339299552313378,-0.254937110459827,0.225708554619021,0.694629726225389,-0.0662680566083745,-0.20460785553533,0.319784699645296,-0.098424712448776,-0.0343027770089422,-0.0736522864869144,2.69,0
81924.0,-0.420774627702167,1.0422790227699,1.56102596072824,-0.0294710583496313,-0.0777843501797977,-0.887309502310762,0.731485064785543,-0.0747501636870888,-0.414656618059221,-0.319980691660395,-0.379038458703986,0.0092019835108504,0.144431542327655,0.120292686891089,0.835883303676378,0.193896922789795,-0.399597025100499,-0.364592789502411,0.0113490708870878,0.115137783851282,-0.223648786474483,-0.585531959959353,-0.0112316066742865,0.368759657324869,-0.188333601340367,0.0706187614115267,0.264278838597381,0.121604471726565,7.98,0
50929.0,-1.35002007303812,-0.365558158204575,1.50760667236745,1.55953125661322,0.996851291685952,-0.388680756954964,-0.121878550767753,0.356140103496859,-0.410033957940719,0.136673033379507,1.14620064938231,0.676376728070728,-0.813221800386922,0.396816597754142,-0.387860842026458,-1.07211861214423,0.503649264694046,-0.125052777345132,0.936679170540707,0.516417409632617,0.148455093127314,0.300143115045213,0.212868899123965,0.221972878582488,-0.0953269876391324,-0.253102746995492,0.362752513091708,0.221705516883925,62.7,0
128595.0,-5.31377384241729,2.66427399774238,-4.25070701802015,0.394707094952515,-0.391383377283543,0.683526139774215,-5.13367100176311,-7.90778989157428,0.215474664930064,-2.29773425918487,1.96148093151336,-1.94444112769897,-0.69255896504056,-4.3463476308633,-1.72692923293524,-1.82040477188062,-3.74648955100281,-0.880399311360603,0.267914551538718,-2.64290184721809,8.66466242953635,-2.71638258812677,0.483559093855452,0.0792347976258407,0.311065240462952,0.555544234123026,0.176740004036668,0.362906575787496,1.0,1
61676.0,0.46969601041812,-0.976606515094946,-0.171584655592712,1.42851599927715,-0.522599005182927,-0.129815814850495,0.495119124296754,0.0260575135463875,0.032066267832861,-0.0531030002317168,1.21882074487274,0.374960476890234,-1.7462692755815,0.875075321320562,-0.223080754814702,-0.456499431052967,0.102961741460021,-0.191618087787932,-0.322280199794356,0.417063885442805,0.251935125942419,0.0248279216133547,-0.396198128067736,0.217224548373358,0.535773910493158,-0.308811991872166,-0.052164537943002,0.0594131681084743,351.63,0
163310.0,-0.3829178627654,0.444956541339119,-0.524906818681346,-2.14598331152068,3.38351651818103,3.39677989840085,0.805494889959819,0.667450120846352,-0.109171080126989,-0.872577150527372,-0.204057642223532,-0.0076257902637665,-0.518612056306931,0.247834244585368,-0.0934006030050318,-0.318155879844891,-0.76314592787814,-0.686915727439198,-0.579118178760166,-0.0571159027134116,-0.22800790954206,-0.60440018184809,-0.114836707564927,0.657717383473227,-0.0621434664607001,-0.701897503864621,-0.0420961077317977,-0.0862642989401045,10.43,0
82956.0,-0.592241094569803,-0.0893742508453828,2.83062969390611,-1.33939725674328,-1.17044178191148,-0.631213263025426,-0.0882861967778342,-0.185173904949366,-0.470318080943709,0.111418540758857,-0.53196894641819,0.0113906254654627,0.294514932008422,-0.985619415160225,-0.526872648943297,-1.43470399894718,0.0110867061848797,0.829608882848677,-1.26195358236335,-0.432932384351976,-0.392075802039738,-0.420349071763395,-0.0283746865745577,0.952987889629487,-0.473946251483364,0.741976714881809,-0.238957069077297,-0.0979177411656938,8.89,0
78888.0,-2.99841503376933,2.34592067745311,0.676028252067167,0.297820260665738,0.96333567680692,-1.02396506046915,-2.57180083484905,-3.13506707383785,0.113606851837443,1.26986470613827,1.37166190914032,1.59824178087183,0.228027688954262,0.587305305541108,-0.020445346035962,0.124582197564466,-0.352808346779133,0.304771720570088,-0.406401457256091,0.855029639819578,-0.385840203602037,0.419201475697033,-2.38534990234945,0.635951750117846,-0.443340827840796,-0.485312647048122,0.35725024332105,0.315490771388778,6.01,0
28807.0,1.29784062130093,-0.74615045122511,1.4845641976152,-0.695396871328847,-1.74472236558037,-0.306200778117427,-1.36693197508158,0.124191483338956,-0.57325499380151,0.727716651592198,1.68333897256372,0.579103511349325,1.11537715557076,-0.583217874300387,0.506934209194933,1.80010075769119,-0.273732227436689,-0.31187429914158,0.308681245501674,0.154752230898297,0.509304845298779,1.4407983316723,-0.0779037434815213,0.601983919427675,0.285848472762332,-0.0750850532065812,0.0600935894008566,0.0266074462544965,9.99,0
40919.0,-2.74048250153169,3.65809481979987,-4.11063552027473,5.34024166876747,-2.66677476000958,-0.0927818149405728,-4.38869880914515,-0.280132705503576,-2.82189458229917,-4.46628416302479,3.96979981229186,-7.34671678644283,-1.16331176961366,-8.22556891234807,0.82500183194645,-6.77286703365235,-8.81578542555918,-4.56885928410549,1.12659865645629,0.185325269832133,2.41749541196206,-0.0977119508973041,0.382154506973307,-0.154756519767143,-0.40395592644091,0.277894930235294,0.830061638644528,0.218690442242457,112.33,1
73396.0,-0.439066220149961,1.22611416219327,0.927533227635546,0.509793832223154,0.372578267187502,-0.998456690181258,0.814809864960244,-0.0380257994884232,-1.03305900345863,-0.71968687478541,1.71828774114694,-0.235961655520438,-1.20903173001921,-0.650036381282888,0.510858291308782,0.262176799585545,0.977783964714588,0.955004018985059,0.754137424569512,0.0361673288387015,0.0038242341936132,-0.0472562402171355,-0.263258676046445,0.427325984952499,0.0029819712274038,0.420634962880114,0.0534182677084563,0.116394958000212,0.76,0
111246.0,2.27799362863397,-1.31068418858126,-0.548918927498495,-1.52479326621762,-1.21120929120505,-0.386077636397829,-1.38472424760944,-0.228387586324901,0.123325376263189,1.18833533204376,-0.384045661837632,-3.31484098914117,2.77120238498257,0.879136085733495,-0.0345335273613204,0.118095734293692,0.666712114182145,0.379509815480994,-0.335400550936674,-0.375908664975664,-0.51190266336458,-0.847063833266954,0.367127783602226,-0.899877059324484,-0.575505091644234,-0.469776484396284,0.0067184138546978,-0.0433941757134181,37.0,0
18290.0,-3.97007850280686,-4.36093912666346,2.77193141962079,-0.513960877393896,3.47610854621246,-3.44509729156719,-3.12788853216959,0.601481691662591,2.77111914674944,-1.61513258295689,1.83560248562251,-1.89872111374671,-0.217866416406942,1.88616393152299,-0.405498083927933,-0.213203009619774,0.377100723909833,1.32779699582224,0.119362213093061,0.949303024916801,0.31231364368546,-0.196092330044372,0.579556178447685,0.423484318487725,0.571396154248416,-0.833345055355023,-0.0976454311220469,0.150361783315526,11.85,0
155788.0,-0.576003552244775,-0.10711029432197,1.3498404183872,-1.35561534911866,1.2415066318392,2.0190948089689,-0.0863172883889997,0.705754459815128,0.446700269863949,-0.662926776769534,1.2896484834684,0.137334914383201,-1.56963943282632,0.0821892021285748,0.378254730850333,-0.530077352394671,0.071415838074563,-1.08004382572141,-2.27909811122396,-0.270280300901366,0.457778556212647,1.56354314076471,-0.076661365216749,-0.560943956034674,-0.849071169826284,0.530283289038268,0.0167027402898866,-0.0665139042969913,2.99,0
1786.0,-2.2789983640308,-1.56992280547199,1.07919529481115,-0.49784083056679,0.285788661026952,-1.39319006305521,-0.547985791558426,-0.190110254814115,0.102407766541164,0.825779491285219,-1.58190634234074,-1.08006985288735,-1.85453587510157,-0.325672538908927,-0.966379262225507,-1.47302364447923,-0.0027873881993597,1.02065487086229,-1.20539445789911,-1.42774173870829,-0.499197920958607,-0.450971533994698,0.145546268619344,0.369202939677641,-0.649636209384876,0.0661591318373005,-0.644302691686117,0.971291032714442,11.5,0
94362.0,-26.4577446501446,16.497471901867,-30.1773174564996,8.90415677106517,-17.8925996927224,-1.22790388102871,-31.1973285494605,-11.43892041491,-9.46257260540015,-22.1870885620007,4.41999660154863,-10.5923050053728,-0.703795803703315,-3.92620731586873,-2.40024649210124,-6.80988994039049,-12.4623149481086,-5.50105078380738,-0.567939572890149,2.81224110932946,-8.75569832116533,3.46089334478551,0.896537503959012,0.254835536763482,-0.738096558530353,-0.966564233789852,-7.26348214633855,-1.32488430656137,1.0,1
160862.0,2.05577133447474,0.0207801001019232,-1.04319237527924,0.39797143227673,-0.0164449943341435,-1.10400443753365,0.241399257356204,-0.369534983209449,0.378617831709376,0.0338589245284198,-0.508787171452219,1.02573063055025,1.12643116057969,0.0686680249287875,-0.0297183284955693,-0.213916117344058,-0.292653799840332,-1.08956997806045,0.0672900573708465,-0.163991394265521,-0.271611222426716,-0.587699095358045,0.334848388289918,0.0159366126899229,-0.277068050897427,0.197573809948081,-0.0604357483412271,-0.0583463393802889,0.99,0
144722.0,-0.85920365089804,0.819655229651189,0.232586142745743,-0.769003572676495,0.282901899164937,-0.417515347811616,0.707043338954922,-0.256362028375229,0.628788849931684,0.0532233579006205,-1.32464968414041,-0.788049845250159,-1.30212278192946,0.0518112271804314,0.0122102118280944,0.102094299244369,-0.536316825894522,-0.109482191423156,-0.141334747523237,-0.428987214230868,0.130169983258383,0.21957730674449,0.134479042082539,0.728594384859888,-1.0023860680995,0.168352406884005,-0.62567074730251,0.240075832538742,28.42,0
122270.0,0.29541743152947,1.41265322884918,0.558037088384817,4.42081962970288,0.979112039334175,-0.0339154630620308,1.06544477257655,-0.413876592221311,-2.02826263677987,2.09675419791919,-0.80242471148409,-0.280917985339562,1.34376792770665,0.0747252173651707,0.669483620284671,-0.356226703496969,-0.182280431288574,0.121825942371173,0.848092234029571,0.480207362982752,0.358556395544425,1.41331418128988,0.0372742256060293,0.0955147742695514,-1.2083241787421,0.351897014704253,0.38278510623446,0.135829806581212,33.38,0
119512.0,1.62694403498989,-0.0219329044820222,-3.26471166337307,1.69042058969833,1.23722574213542,-0.877844349561688,1.08499342849442,-0.43531788703901,0.12936062369038,-0.901245563960398,-1.12242490790219,-0.450631772117225,-0.0873359417564052,-2.07645808693051,-0.160087402701538,0.420062280696376,1.48306249794401,0.846197942503778,-0.288624207690608,0.294218166144188,-0.0158227571971966,-0.317255363042478,-0.381315719080323,-1.26362500117001,0.516021197546316,-0.448723144006727,-0.0289854935761986,0.0252239311428958,244.5,0
44084.0,-0.547367256778629,-1.24084822904664,0.0393059910408923,-2.61395759234326,0.476080189424695,4.03080920821735,-0.0984714106403481,0.818852414962471,-2.74715977516251,0.903058724018,-0.293303651141342,-1.4301593560658,0.57663285959118,-0.272535593326265,1.13072795195133,-0.187166830170268,0.179950008498499,0.727300568226863,0.924496516038366,0.576737249946344,-0.172700442219447,-0.79568387075874,0.615091889333935,0.918412213986245,-0.0618678613365924,-0.324071422286223,0.0465307657162727,0.131785413283504,285.7,0
153510.0,-0.520291213479522,0.735569495815441,0.0742314616838532,-0.740349125300555,1.78943203014634,0.688075603579492,0.735944734350488,0.349067107485524,-0.348127551313449,-1.30586759057276,-0.144922855429239,-0.285223122432906,-0.710047039784673,-0.705443044147846,0.70487713674292,-0.67617754098986,1.37001151194038,-1.52171462416656,-1.14587843351541,-0.151086736124589,-0.181706943091301,-0.478037511282265,0.0681739212586946,-0.454799347871883,-0.604605006890246,0.243695931916966,0.124679105116844,0.164631989779745,3.74,0
63750.0,-0.835222301249313,1.05035517991459,1.10571819160439,-1.18019741588039,-0.543852281433754,-1.13766309707001,0.200802409549268,0.315530173527631,-0.0780622812670228,-0.788457496225903,-0.504343881894505,0.44353547492249,0.611699743224307,0.0888721413375357,0.425508548520575,0.734431081562755,-0.562811995025813,-0.409406571485421,-0.765076875522506,-0.0858026987241543,-0.0422231162886862,-0.224268521096229,0.0437341440099574,0.439544216586371,-0.219940084580359,0.71113544072345,-0.0790090268651142,0.0013359954371969,3.76,0
75493.0,1.280291398723,-0.453068039429287,0.271545222718057,0.225406292214018,-0.271332221281836,0.732656842909369,-0.655176244318883,0.0869914228935695,-0.82173901488021,0.752969189557971,-1.55279272508141,-0.0412978416659823,1.50902655811669,-0.257368528256649,1.33105475855151,-0.96775781432442,-0.635865718478178,1.44778615318725,-1.23718345320389,-0.372767597471465,-0.273018978622424,-0.287621955330382,-0.177305257883985,-1.34733103643865,0.515666637219055,-0.189999292444151,0.0817953022962398,0.0292840520088657,51.0,0
58221.0,-0.465611277304138,1.15007343305992,1.15453672294922,4.32919528197588,0.379599705942783,0.621824266090964,1.22174088459631,0.0402400089809975,-2.69098968010529,1.50589543409155,0.623007936590305,-0.706400205453329,-0.811381271387931,0.937529168080885,0.38198359033811,0.0616701671514411,-0.081033735678669,0.699883416549039,1.43175426077739,0.491047984165819,0.205509264934006,0.230074884066774,0.108850216295884,-0.02844582761515,-0.0832841909026693,0.371753022901278,0.0593306983076257,0.132139959799386,151.37,0
67569.0,1.04612864705926,-0.698243991757892,1.15188207980179,0.336811485065626,-1.39584455753441,-0.130841028267347,-0.789530470776679,0.270695421690682,1.47153332578302,-0.462384029970774,-0.616222372311745,-0.27613676980062,-2.06153156368322,-0.104426267602548,0.147580808007275,-0.408755245585548,0.655456374172071,-0.942666692383592,-0.0183857138120344,-0.142960889201712,-0.176819730262125,-0.426205357575229,0.129306547754575,0.435759835349988,-0.0651059366297671,0.952844406612871,-0.0392492096422287,0.0188984039466761,59.14,0
42653.0,-0.0582750262187943,-2.14922581904766,-0.610613125237504,0.0140951565309428,-0.18893717364479,1.55557479451792,0.347625568910573,0.40308771271885,-0.0127240211660508,-0.479126742674759,2.05181126916696,0.847876414304564,-0.628690152658073,0.844173378730676,1.61294108797667,-0.650206803375644,0.628436920434448,-1.79702361491559,-1.15670504980223,0.981550881847917,0.271688219567253,-0.489047797126963,-0.331035744025707,-1.27859003025218,-0.372691538418769,0.917010930131857,-0.137446370680731,0.0782786035975559,599.0,0
25611.0,1.14173321127942,-0.882556049735318,1.43445021536413,0.458560542060804,-1.23653557972764,1.39075531790511,-1.52640700470301,0.620537192770236,2.0627454261178,-0.397175424725797,-0.907113320376955,0.539990943513685,-0.991172741345862,-0.962660407235479,-1.83854218881265,0.21578222578573,-0.233932442717498,0.81316396465943,1.14685787802017,-0.0979700241703238,0.0137001729500881,0.466928818924904,-0.268210569127478,-0.743151321684118,0.451916526009901,0.978633266279676,0.0312712227618184,0.0032860747775494,20.91,0
137353.0,2.07235387426746,-0.08912321236337,-1.13648359480869,0.386505986623717,-0.11524600825817,-1.14107125701466,0.148715715517939,-0.298073698597054,0.624931222808456,0.0877340825112312,-0.95561122206498,0.132510357433572,-0.394132650881829,0.362893025071266,0.103900512236141,-0.039471863639035,-0.31404171982585,-0.762123413898994,0.204997537939595,-0.25065081093112,-0.30453505169832,-0.7658959358032,0.327793084346536,-0.123623612614765,-0.295070805556943,0.206706462058386,-0.0740896176029349,-0.0624734310077562,1.79,0
84195.0,-2.24539860618283,0.837789165859423,0.295239744436365,0.51335265475604,-0.0274974789355467,1.54775061065129,-1.07681248870286,1.86895120201835,-0.851921485840603,-0.931147978046506,1.47410811378808,1.76097090061537,0.132322879792979,1.08165783011371,0.246065776214757,-1.35207054844334,1.73074511609888,-1.82186302244438,-0.221631592882275,-0.471897018688258,0.19552015251348,0.340350601121283,-0.0848368664679316,-0.94164837651529,-0.616848638787752,0.388316752407152,-0.378776382041875,-0.230640370555903,18.58,0
35247.0,0.842693355691104,-0.389576048901283,0.248623482719755,1.46995381219021,-0.516842603610914,-0.284754346438153,0.204809780533753,-0.0001157450445381,0.147620077880888,0.0363191821537957,0.792223617290591,0.674944390581409,-1.03858155719588,0.445275320414145,-0.9294368094926,-0.170601283223263,-0.211645537192841,0.108153447469149,0.233841023239635,0.136048943601435,0.0130084782625583,-0.218203012017882,-0.240607362661138,0.334796156292831,0.615579473860866,-0.374653533963291,-0.0176125044193069,0.0363833690718367,175.0,0
43443.0,-1.18522989537486,0.251741416437364,0.26303820587907,0.778400227430827,-0.624568918006508,0.703763977249683,1.50025571841505,0.506722576966657,-0.952778543252103,-0.806901607674554,0.582254221174432,0.436165162258802,-0.711833283065845,0.805567622127068,-0.600046425254305,-0.247775424048217,-0.0144036259782707,0.120317255738246,-0.0165786397491826,0.448263905394039,0.323688333632109,0.311083766764209,0.51752280298996,-0.343291455864799,0.481526903953943,-0.274835666087057,-0.196773832706143,-0.0366049997879614,333.47,0
135314.0,-3.15898973247843,1.7654516187093,-3.39016804993175,0.9874099790721,-1.50993036564483,-1.28095213137771,-2.71955696702151,0.718324816575686,-1.66018323527908,-3.8410981507899,3.28282460993431,-3.90687694585664,0.951367704021229,-4.89818303490097,-0.551999608913709,-4.78744841664753,-9.33432947229458,-2.58024865554763,1.50157346167502,-0.0225898632000452,1.12053278888547,1.60508518555367,-0.618637378199115,-0.251282996939273,-0.240527821958069,-0.0043267561942135,-0.2354773111409,0.0181292220019296,84.28,1
81048.0,-1.78274138784724,0.381523690826951,0.999130349383755,-0.0179480744035622,0.791993782008782,-0.1455418672288,0.160120582218561,0.726034797595701,-1.14368343982422,-0.53466983008234,1.54982313174107,0.886056936390337,-0.112008130308773,0.911674132650632,0.462134740794225,-0.406580458657677,0.271814305749244,-0.642955637547383,-0.350761224199449,0.279247165652293,0.189852245488091,0.192036493552102,-0.177530007245617,-0.254276014695082,0.392401910436615,0.45282735767259,0.137311218187624,-0.0875325619916769,39.45,0
152084.0,1.91847267631155,0.496866745812988,-0.618232487942019,3.85188344712363,0.244934517574194,-0.305602754582143,0.16275115111849,-0.150407539350652,-0.799661447652217,1.48217389838381,-1.36144530056221,-0.425714440314346,-0.291229076437613,0.227885958981582,-0.817149212227648,0.717794457116241,-0.729405023696591,-0.170899652840431,-1.64470031590943,-0.305786629513338,0.286731030829285,0.919990267291753,-0.004316554226207,0.0524099631825277,0.204306321950183,0.241885079550153,-0.0361868244353835,-0.0519748644740192,10.62,0
162474.0,2.20898293628937,-0.681052918571311,-1.63501885635048,-1.14529728279699,0.0739050417724691,-0.294587251241962,-0.330865006585548,-0.163077869342932,-0.822837696586692,0.927131740430615,0.736807279045356,0.447025928946078,0.762192355633771,-0.00128807688434,-0.967957556175217,0.889223123058092,-0.0297720183701329,-1.36567574228983,1.22272198942141,0.0413225140998791,0.0567241768376892,0.170114608467156,0.156932974871692,0.248333470871384,0.0446641200995378,-0.301646892903463,-0.0420209153333524,-0.06981565116998,13.48,0
93897.0,-10.3008197578448,6.48309458751086,-15.0763627200288,6.55419115286706,-8.88025172157215,-4.47167242014489,-14.900688599735,3.84017023811699,-4.35844142237671,-14.5331616869738,7.58874088021049,-15.8357188077344,0.135035383391472,-11.5670059165135,-0.077026912374336,-11.4674297370042,-19.1729963590355,-6.96985638421183,2.21175583268581,0.113244363257218,1.50874842459643,1.04164209875775,-0.682789602968657,0.573543946252624,-1.6023889741646,-0.393520821299559,-0.468892515546761,0.105920160381125,1.0,1
140069.0,2.04302675171153,-0.149873038719737,-1.18920029373767,0.230528855221246,0.0175482230037768,-0.720622727348307,0.0335042020949157,-0.133445755885404,0.393872923617805,0.260465261682365,0.570289515230329,0.705544830285021,-0.559374812971657,0.570983176421549,-0.571942800286989,0.21221121809853,-0.621049961795873,-0.197206051504194,0.560373828895544,-0.242707045997546,-0.26590384452367,-0.693748834812958,0.296112116595111,-0.352310122479411,-0.305664740502764,0.200371101278497,-0.0787049362572438,-0.0747729030718821,0.99,0
113376.0,1.57558767562041,-1.0315153973939,0.586006984867721,1.75438682261125,-1.36790143166112,0.504612800553838,-1.0645025579213,0.247063027874662,1.91763385330212,-0.134501389775699,-1.47676113586972,0.822297775201186,0.467108258578481,-0.937404040212791,-0.542960158938198,0.148441150885202,-0.380804674591097,0.281504272134324,-0.548638709202886,0.0627795051561353,0.271796667034769,0.899076795313913,0.0153760425231023,-0.0578788035688875,-0.252193735783058,-0.531940345982293,0.0962184823242432,0.0086752830627466,156.9,0
74347.0,-0.654824037597765,0.395492165739988,1.23345540662053,-2.39115884226803,0.0193783725810505,-1.27090351487665,0.708360455997291,-0.201517376824323,0.635206857168766,-1.58515493885455,0.296330102116126,0.98887558419474,0.707424699041657,0.0291889624008326,1.10225903983818,-0.750993336806356,-0.0827230336806295,-0.7499870945027,-0.353016595843543,-0.111032654175622,0.149122383400343,0.49714753284167,-0.0405128816125117,0.468199768242563,-0.329102761293567,-0.220089402526269,-0.007124456175289,0.168691875120017,12.61,0
142409.0,-1.17218291948653,1.66171286952217,-3.04963701906308,2.55505843390024,3.66903461419474,-3.16299837227475,-5.98564011625334,-2.17993523861597,-1.12029227657092,-3.07555830950402,0.997448763245357,-3.19191476820242,-1.51485677577243,-4.2672960668817,-0.159553975172285,-2.91646262843242,-2.81990611139418,-1.41723080093652,0.32519494288717,0.548106363466502,-0.812097797287015,-0.295360725931063,-5.98880644277407,0.714380801225346,-1.60002359150788,-0.634782934267927,0.822713228036362,0.494375178430933,2.0,1
43578.0,-2.4748445075339,1.91892866977249,-1.83789951001062,1.16547064865544,-1.21312913861911,-1.28572176529448,-0.0461577517962739,1.31836655660934,-0.75227818513854,0.138605772072966,-0.870013019737915,1.14873644822638,1.24056220457803,1.37655164711291,0.528678637769567,-0.074376223077368,0.428638137729432,-0.135112371772702,0.25202885736087,0.0205886023361873,0.188463413915363,0.490831910167966,-0.0623227184100416,0.446639332829383,-0.498606122884527,-0.407395621885469,0.384449706219013,0.0017732737442696,99.99,0
133861.0,-1.2562151584692,-0.289979529183619,0.776006025846917,-1.75747005280049,0.197241069221931,-0.568932197920586,-0.42163462795383,0.608062203731242,0.626226410539287,-1.45729556077223,-1.48134404743203,-0.515002280898818,-0.877212410166961,0.392983155897311,1.00031304540805,0.448927129974852,-0.422079858390394,0.486768110725558,0.0184051550372061,0.0527668136408923,0.327786717083861,0.511769342865295,-0.166831745055619,0.460663490810047,-0.171607388075296,0.691522120568777,-0.0527367991833299,-0.052010544383798,28.5,0
58199.0,0.340390790889508,2.01523346310003,-2.77732956104823,3.81202413104427,-0.461729071578821,-1.1520219714746,-2.00195866818811,0.548681056661142,-2.34404166261939,-3.07669858515182,3.55473755027372,-3.96968929955842,-0.932183689489454,-5.87606732124924,-0.0667394504128529,-1.49528077472825,-4.42475717388751,-0.619323237398381,-0.231198386269899,0.326772803133095,0.29976881646527,-0.583282924090166,-0.187696049565752,-0.329255753153177,0.732328138266652,0.0580797142765515,0.55314334331356,0.318832445723953,1.75,1
45149.0,-3.00959464451895,-2.46014329197146,2.02083608391016,0.0754904341846861,3.08197379046675,-2.09551614973046,-1.3907715925592,0.466386749203462,-0.510089585468116,-0.453004462641366,1.29738073815959,0.616272264887393,-0.536029501339103,0.568746236098905,0.208679118173564,0.298028344370797,-0.50508779679691,-0.0714788083206988,-0.706341888881005,0.734601023417096,0.288922820439847,-0.255499263306682,0.404240474104632,0.0008328798851599,0.36206742827315,0.296672332252453,-0.134030654489257,0.104947681303959,32.0,0
46597.0,1.28405032111411,-1.26874558667426,-0.284519386668088,-3.03718210838912,-0.658148356566846,0.332429850645054,-0.731701050553567,0.0615271109830371,0.803497592079672,-0.736631112576847,0.395347082305487,1.63118265665261,1.52629955846759,-0.175949697428536,0.817208043994763,-2.349815938015,-0.16268600272092,1.78961380482504,0.83860417379292,-0.264387722469705,-0.308656479211434,-0.223951250795912,-0.277028652321831,-1.30998901133625,0.71154339234122,-0.648321381427462,0.11339581925607,0.0178853405078752,79.98,0
104702.0,-2.63355570089588,1.88443738380726,-0.3536729435934,-1.46084801670485,2.05556041714059,0.0398826891337732,3.89372147704069,-2.99012853741002,5.74268600136109,6.38335531932695,1.081029896342,-3.10478578744443,2.97247680922892,-2.16624380188628,0.367452516259653,-1.49273602645526,-1.59697264114155,-0.0673867352456813,-0.185735722264464,2.21618267546509,-1.15108930737575,1.17219482840653,-0.376095845035185,0.01374807632111,-0.15316580905995,-0.571818397985865,-0.638476219109469,-1.20213307591935,99.99,0
87931.0,-2.94863809342513,2.35484928853394,-2.52120110733765,-3.79890541912018,1.86630187914307,2.72769539943013,-0.471769018449044,2.21753656398988,0.580199232803226,-0.0275719595415189,-0.418938519322784,0.570400275292817,-0.294106525026376,0.927785746476271,-0.0900645351069432,0.426112665529802,-0.39614752626654,-0.946836957388864,-1.14375181386552,0.417395889233377,-0.332758994813823,-1.04751430683359,0.143326042049796,0.678869191038239,0.319709764239196,0.42630913123655,0.496912106744169,0.33582163221274,1.0,0
19275.0,-2.50566402229315,2.77454533853264,-1.60691080172349,2.27059531509195,-0.0373439103451421,-0.992267740473323,-0.611609559680964,1.59151403188947,-0.537230828178221,-2.41247946448128,3.01597640203015,-2.93007111972287,-0.168975578951113,-0.158445193862552,0.768946953973274,0.673989452702668,4.96453297941217,2.31899270356386,0.678870756015633,-0.447623829134665,-0.0274738759335044,-0.45172025276397,-0.225325198440906,-0.183659762405812,0.386375473802805,-0.0727547922162853,-0.727683297401078,-0.252209175818037,2.69,0
138817.0,2.05218314358517,0.0648341309608802,-1.81629528201434,0.236928193680994,0.575034712367407,-0.398189498762209,0.0443923412474472,-0.0436200640072729,0.326389353631243,-0.195047640517074,0.785274712165791,0.485353546722768,-0.442817297147669,-0.571122329741066,-0.421531452133811,0.621420629822232,0.142262777502033,0.342476415698987,0.457074441088012,-0.165234513904223,-0.337702011922124,-0.925650318185863,0.296282481061211,0.172805824745354,-0.264853541892374,0.174111245163548,-0.0700450251693645,-0.0446115937889936,1.98,0
85788.0,-2.37262672578248,-0.307404976041876,-0.739628728534811,-0.28021270699187,2.94771858707504,2.84264367327171,-0.820094466259706,0.950521715909244,-0.0807215349097103,0.797719100158389,-0.0677183472897976,-0.0736936144704533,0.202054094726952,0.328962014511886,1.74233308594034,0.250917882657713,-0.513411643019476,0.111269279044118,1.38020782399731,-0.132214904022601,-0.416634687203257,-0.911195553489954,-0.935864260624371,1.09947892999683,-0.576284570136061,0.138522480899257,0.221003775713388,-0.475269239772469,17.99,0
147077.0,1.96193583794437,-1.35955877407715,-0.818116971468717,-0.821704961705536,-1.00983156893414,-0.294793448799738,-0.898137173397699,-0.073102527693864,0.149906226303676,0.685869097502325,-1.05428428124206,-0.674268206455016,0.121136062967207,-0.452865542210468,0.263074860166714,1.25847751830019,0.0512577818387727,-1.00560969584737,0.496223590491908,0.230758672879763,0.372300011357078,0.85411235158755,0.0454997841104721,0.614446737167208,-0.15266348612408,-0.123176829253274,-0.0178323122430377,-0.0229128162251442,129.0,0
40280.0,-0.235786033750888,0.182496635864546,1.56671787128332,-1.11178096622751,-0.47847887384352,-0.249354194868965,0.0664627377326573,-0.171719468954791,0.701054942392528,-0.390714347287417,2.14112051752278,1.16615818199156,0.441967685615834,0.0107630167886758,2.16265634938516,-1.22205797048395,0.287967519201013,0.418960970138036,2.11204483759014,0.180408642877791,0.286080999809778,1.16281148369593,-0.0418909744265183,0.3093769417138,-0.493734549264352,0.257795027037752,-0.284370670871465,-0.154376524052354,9.99,0
164319.0,-0.502019536644661,0.526279939710425,-0.119029091598369,-0.399464340760696,0.469798889396382,-0.183107102159719,1.23418395630604,0.0712592020998811,-0.0846190456477335,-1.49786802934524,0.874240319731224,-0.209692951726237,-1.56161501794147,-1.18788884763426,-0.755477746896715,0.0951476384910773,1.10492697596502,1.03378652767596,0.778697659410074,0.231409026774055,-0.051650399515049,-0.32475038101457,0.177149464708008,0.591114391301927,-0.240473153757943,-0.102682214282106,0.0904281706455169,0.196754760062656,144.48,0
53255.0,-0.465980048689717,0.979674031666892,1.58545979184277,-0.143964509994539,-0.0018531538237694,-0.581867066269828,0.591574963968287,0.0830200140761888,-0.650868071891479,-0.1413656977412,1.29433554529939,0.628965723084475,-0.0725681157953972,0.34323102639397,0.15040372327876,0.395946084589922,-0.643142941488127,0.146419135696908,0.304217295466808,0.110866586641142,-0.175354806084316,-0.485013535570322,-0.0312787896555367,0.309506576035995,-0.22392863797455,0.0539441004160872,0.260786292639525,0.111055011465544,2.97,0
73210.0,-0.0243209236692533,0.27762350334459,0.400581419886972,-0.20579639419043,-0.879040446177833,-0.576613901915349,-0.374111100104064,0.235187919757054,-1.61834680616279,0.61395343271394,-1.08019219994516,-0.179788941405194,1.10169254596939,0.318200218104669,1.44530462520298,-1.66527697751646,0.423514170081931,1.39094409578345,1.09206672836998,-0.242984151042897,-0.246111544488589,-0.332994837478484,0.347146594204035,-0.0825614120858753,-1.59553723081299,0.946037036920338,0.103319254812432,0.164038264561388,33.03,0
60147.0,0.192911046139571,-1.66019364851153,-0.743538773112131,0.485501251703601,-0.858654990383701,-1.03510786784421,1.01939151899798,-0.362964061683014,-0.364744364526093,-0.147487162813619,1.51397534855303,0.512285139896946,-0.807268094227815,0.97278874594094,0.200658792912109,0.154543076877061,-0.272315847265041,-0.0517680465943063,0.159728394653561,1.00526894806717,0.343967061378982,-0.321153871560006,-0.552297392998984,0.624406845696967,0.262170569136352,0.984107946453207,-0.227167304436663,0.0776508585973142,561.95,0
146242.0,2.01262189294143,-0.372190907657573,-0.261691342835873,0.465321727876057,-0.799914062735614,-0.688636933470492,-0.599151278843922,-0.103741692467936,1.13849495848485,0.0420379005324373,-0.881972502038705,0.422135840703177,0.393422727580149,-0.229606357207506,0.515375185439187,0.351296701423703,-0.556041177488474,0.0625739146499063,-0.364259701588176,-0.192546490887661,0.245992148210956,0.947972619169384,0.123110752255034,0.12050748427564,-0.207125483861099,0.639548765481948,-0.0209588997606213,-0.0495832622431599,1.0,0
88292.0,0.730168715001235,-0.228671444829361,-0.820634983610691,-2.31497505870591,0.343949327190611,-0.226589075959308,-0.123397288553194,-0.946062325026207,-1.1215174502989,0.3915760902433,0.501481353055139,-0.043337239186776,0.255652562113821,0.207141653229658,-1.04875177908273,1.48588777336468,-0.587038383448988,-0.778148355812978,-0.197112994242028,-0.149984906452787,1.29896706640364,1.12754077656625,-0.219396419879737,0.278588764974225,0.312466646011068,-0.131153875318342,0.231863918579088,0.314376529048664,34.73,0
81743.0,-2.23983465452581,2.40593324347395,-0.0861001419126603,-0.0439389463354263,-0.93798699598071,-1.18006214958324,-0.172149837941949,1.01324273351258,-0.0169043080735928,0.252509716709933,-0.439489563704443,0.460994078192152,0.491757493454344,-0.0106709895647717,0.853697406208686,0.584376244862971,0.359687416751361,-0.141382978390825,-0.221823485292768,0.369886494407813,-0.31315028383522,-0.776823233883535,0.11996232460172,0.320817206427091,0.0922631085790278,0.0675080812032899,0.145493927716772,-0.0934970281647562,8.99,0
42283.0,-0.731399382011384,1.41812326990055,1.35672380537548,0.963916401753598,-0.216382625163104,-0.0069925743841401,0.051983130321821,0.563978980488758,-0.993441476469681,-0.0346987030163679,0.926742560879389,1.00976900073432,0.895490375733954,0.500227285036294,0.613215975028468,0.242300329245037,-0.42691026062759,0.739783590599368,1.03195211811288,0.14544655639916,0.0618805144914652,0.205268469426659,-0.103356990564902,0.0123910620033498,-0.224075552650144,-0.3771287433276,0.294414130662232,0.138591222774792,2.0,0
7399.0,-0.383561658439082,1.34242048894166,2.05422650206092,2.76147944239884,0.537921674580263,0.864262788140372,0.23929529893607,0.246995994595196,-0.471197293055934,0.3998329485202,1.99820902542593,-2.58313062437783,1.18036191743562,2.04839139032248,0.196146580105133,0.0203109318631875,0.663797166686689,0.39866971700626,0.754446401393543,0.0583080688533681,-0.253913926997744,-0.564320444447275,-0.0391266478875487,-0.411768607361402,-0.453502662710655,-0.0404278067397356,0.101708369692142,0.103397765532068,2.19,0
161218.0,-0.791338805658619,1.78704444936253,-1.032442407083,-0.427513051289771,0.110986231979033,-1.10629493972232,0.316732477509468,0.699143128960624,-0.359665491507591,-1.00975588429371,-0.360097839540111,0.847493543483814,0.926399970501522,-0.598699224296153,-0.384421162521391,0.324669326907192,0.863439577535347,-0.499754531682105,-0.516163722754242,-0.0397730294509388,-0.242798900373107,-0.699944992424735,0.267181202373002,1.00213897782168,-0.366722750411248,0.0960651571746688,0.0895157196737,0.0236063969276779,7.55,0
42894.0,-1.82147567677541,-5.15968915246949,-0.0777613455088607,2.9685753653038,-2.61071193969985,1.35648039516631,0.97517409472819,0.080890085669181,1.55786045160249,-1.08838030424257,-1.37117896701819,0.36752197700035,-1.09628767312978,-0.401942552396128,-1.14726408129797,-0.668096125793132,0.758834695627807,-0.439827185914165,-0.540429955271362,2.75745038801116,0.732848571772806,-0.80491406326784,-1.31928992132102,0.147010448575869,-0.118988015691522,-0.447349416265289,-0.173816546218848,0.290176217763402,1499.0,0
82665.0,-0.6206746605111,1.01338190144707,1.3730369155819,0.16869830183637,-0.0779928843461179,-1.22042799895359,0.689490218198363,-0.126353276200201,-0.3235378410607,-0.395105118515864,0.0719535547291299,-0.0294021753885532,-0.0352760205065077,-0.428217848480426,0.900487398903572,0.288680484906532,0.121224583000077,-0.233566058656941,-0.196822968385328,0.0588844214645005,-0.237532471427285,-0.624818450599728,0.177414306697554,0.654108795199823,-0.183015882915913,0.0453038967248746,0.13184253628418,0.0826532073878534,8.38,0
149025.0,-0.717426069666853,1.24332362959651,-0.837869681173475,-0.737707812198317,1.07405075466152,-0.902079690550804,1.46312474770024,-0.657518156706921,0.590697114976379,-0.0203793080434454,-0.943401417135309,-0.263036630874146,0.681783355724147,-1.50116556041501,0.547639397686649,0.289318101863373,-0.191121747787266,0.716258933526121,-0.375080696248572,0.0490809967794931,0.114365815384342,0.805006980795778,-0.244200268446342,-0.773828247412735,0.212655775818899,-0.18311836744011,-0.27175174608531,0.0423721438711246,41.47,0
44663.0,-0.685120687885409,1.46796000866848,0.875130701955679,0.719544207822913,0.61548784399378,1.18958026047598,-0.065463446413103,0.786105969338682,-0.877320643006236,-0.246660821667569,-0.259573319235417,0.497575536486882,1.27378711682369,0.213299057223416,1.43197550274297,-0.0220901208516708,-0.0824175232335322,0.170683044399308,0.566278175814817,0.270018534427049,0.0275557424238939,-0.0229894976005593,0.138239093728191,3.96219734268976,-0.180822567644564,-0.54911017486156,0.27901569376385,0.18664940753998,2.0,0
120683.0,2.08600838543092,0.155522126568606,-1.62799274755129,0.462922934388626,0.371790520981449,-1.35092284109445,0.656636317988037,-0.547623079528511,0.374343036087203,-0.104207981515626,-0.705192935675908,1.20524956480138,1.27262845115518,0.189442989628079,-0.470890301846103,-0.861440067900755,-0.19049154557887,-0.798997560460014,0.246982159164657,-0.179762239382741,0.0081906662426483,0.348389769467445,0.0091856048840271,0.0429597551780845,0.420187356793627,-0.223640857955973,-0.0262670512476376,-0.0643141755442499,3.0,0
68546.0,1.04927385874021,-1.15417728464561,-0.449961196329424,-0.595139300745277,-0.67691389391936,-0.214863312674448,-0.118288618660116,-0.122073576737812,-0.956468511724871,0.717223321083761,0.147406028227637,0.153283289876515,-0.201095693736275,0.2994689452761,-0.611096276504074,-1.31418384584812,-0.205396238472055,1.45322879756301,0.0792284952351575,-0.100346132251652,-0.340565456658728,-0.863237729739466,-0.283924750201594,-0.452436925301792,0.42792351835152,1.10694710057734,-0.112839425420351,0.0118703458350681,199.0,0
156875.0,2.03098177417105,-0.229035730974579,-0.894341757587905,0.337490338105875,-0.343291815815452,-1.00301512584408,-0.076130283743798,-0.244948647519666,0.762127621910082,0.0556041727442733,-0.778461518453571,0.307954492386747,-0.0410512304866884,0.168628447111018,0.277905092951343,-0.0312599999720033,-0.291737471195947,-0.574437845810322,-0.0991720344516705,-0.210956583879347,-0.0211886349203364,0.0978331256936942,0.211829868551368,0.0280796111591319,-0.222037325354969,0.558494176118106,-0.0657544931880694,-0.0605917254414074,10.0,0
141106.0,1.98054462102305,-0.161714283827883,-1.04895925018523,0.313770387408691,-0.0947691069547504,-0.82158493628252,0.0796579980712575,-0.162039696125099,0.292041325231005,0.230062977617854,1.02169980950859,1.10387629409709,-0.132465582781764,0.503752196310265,-0.602387314918323,0.0292085278208977,-0.46334679994222,-0.458881492988577,0.346747485338395,-0.198488281196913,-0.221978534429686,-0.572599880753909,0.327549851397358,-0.0336225747295208,-0.356968844052542,0.180266996256158,-0.0746978533169688,-0.0680705224043713,16.0,0
94153.0,-2.82397143194229,-1.63671500542306,2.2348778924145,-2.04006048872564,1.13986250479745,-0.943523280365715,-0.706044678232279,-0.0647317213635064,3.21689417852909,-1.13276483503034,-0.700585226885447,-2.9027466285643,1.42008161315318,0.46438320103022,-0.14155795268838,1.09453494808433,-0.697105069478121,0.861492406116052,-1.06225058089358,-0.194221070215511,-0.255603606841172,0.179414768593199,-0.432810151210243,-0.693573796765572,0.597294911471404,0.632074096130625,0.112544998186139,0.230353214227002,88.5,0
155359.0,-1.067713272294,5.26231210944906,-8.4385670664835,7.31648729995658,0.0082535729164869,-2.12593631959976,-3.3070357352934,1.86983752340028,-4.52258362448849,-5.17281182346005,5.59112619350265,-5.64041745782421,0.784510038605689,-12.0438056158463,0.353814874886981,-1.92055816814255,-1.87992827944447,0.679751299229409,0.797641375455208,0.821404548671474,0.547789786518153,-0.491959821843257,0.0559141341245579,-1.14536853471475,0.0689513455242996,0.535054734945035,0.539263072143882,0.124255055772618,0.77,1
36188.0,0.848679935804661,-0.749387618633821,-0.0801858933269096,0.343576797478756,-0.807018416671299,-0.880018817052593,0.244423402583562,-0.1044153546436,0.212158296618251,-0.060581075168387,1.08736336187348,0.130737749396936,-1.91285625819555,0.763116031815235,-0.397037944178341,-0.0509077526287513,-0.0156265835797072,-0.0728510326172632,0.457559367703808,0.209570638368789,0.0800567881246847,-0.205492155097214,-0.231007034991861,0.590074407399914,0.355741772221698,1.04462998076455,-0.147156990380365,0.0163385636118264,207.0,0
72425.0,-1.02072123162004,0.440426273961192,1.5956127814006,-0.664262817267804,1.03802197640806,-0.991612876112034,0.875055887753129,-0.520544240435561,0.28195079741015,0.167758422980316,-0.867875921532954,-0.579922023901312,-0.437338156673721,-0.322755598376947,0.511191702641454,0.50594145722737,-1.11284511304943,-0.295043726307572,-0.58914557579314,-0.0088636016677738,-0.349310387411436,-0.678725259419451,-0.224431790242696,-0.178669602804725,-0.311543773032668,-0.139885465422395,-0.26363590227829,-0.213196375971862,2.68,0
118286.0,2.27023949874069,-1.27076098531858,-2.09308891600044,-1.62573566071325,-0.521270270318472,-1.04584596034496,-0.334312027939268,-0.381684388813517,-1.94046215826946,1.8389320261578,0.326845653095713,-0.643120388224873,-0.538522533017102,0.382977186743019,-1.32077461471795,-1.02931874506226,0.536731161047302,0.141311707586042,0.388608883270037,-0.430572972237364,0.0061138677447723,0.443432316917386,-0.0761053800617048,-0.382417672860921,0.346759511271989,0.115262777644837,-0.0585001464294635,-0.0862003620759745,50.94,0
165367.0,1.49484239181794,-0.834103103106904,-0.587230944847924,1.30496346487487,-0.41803640215111,0.291447167234821,-0.239887694946351,0.158858676388814,0.604690570008095,0.227320069365873,0.805370377644208,0.927721132273441,-0.299573047009198,0.329107137326535,-0.134412536521735,0.539000306257284,-0.8296387170098,0.297975196238687,-0.266592623673325,0.191958380319937,-0.0361868724013113,-0.55808173087597,0.236530404668158,0.624972567636986,-0.504761411555739,-1.05282728491775,0.0051222482784222,0.0083050950942553,221.25,0
70822.0,-0.9238926937745,0.481675759236673,1.18448206016413,0.211036136000022,0.207235905470968,-1.22519398671658,0.494389978973004,-0.02297604837873,-0.0712703481740434,-0.334984489059352,-0.447113584448914,-0.84090445253622,-1.28616106535513,-0.192971520503714,1.09606345026953,0.4637174494521,0.0662598642012257,0.0504019996702482,-0.0286074218356558,-0.0730849741546902,-0.302558986872097,-0.761285850006155,0.490227201261312,0.279368596808131,-0.0980956010877256,0.0851385147559683,0.173806363671234,0.0363325518625622,5.99,0
86356.0,1.31676595165386,-1.39037786261687,-0.135683963907084,-1.29909454739461,-1.31496078490236,-0.523250576928377,-0.732244477476847,-0.108927392519321,-1.89809181162594,1.54370026630929,0.503343232111489,-0.769406355281665,-0.778457932256491,0.0593892145896774,-0.930981245167749,-0.624666515802742,0.571755165428861,0.434113000392329,0.440863438293179,-0.196974399278613,-0.131454471424339,-0.173699337802614,-0.212914827521554,0.0003896707417872,0.618283000015385,-0.0683700595774558,-0.0140166898390571,0.0109005360790855,114.0,0
20096.0,-0.783775353421654,0.306266129846816,2.26985247164494,0.468244578442542,0.106289486378352,0.0053153757249651,0.46811521163205,-0.116971648451825,0.761447031143855,-0.468516883299827,1.88554096276719,-2.59630355098586,1.01833748718932,1.62084271733831,0.0970958285119563,0.255380044224797,0.126567233784371,1.11777544306561,0.780966281360952,0.359136329882637,-0.0397143104714801,0.0090774156771921,-0.104403693116048,-0.0573999735198023,0.150564053110606,0.416160826550428,-0.196580446081473,-0.158278624521521,89.77,0
49945.0,-1.29037049453185,-0.082308667648615,1.38998848086405,-0.81421592099508,1.37104616128911,-1.32622199951649,0.415690217765061,-0.0949376705947147,-0.379466605202363,-0.903823949731361,-1.14788832991714,0.0481791375019555,0.262136034866819,-0.0536013516648474,-0.459090211039549,-0.0223406333356447,-0.367222812348122,-0.509345005818567,-0.007209406013786,0.191996413240149,0.0060752297801211,-0.19196276475804,-0.302598116480446,-0.0522131271677587,0.681926802639403,1.0343524552302,-0.108950691150699,0.047758652620697,2.0,0
127177.0,1.94388788707681,-0.637637796833748,0.169203821542168,0.392309615192182,-1.037575827149,0.0966778815809028,-1.1771692821217,0.237257821394229,1.86835343264208,-0.174174138710574,-1.12938316131906,0.0214117171988376,-0.429954258856346,-0.291142333596555,1.16793530416391,0.637954500125688,-0.752839370379132,0.700947023038565,-0.444784687059139,-0.207405575496134,0.230290272591942,0.80476112296851,0.232762463501111,0.723831785401119,-0.360545327462143,-0.301036049634219,0.0629562092211408,-0.0163912262273757,13.95,0
102671.0,-4.99175779387947,5.2133398229232,-9.11132629809104,8.43198635177602,-3.4355156720863,-1.8275651016855,-7.11430284412379,3.43120663145462,-3.87564287029742,-6.86850850672582,7.15062516950116,-10.2629840447185,2.73308493575221,-10.1275247811671,-0.262783621001749,-5.19027103814098,-8.6557110398096,-2.02444347438745,1.5604792800844,0.0981321924634143,1.18942283937597,0.247858476295777,0.294448330047117,-0.548503502162266,-0.174616566570794,0.406702503092405,-0.40233927269736,-0.882885795448957,0.0,1
11065.0,-0.249065706083455,0.451302515839495,1.57249042230939,-0.858810466852573,-0.0774676097140816,-0.412173197396813,0.11344943624105,0.0604154304506698,1.18980473995951,-0.903693973251674,1.71911439701043,-2.23237212571235,1.24566627813977,1.57072534454194,-0.757071743721275,1.00570288138734,-0.352606135973859,0.885414649041103,-0.639772816820333,-0.134403637676027,0.0597440762842107,0.30108121696318,-0.0765685533115539,-0.0039644649030208,-0.450043568540455,0.817330536688362,-0.0639243466201928,0.0141327166824359,15.95,0
121251.0,2.06693060692681,0.0088168936727468,-1.61950347330277,0.0129268008672247,0.641777744782881,-0.25005701854197,0.152639699408038,-0.174860698124222,0.176208734197563,0.13469465809441,0.828079152715527,1.43916567925602,1.25431812441737,0.413406994648215,0.0360911106962449,0.0269045387964308,-0.955161355643505,0.382479895673374,0.162518095027271,-0.121533210628124,0.279870545144961,0.967418413496785,-0.0400079028109336,0.288828292551563,0.342994387904336,-0.132691761042551,-0.0179994314959969,-0.0645616246000762,0.89,0
126517.0,-0.287643037655132,-0.205682521224296,0.952255623274643,-0.435679763482648,0.943153091693263,-0.434618839575885,-0.0080924601640125,-0.162982283214077,0.226198493845389,0.059128621596986,0.607539134703029,1.14403328688425,1.15871081148208,-0.412079797799,-0.410003387433887,0.4340772326178,-1.04494001564818,0.16418319578686,0.730340005024379,-0.0265232689503301,-0.177375197224092,-0.253675585213589,0.0791263164503415,-0.456803626277668,-1.26515257968296,0.148515406066542,-0.119676286565049,-0.123387207262982,7.49,0
97036.0,-0.495972053520565,0.603188017340159,-0.7229853538974,-0.983550138451491,1.35405197727097,0.44918202024368,0.718653198113454,-0.550572272776184,2.32844411207901,0.0584221018259116,0.485269726013419,-1.91900094877586,1.85795506848268,0.974738782866092,-2.24571268612877,-0.255775520672757,-0.358268447616205,0.740490395403195,0.575101569469727,-0.442567847822313,0.0554168397678053,0.66770787907015,-0.280980561709666,-0.393721267702678,-0.858328656678218,-0.159653671928076,-0.922031170108882,-0.037930570687195,42.9,0
45157.0,-5.06427009162121,-5.62311103073604,1.15824397577439,0.448357373532744,-0.200251571154702,-1.6223289282251,-0.809590722898729,0.765145383560749,-0.679812534668908,-0.484334113241835,-1.53946767243567,-0.890303969360565,-1.09469240257673,0.318837259417612,0.317461100243754,-0.710612579247372,0.0350236664060049,2.03676307585771,-1.67321041024778,1.916609258964,0.467303186192074,-0.707873751849198,1.09804337993123,0.307590674622903,0.438339719148405,0.459448375565968,0.034764419247695,-0.554757243830975,574.0,0
162604.0,2.15171013553223,-0.805651988060355,-0.730329553379652,-0.618678818880754,-0.53534949780964,0.0782333201412042,-0.833659813693676,-0.0541965172881737,-0.156326338220444,0.765813042172979,-1.4536867718444,0.414240106093696,1.63358940788646,-0.477306624128496,0.339174142334302,-0.913422803318842,-0.579174670125352,0.969997640250609,-0.533955685687154,-0.449945436462349,-0.656489104319193,-1.32904016684271,0.45042184633908,0.0579235547009191,-0.61426073343107,0.236216816752759,-0.0145118091423517,-0.0342507359489334,20.94,0
38290.0,-1.08188161232988,-0.862656396626027,1.94743782775233,-0.869253736933512,0.683162886903752,-0.0522775787591907,-0.3137538272013,0.132333473705413,-1.76158712383224,0.640642048956118,1.65178432650377,0.185182022864107,-0.10239969190254,0.216449686556281,0.988702863300983,-2.1131303579235,0.518828672369184,0.585295714941854,-0.19996973182188,0.0167046385159093,-0.386442789717752,-0.818189734507207,0.172831389848019,-0.288945299428176,-0.272701610584115,0.963180747715931,-0.181558481476653,-0.155509594075554,37.53,0
51312.0,-1.74891163113782,-0.847587563582795,-0.508732745107651,-2.04699876372059,-1.89713913710784,-0.693930924415154,0.218129803387654,0.602082725369436,-2.56434061463497,0.540742288329381,-0.821001162375341,-1.22020530875032,-0.520285214981877,0.561517032263777,0.0117353208461657,-0.287399160560087,0.95827140505348,-0.705158397697772,-1.00647577218384,-0.569071198050677,-0.402566768294323,-0.9872734041863,0.789497466765081,-0.0204160047471178,-0.261173190674917,-0.643585841653412,0.1540294927911,-0.3953298064286,228.59,0
157505.0,-0.158100281615151,0.971932489332425,-0.48873461204088,-0.663940389924115,0.704110403593585,-0.571250645700845,0.703775120383023,0.18539518797582,0.204190576912316,-0.301739495850854,0.819719964667371,-0.515756562930515,-2.27645824962786,-0.445436524005148,-0.645464312981707,0.517295103923518,0.330781739122394,0.401031623377338,-0.0715094066916097,0.0017583864514522,-0.333753319902814,-0.877411302855793,0.137411761538164,0.53888915740664,-0.505323046283105,0.104619016216654,0.32058269680444,0.126976347554791,7.67,0
147289.0,-1.43393256238462,1.3066853960225,1.39757753833592,-0.743312514587284,-0.318570830699408,-0.459922302812117,0.810558169630173,-0.138005063385172,1.12394363969763,0.798967535338367,-0.845586284341876,-0.20825665205814,-0.258863520549464,-0.663036451844091,0.304901755145608,0.221787817273842,-0.717201199018336,-0.263153867646921,-0.31690106838124,0.550189825613554,-0.397760508287741,-0.495073779675991,-0.0524537874004117,0.0085232320614701,-0.17248454996566,0.0076530939102578,0.611234492914247,0.270771356561077,49.99,0
163855.0,-0.318709570487719,-0.335653529883122,0.148611869756009,-2.48945534684104,0.326069183976583,-0.412880293855819,1.1443749842519,-0.528127943156963,-0.861254330294044,0.853427550997461,0.848451072046905,-0.990960376343955,-1.01258297426712,-0.220555325125444,-0.883702662371584,1.16548392278278,-0.59097364873858,-0.6619814775241,-0.111765329355784,0.192565977190718,0.474466380927878,1.64062747180638,-0.192781943950478,0.73535473492657,-0.443638893535576,-0.245959961381498,-0.0120607174637397,-0.195728246579355,127.7,0
128285.0,-0.210047273945377,0.217979827812106,0.0512067766065941,-0.68538442775889,1.22774837341181,-0.862673719795951,0.679944154179379,-0.0732433649948267,-0.361445956474653,-0.369827698540688,0.444536439289916,0.912888623700815,0.247390132625921,0.357078664091409,-1.22913252249294,0.0921105885120747,-0.789327501108632,-0.208146279064525,0.240459178417129,-0.0438431514519916,-0.0278566298528446,-0.146691350592455,0.271102849075451,-0.390687763834134,-1.4154760707972,-0.0287829812489452,0.194172231861283,0.262076458614878,9.57,0
153145.0,2.08636746469742,0.0349071043493868,-1.51223805955689,0.210555130075364,0.382526706483002,-0.773929324682455,0.231363886540992,-0.316840207457427,0.483157888550327,-0.0211102824318283,-0.655355392964771,0.613835663145415,0.8206202360404,0.328235478003751,0.763086554819194,-0.243704848872555,-0.558652705913594,-0.163537829208684,-0.247707097458164,-0.172785337423045,0.244470658233993,0.877707350303596,0.0185752518052499,0.658510927611647,0.313670442262244,-0.134057555110328,-0.0167632786081729,-0.0520421261582317,0.89,0
12597.0,-2.58961719821269,7.01671438495857,-13.7054072869097,10.3432280604117,-2.95446103475574,-3.05511578527804,-9.3012886151434,3.34957336071614,-5.65421202641103,-11.853866972601,11.6692047358121,-17.2286622386187,0.0555715664836118,-18.4937733551053,-0.304172113519045,-10.6294973901353,-14.4412111342765,-5.10548646597228,1.2702262705049,1.48885519236896,1.88773772551451,0.333998184533223,0.28765904061745,-1.18640640906644,-0.690272670076388,0.631703772210546,1.93422076005943,0.789687172212655,1.0,1
63578.0,-0.639191253440691,-0.0855947885921835,1.26545195854416,1.40116573166082,-0.260542078671007,1.00979457835355,1.30199897093176,-0.135257522932592,-0.431520921685507,-0.0913533730643921,-0.921051995675577,-0.61381552858098,0.198913055533638,0.0160870050482155,2.20626377523102,-0.527140627794259,-0.0572786796405291,0.448655661077036,1.16443546519237,0.861306751100051,0.340330752683629,0.76016976216338,0.353376975218638,-0.778892742566353,-0.0706811598435952,-0.0333546437243291,-0.0619624216383359,-0.0626865318467909,290.18,1
64905.0,-1.37443004442329,0.283203969247135,1.47903738760691,-0.185899700279648,-0.0673725635308104,-1.14239023963955,-0.190013306686873,0.492255421480155,-0.920596299683137,-0.589886900421184,1.33180035155625,0.441788790600335,-0.683320572052307,0.92502601571693,0.630232341280042,0.121550249191919,0.0896335725570397,0.168238884783739,1.26219684615866,0.173905490024989,-0.0088891785830605,-0.514900751284615,-0.117011958066662,0.571735085893765,-0.0724195125298739,0.947451541082315,-0.147524719041225,-0.129691718045962,1.0,0
42662.0,-2.00015154721143,-1.14783275955072,1.75431570575801,2.56013007508488,2.34983258311572,0.995980816317576,-0.652064459104198,0.671470499811593,-1.07101746304357,0.407975269195314,-0.609473897032134,-0.0545993083271773,-0.105744613851303,0.0782919639307191,-0.365438740912877,0.283566534633006,-0.416347451496125,0.350331342252595,1.18469394088636,0.807258392013137,-0.120124665609277,-1.02446313955541,0.310011969104158,-1.77752922199414,0.280848436202132,0.0231304695485698,-0.0137963459963723,0.10180331076588,120.58,0
169445.0,-0.1234987116055,0.240088635606795,-0.112855448296777,-1.5146365729915,-0.292277500290413,-0.931629427579037,0.579129435798127,-0.0607385048500945,0.991250813982501,-0.956334786203261,-0.96652177183806,1.13597185998173,1.09385823635384,-0.318120451503156,-0.684722269217209,-0.287248909966235,-0.316481155438661,-0.873720893436429,0.302782342352434,-0.247893644478418,-0.174641092202819,-0.162319755121992,0.772607868379346,0.0114136551234381,-2.45869574137178,-0.200914806387681,-0.0279818688318819,0.0424533939047792,64.0,0
150034.0,1.98902191783449,-0.433271891364931,-0.618723633549472,-0.164006751577959,-0.198167799884686,0.275397702368856,-0.65548270257782,0.187377288292159,1.06328315728888,-0.0587391686494907,0.57238697911834,1.1175210382893,0.262366058888755,0.0731459377829341,0.088043744965338,0.503822870720889,-0.893354097344637,0.298767898350069,0.432078386332206,-0.149764529887482,-0.169773736974346,-0.399631289929278,0.35969983834249,0.19754472313368,-0.462281359551778,-0.304826939987834,0.0040381611936642,-0.0438177007453375,7.7,0
1676.0,0.4768712131181,-1.59307762599303,-0.0453912742693492,0.057384112363554,-1.07733953104911,-0.278705292755441,0.243107235099237,-0.122119163878424,-1.50320659587416,0.6553578576772,1.75490885496213,1.00375111132357,0.535854439549974,0.540335960822781,0.345685795321085,-1.39778118733703,0.0280204475401321,0.483429258517398,-0.941854007244029,0.329130125397421,-0.516562752283954,-2.02242010053147,0.0195482132619914,0.167983730254437,-0.313185259535936,-0.0671318842143674,-0.089715476432262,0.0831378840945067,421.5,0
63922.0,0.0434546110843987,0.985072646500094,0.520996116658971,0.713212639571137,0.635451622535043,-0.449526575707137,1.13731573446299,-0.349752047587461,-0.124620701820615,1.10130173294214,1.55239191031838,-0.0507233875564443,-1.50620956184104,0.500196580985732,0.418712446873711,-0.839487718852764,-0.187235896072541,-0.0553405951864616,0.223457788756546,0.206712068292203,0.07852367412185,0.799021952187637,0.000949837842462,0.201553921558868,-0.887311327061549,-0.463934900317595,0.222950649703948,-0.168613578590516,2.69,0
28242.0,-2.78724793061533,-0.0713403777285035,-1.50528777523306,3.36177713733967,-3.35742166883665,0.565834734346537,0.303653111125521,0.966914484943676,-2.24588195188782,-3.65142656863483,0.987277021963291,-3.83478156926117,-0.961354142524746,-3.18216808481143,-1.1260022842247,-2.95430081252595,-5.84121800175148,-2.91043029785417,-1.15585017273094,1.60739677185147,0.882940442444742,-0.246201930041865,1.75222678458672,0.219924964544368,0.15628169505776,-0.265894317684036,0.220694023253282,0.256076869786525,730.86,1
37795.0,1.14850664161544,-1.92754196341631,0.669733045579116,-1.14854550505358,-1.93491499467484,0.180653020951417,-1.35431596117484,0.0456591986289087,-0.953233172597399,1.17454715075578,-1.68571557800225,-1.07551107187648,0.329835885727475,-0.912468594989947,-0.116254130595971,-0.200394433854008,0.445318933864658,0.397584566516208,0.177042022083798,0.0535262266262954,-0.187193432558226,-0.403485334166334,-0.198924154436743,-0.453056429183789,0.281262621071069,-0.162579467565773,0.0405921525742027,0.0562207448308131,200.92,0
163648.0,-0.577144273038912,0.73181967476175,2.07439276111984,-0.282114750368909,-0.209743483947595,-0.36731667291459,0.336555175182113,0.122055662000537,0.278679950407236,-0.94937350351033,-0.951495711593047,-0.685481345859115,-1.26536723197359,0.288500736482754,1.4970938086522,-0.160212447191282,-0.200231335897578,0.344838527567432,0.677768200476636,-0.0666344824380796,-0.119290873184201,-0.356154356942679,-0.262146272119533,-0.0914223561280339,0.253436944522224,-0.653329690232506,0.10642662787828,0.0797458866535187,1.0,0
131806.0,2.13529610238485,0.0539646083367563,-1.69711414752513,0.0679695340555267,0.666031351586983,-0.453168069441502,0.225229009920333,-0.322362391568019,0.468366146067625,-0.0346309766071629,-1.15604169363002,0.73325930395822,1.59411844186161,0.126126092782514,0.724269478296943,0.0025798963575437,-0.895626014112038,0.0909687586717444,0.0303250288597386,-0.102993054181708,0.219750442904445,0.836576413393813,-0.072781057501027,0.106243107597722,0.419020681958703,-0.0961124009418859,-0.0131252733278262,-0.0552118963578344,1.0,0
148828.0,1.54443961367265,-1.20839765951214,-0.819034090854249,0.437203334389942,-0.933381272158891,-0.700205823396882,-0.0808328929811438,-0.104195157015801,1.53783798175123,-0.337028362410284,-1.27479150608362,-0.156895728557196,-1.42810072849328,0.257164490042473,0.178660075954237,-0.0175614046036791,-0.190106596791453,-0.423603513420993,0.350127630436286,0.174033702886963,-0.287890577854878,-1.24701394334697,0.233650976886125,-0.178474553955345,-0.61142480581834,-0.426466182857197,-0.0544440842256478,-0.002331651233178,248.97,0
88847.0,2.00699232493546,-0.271139894175727,-0.519455503693549,0.27567671246548,-0.309783212403102,-0.18188975364284,-0.528124264635231,-0.0340415025731247,1.11496010187549,-0.139731567929754,-0.738590763617405,0.804477176003368,1.12741946376978,-0.215203810089877,0.990356663287892,0.243407027462661,-0.739674118384971,0.160235948200896,-0.397674895937503,-0.133154292481385,0.216192535818507,0.819522573075827,0.158444412081447,0.641008846239578,-0.0886652970610452,-0.270256871033834,0.0384199144226858,-0.0292208721857725,6.1,0
125508.0,2.31343565961327,-0.47293307332676,-2.85877245658018,-1.10883350012728,0.77239609557024,-1.03020722453331,0.476037636824641,-0.588708525708433,-1.09277721081232,0.906258590314232,-1.23326442748219,-0.684266106970816,0.49173777913588,0.301404753828355,-0.4478623669107,0.210187985652043,0.30548692061659,-1.64287078040375,0.946110313380167,0.0375420707037333,0.447716822925655,1.33884415561596,-0.295287293281022,0.140874277759247,0.871720347851377,0.3092978915799,-0.0985138051336011,-0.0894975414007903,30.0,0
85634.0,1.13316651353174,-0.234947833664056,1.20846308058356,0.818442045577478,-0.929198418049896,0.162018680511249,-0.716592372930134,0.225746034640876,0.965366812459473,-0.277994550734275,-0.554668179933855,0.390285956964202,-0.230120651158955,-0.327345953422872,0.480117082824918,-0.117277691310078,0.11865522968014,-0.65289024591237,-0.3979281924077,-0.143336780150776,-0.0655330149740739,0.0218792539430447,0.0619488797947863,0.115788167217023,0.172078531393089,0.346674383319015,0.03121345794327,0.0238247951072761,11.5,0
147003.0,2.2734487624701,-1.47250673123633,-0.750280078236798,-1.46151946807948,-1.55856675199514,-0.910830339575985,-1.20932868355614,-0.192492344299478,-0.947744506237186,1.58379435816598,-1.30153063646594,-1.29330513729243,-0.439335243932493,-0.324270780694307,-0.0165312100279555,-0.417306353078623,0.470964472960486,0.108351409726469,-0.129591784088376,-0.473262265715538,-0.172055873107631,-0.0275672035203545,0.238019345343235,-0.154399389997729,-0.267747150945896,-0.168922045481643,0.0132118648296345,-0.0479984881535251,26.0,0
64679.0,-0.837895278253482,1.39806493177594,1.62447059476429,1.98233397235501,-0.111689156220392,0.205507700110025,0.0930725810851225,0.571788199059679,-0.793801550096458,-0.0379593621913622,-1.70029628603509,-0.37761398481616,-0.494274268197232,0.0830299672766742,-0.713756080040671,0.54909320376779,-0.247260033957162,-0.268588008804006,-0.224502088214394,-0.255227565968846,-0.261700685558717,-0.900892178666326,0.0004605171315651,-0.183285500710319,-0.153529659429124,-0.293673619676046,-0.195978982666693,0.0002412586859417,0.0,0
101313.0,-25.825982149082,19.1672390103062,-25.3902293121699,11.1254347149714,-16.6826439195391,3.93369943022963,-37.0603114554112,-28.7597989339836,-11.1266235224579,-23.2282548357516,3.7859770496129,-10.5224940129243,-2.65749636392801,-3.79279543594993,-4.49894467676621,-6.55787310177539,-12.8672447953713,-5.80459047549908,-1.25446534452587,7.90737812724062,-16.9220157786505,5.70368400806478,3.51001884069223,0.0543302268964685,-0.671983312405663,-0.209431359115655,-4.95002186384908,-0.448412770754799,2.28,1
60675.0,-1.0247261214292,1.11500018104507,1.23798979056314,0.318305343032743,-0.0652232443814706,-0.388900505936861,0.315762702460129,0.600646494191165,-0.808812785363991,-0.540862578759865,0.291566042647954,-0.768828889975534,-2.53846562560154,1.28370506942222,0.334510437665315,0.445625850407771,-0.4214361364708,0.983630459484707,0.307099079759801,-0.256010948989251,0.13400549907784,0.0492071393186572,-0.356392912339247,-0.060373321169827,0.552931041831866,-0.282698609082364,-0.0937340836197065,-0.0225179804825064,11.11,0
1433.0,0.931754747381863,-0.215061049108612,0.517964139514062,1.27894939548875,-0.660010307855087,-0.490740859325333,0.0672733892711967,0.0136159828658342,0.134163104189676,0.0346696145749799,1.15322653872905,0.715152485602238,-1.00875489186851,0.521625333636128,-0.388115839753747,0.0328922798595935,-0.31769885817491,0.0938534410141105,0.109372171322067,0.0331552200271969,-0.083784026426999,-0.459965448265595,-0.0604469371217445,0.496060311221994,0.403590218111791,-0.552572070630968,-0.0013952807583773,0.0357795682480123,121.49,0
27252.0,-25.9424344479142,14.6019980426299,-27.3686502881266,6.37839460769688,-19.1040334039646,-4.68480620428185,-18.2613929340355,17.0525663121462,-3.74260500983864,-8.233721369876,4.6648362538527,-6.52566786025865,0.92375858946558,-6.32597461208273,-0.0702237027595964,-5.83836021908828,-12.0616957125199,-4.77334851403019,0.852969608454831,1.66730429040185,1.78431598423494,-1.91775921336107,-1.23578743924962,0.161104731783341,1.82037804128869,-0.2193590586868,1.38878576213598,0.406809649908512,99.99,1
143456.0,-2.00658175419571,3.67657741239774,-5.4638107839612,7.23205827524957,-1.62785946243328,-0.996754564165374,-4.29983258601582,2.26886675517902,-3.65106703430768,-4.40092985049667,4.21321289394162,-5.73781516761686,-0.875693366725877,-8.89372633557037,-0.56243377737014,-3.28178373472677,-4.3689859085708,-0.736733764663363,1.60929290421203,0.474414052771714,0.713906864071022,-0.0638675905141125,0.16794731876444,-0.449863968939219,0.0237020976105368,0.536905295464468,0.485864026565305,-0.0423934808851287,1.0,1
161347.0,1.8457310140503,-0.195197182739533,-0.628849134502119,1.17311695889486,-0.0273845033598285,0.170326560716044,-0.282531529808087,0.0800921806787105,0.402117557344496,0.31279393701936,0.902206699249015,1.39196129810194,0.660744213790333,0.13525382526506,-0.406651486322828,0.273258380954264,-0.831413510992614,0.314812944638836,-0.296591141217628,-0.0979772776759803,0.131068338739826,0.424560063914168,0.170403071972554,0.695655084253521,-0.0788795229166637,-0.730288973153302,0.0333617652325184,-0.0293885608812668,49.0,0
141565.0,0.1149650477972,0.76676154669164,-0.494132199415659,0.116771978233793,0.86816853524791,-0.477982006349535,0.438495665220681,0.0630733402552484,-0.186207089214194,-0.159325098707444,1.20030360709416,0.281744446861465,-0.623844030466212,-0.658246292064356,-0.155888356613225,0.0562273489244218,0.653662125212474,0.33465531172159,1.02892683645358,0.0621985703923592,-0.284412898740297,-0.706865471630836,0.131404855625717,0.600742122018719,-0.604264275304309,0.26293785502267,0.0991446312768992,0.0108097183119463,4.49,1
52564.0,1.55537442375431,-1.10508396718523,-1.61607764241874,-2.5079379525608,1.3205950750096,2.95449495684256,-1.02082651508112,0.609588691344179,-2.32519805815416,1.50394505398933,-0.150141943231996,-0.981778274600548,0.385222228921977,0.0943412567276546,0.484598783527892,-0.329191019075973,0.152228853982136,-0.117714296637612,0.39716922772708,-0.165818906291199,-0.544278652920918,-1.43233372594958,0.0958164788331619,0.944190590126856,0.491900726278113,-0.436875635264757,0.0011282433999906,0.0130302804497787,38.24,0
97320.0,2.09967810149621,-0.31307923022107,-1.44865843702939,0.227426492639971,0.292179604021478,-0.103979918357071,-0.268812505367743,-0.108743578425838,2.7226442388767,-0.535326684500969,-1.04011887204234,-3.12912436187899,0.0047948912781934,1.76178209935619,-0.847769578479908,-0.415309947694268,0.539281450715608,0.229426193178299,0.305821813311635,-0.343688882008427,-0.138479031302897,0.0669364619691808,0.0133240186510164,-0.0728254553926904,0.224855552574531,0.17709634455288,-0.0670165257699455,-0.0731590682261469,7.14,0
129095.0,-1.83693980524096,-1.64676405421121,-3.38116824152195,0.473353567439937,0.0742428680588724,-0.4467506984682,3.7919065488031,-1.35104516710281,0.0951859632710584,-0.0844995591396119,-1.54230486820434,-0.540534807018906,-0.27207903913702,0.712541142762088,0.234979844917,-0.907666065803548,-0.391051374531861,-0.0347191590047466,1.08428646665042,-1.58614369731197,0.0106634770821352,1.78668137304358,-0.151178223750849,-0.582097763853728,-0.956061535679488,-0.334368991860647,0.715600326403013,0.370449747000955,720.8,1
2716.0,-2.57328484896492,-0.406929472603246,-0.190687142432227,1.29476994995747,-0.736969102858031,1.42045401060357,1.00509824447695,1.0119591626296,-0.988296490094936,-1.01501499688443,0.449417513084956,0.501295150200901,-0.0259367832963938,1.11612979570481,2.16691797337122,-1.23033495018419,1.4061167160944,-1.76481953139418,-1.23319074459421,-0.356935797776195,0.344006226529921,1.03837257988338,0.896101268672741,-0.610666650508478,-0.407939365864279,-0.210992504073418,0.225651466104656,-0.52614515471588,312.39,0
148142.0,-0.250473453681605,-0.658658962989314,-1.73204258164469,0.3870819181776,1.55792141885448,-1.4803382823423,2.17831432786083,-0.791032502736985,-0.809284638408064,0.127813079650589,1.02098171333211,1.07360454639228,0.63838920462727,0.809809540604488,-0.883866430917137,-1.47245157495102,-0.225492277404182,0.150171936775211,1.04977844605053,0.73651955467762,0.789462700564893,2.05906184716169,0.612264925568576,0.100585113480884,-1.1374928063624,-0.121357375315537,0.0639636048413505,0.14275465430257,259.37,0
101051.0,-1.46531575579616,-1.09337687781209,-0.0597678482279439,1.06478463530602,11.0950886001596,-5.43097128323669,-9.37802517086658,-0.446456139679101,1.99210961400888,1.78592177154007,1.36858453419511,-1.47169658834377,-0.72475884619705,3.44242199594215,-0.957403224855046,-1.62612941891216,1.41821495932655,-1.41791682839858,-1.65176618071699,-1.4576102135585,1.16062328833533,-1.2596968082996,-15.9816491909559,-0.883669935248733,-3.53671623161143,-0.59296488849027,0.675524833181225,0.424849351792902,0.92,1
138535.0,1.64348317198439,-0.918538208061751,-0.264857066608671,1.84090203776803,-0.983194570566077,-0.0438081682902752,-0.52249727199229,0.0762146813734964,1.7669141569353,-0.0402027748486712,-1.83134114976249,0.0022926344736043,-1.30235567390508,-0.352382936205033,-1.24950621691764,-0.469639772416112,0.0444540871263421,0.168640461131263,-0.217443823916671,-0.0755544341511255,0.31855014843855,1.04818320741135,-0.16261435867765,0.073997914638042,0.201431068510009,-0.303265042076049,0.0402871455853318,-0.0171651856162675,150.0,0
28401.0,-0.623472873424442,0.278483370050716,1.38935893864075,-0.822344161979655,0.206523264546762,-1.34650199843158,0.481645165768383,-0.0835442433599858,-0.123016887192029,-0.694290898589739,-0.684449784322559,-0.502998228219081,-0.852987223670767,0.269301295420853,0.478762005797287,0.448997181475848,-0.517374761713376,-0.251337347412725,-0.513377180760516,-0.0457122750146852,0.0581300830075969,-0.0369435370762973,0.0423638430035842,0.420357773319141,-0.560643627597792,0.729473993366231,0.0230956970150416,0.146010178056585,15.0,0
62330.0,1.14086473658976,1.22131743135767,-1.45295546048243,2.06757505760281,0.854742052227546,-0.981222507744598,0.325713913670098,-0.0377214068783676,0.113219371615132,-2.12697274994354,0.915947028928619,-0.468571538051367,-0.523377293666349,-4.86186658087283,0.421013353871263,0.866440624739209,4.08248488419359,1.1963181517001,-1.10076358353881,-0.0677120411898438,-0.377597095255037,-0.79345965987036,-0.132333171548173,-0.33158626897425,0.664877856718148,-0.309312434134138,0.099941947375597,0.122988311929089,1.0,1
72060.0,-0.416827485520106,0.947566369388861,1.00837859483599,-0.519153826156544,0.933914776486223,0.674545158327449,0.524500997460317,0.264825728603934,-0.680826635281861,-0.204154750140589,0.437070723276277,0.692301278614781,0.94453763278678,0.131323134187888,0.414218528842543,0.461382008528023,-0.903784019213614,0.0420143406358384,0.452902495002343,0.172524871582235,-0.228192096971562,-0.555768011003851,-0.182091254986494,-1.33970906779458,-0.0888682547046435,0.165250792498793,0.281058795674046,0.095647345443069,0.89,0
40501.0,1.22430121456104,0.166505112451768,-0.218581885995772,0.765472499738311,0.0600552278297851,0.0134073452877695,-0.224247370959748,0.122806986851287,0.43608402778457,-0.594233681032627,0.489838266175561,0.436116350036497,-0.419500737814073,-1.35836210414532,-0.837504396703653,0.567388645830498,0.587196264160918,0.851245405437172,0.6017447458639,-0.0603772072410342,-0.191158717256653,-0.348848918768474,-0.20790393722592,-0.59203326443269,0.623734044803985,0.44848755118153,-0.0050879664571264,0.0230006298330085,9.36,0
137445.0,1.9455975081716,-0.24396434480428,-0.765556117662077,0.904950139281027,0.215244647136291,0.667352296726029,-0.508706657164641,0.128765853129412,0.583227706347464,0.3439803147031,-0.23875816315271,1.03893081336434,1.28380340594099,-0.0718955866495523,0.116390285943704,0.955549015556458,-1.54078827935569,1.08241935705662,-0.0424641411185453,-0.0747015056186306,0.221683548168632,0.756086328685969,-0.0766682484191019,-1.43188128673709,0.0725169906138459,-0.497273217372077,0.0554304746579529,-0.0469888693203945,36.55,0
80587.0,-0.824094061119753,1.69101357680485,0.98107308388695,1.54541362492954,0.453900136712154,-0.307645994156441,0.581475311946336,0.108857328114867,-1.12482849910808,-0.642013942055713,0.41070298761092,0.201173379338098,1.07007397646052,-1.14683595272978,1.99227442413009,-0.560226019585726,1.61714694077259,0.272279238664092,0.913141193812634,0.182993692226615,0.0578435136482469,0.338131945180055,-0.309887981660445,0.0106989711493335,0.345293668800519,-0.0545088092874252,-0.277366557450022,-0.178382516957448,1.0,0
83557.0,0.932426724698759,-0.435740766658992,-0.536248945282745,0.0550610344030464,-0.143201649686176,-0.835278470122094,0.601122879472021,-0.297312315515285,-0.452443408344384,-0.0100089733741637,1.2213153800996,0.908087129061795,0.323277984517647,0.639375894743895,0.0729350222244268,0.209983407221909,-0.539296895897562,-0.0879434546808583,0.468564501890811,0.353874967193962,0.101738025952769,-0.137190861395524,-0.31128632505655,0.103592527878286,0.503686078065942,1.0520917515065,-0.152071111876339,0.0114226980693249,198.95,0
80354.0,-7.41055370457157,-2.87806259090016,-0.802335909351192,2.59366827086915,-0.31743586706227,0.564311838353905,-0.639988511997133,0.711142164599436,-0.118284758159632,0.7092124314809,-0.538355550864879,0.903128339315911,1.20611540168199,0.0678550811789213,-0.505307516039939,2.34005658481213,-1.24946996448111,0.77697432250354,-0.648765590706619,-2.40696879142692,-0.382964261643357,-0.167470479848942,-3.72185047252427,-0.58703776721076,-0.145096767850673,-0.135870611543035,-1.13582125139211,-1.19136184587156,223.48,0
78785.0,-8.21468100164608,5.36793836452304,-2.44869735226202,0.227302098549909,-2.68449091168125,-0.35276783097982,-1.56579040374146,1.22799971926478,2.23201106262184,3.62073929009464,-1.09947616588724,0.611544799290733,-1.00892240290029,0.436507918584757,-0.0599272456676781,-0.700743245692815,1.17125285194224,-0.904724571944164,-0.307482703370799,-1.07583316454868,0.76527448021074,-0.0580087910463521,0.351835645722388,0.342265486269032,-0.0479831262546055,-0.859018595167248,-5.75953156190018,0.456517359099371,13.08,0
168552.0,0.182552037460361,1.03536403517912,-0.653614801692113,-0.683715440344088,1.22298723018417,-0.480893331063087,0.998932639774146,-0.0932240361464921,-0.0595302778598989,-0.846767148505493,-1.17080596089386,-0.136359303642124,0.452979950585748,-1.12064796363558,-0.232364971309616,0.491927768488886,0.127685579802882,-0.0598680647985347,-0.0052619804587398,0.0686547071492652,-0.375044362387635,-0.917995959286615,0.0261113760253996,-0.0102563956284705,-0.327556419750271,0.148240559827672,0.222446668923913,0.0792853952968511,6.99,0
141641.0,-0.704058380220682,0.225062315334088,1.65026543032832,-0.851047825088916,0.409529151688527,-0.67618934505535,0.211977003674752,0.0451341568334249,0.565714037710168,-1.14467356767594,-1.32540542154051,0.310490405887333,0.423283753045452,-0.403838173804459,-0.287817939581048,0.259790871693888,-0.849504090915929,0.295480482189915,-0.81447909978335,-0.089524105800532,0.288130459405846,0.899782119856257,-0.275700586192368,-0.0784964777893628,-0.0027539161490846,-0.31753571505306,0.152217749725858,0.16041012321129,0.01,0
5532.0,1.08260401669477,0.008049314347863,1.52500478439773,1.57893720281673,-0.910053145963816,0.124775951181384,-0.740159033994219,0.145165539869823,2.1973969702109,-0.609459521359164,0.616815497439985,-1.99812651576229,1.28451373921695,1.18587543888601,-0.29624884918748,-0.323630830182006,0.899003389480568,-0.305263658907556,-0.894836219782724,-0.23222578350818,-0.16527894037226,-0.0127121533466735,0.0779061246841782,0.341297297694499,0.263660603997535,-0.43767887583717,0.0599225134193235,0.0317775539838169,12.99,0
64739.0,0.595933010784614,-2.40080523062692,0.32454219011461,-1.80888795514043,-1.84958585989688,0.364064636833732,-0.785619870701962,0.210287157374834,1.00238831215574,-0.565307962820873,0.653325763353759,1.03719811874627,-0.457678742849863,-0.164671640124651,-0.125158736963864,-2.3525023400649,0.521147144866621,1.35667138388638,0.356922895346447,0.181362855347783,-0.27692100317444,-0.814975358067148,-0.260218139464447,-0.306191379560566,0.113055306429519,-0.186027778067118,0.0224310876225714,0.0744395316701193,370.83,0
82457.0,-0.795274340376695,-0.426370163072249,1.88212675284764,-2.70919691579742,-0.102513919155877,-0.604590807450547,0.482189417753198,-0.610180216615199,-2.61487296140351,1.45681596849713,1.16367653692161,-0.396594179186071,0.852407854669529,-0.724883073792736,-0.721932617411798,-0.184588404571397,-0.289252943650224,-0.0346016897256032,-0.0220339774746131,-0.25434990763011,-0.669166147840415,-1.36250052841318,-0.0833563053817564,-0.0658906914919624,0.07904710336854,-0.800467342997759,-0.520096087987716,-0.370409971596066,39.89,0
48723.0,1.21881300864993,-0.0364452909538691,0.66547203863858,0.471869253147693,-0.433578891376815,0.0390257137468247,-0.463760798380102,0.136914527253503,0.490935691065374,-0.111894540008132,-0.66342718380279,-0.142830049776351,-0.263013040770178,0.153834007404688,1.65884126890492,0.46315231085897,-0.430856115364394,-0.341064300840009,-0.476611343620134,-0.134047481297753,-0.100161069691639,-0.271664540011072,0.062115430184401,-0.458995585279431,0.142216049241386,0.277960745009358,0.0059849166660274,0.0166129907484436,5.99,0
159475.0,2.00820931738139,-0.56772102730245,-0.930704420350188,-0.604663673263621,-0.0234231818905247,0.220781571044906,-0.473277894361144,0.0041268788871542,0.721316240889387,0.0267054776101,0.0228424839615584,1.41741798054888,1.76425904717483,-0.26397106968196,-0.191397250752553,0.978247715744732,-1.25016418561123,0.116968205596763,0.942311707903233,0.0724279099088692,-0.283898842055136,-0.769258104637373,0.235999804601013,-1.32078764213861,-0.59464118402927,0.908405157360827,-0.0902876138562471,-0.0669245940349485,48.9,0
41791.0,-7.22273130585545,6.15577293013926,-10.8264598371575,4.1807791786876,-6.12355510135628,-3.11413648152623,-6.89511228298774,5.16151637665229,-2.51647653288733,-6.40337055173194,3.18605794805635,-6.85557098142662,-0.837722614772195,-8.03661487513855,0.956969643768367,-4.55719345408278,-7.65470424350142,-2.58841864362628,0.718555009324824,0.818859416826789,0.91270032192132,-0.630358133073199,0.190886662173033,-0.0612634320139128,0.379774656663009,-0.266845465234688,1.19369457713473,0.257468457389868,99.99,1
141907.0,-0.7674747199687,1.41462513250435,-1.85744135870391,-0.605354489392195,0.764811511784953,-1.1802876991068,0.629154215860653,0.449258779440756,-0.520510821914064,-0.450397862570118,-1.4094625759197,0.321173461677691,0.106100062876649,0.970736817025285,-0.840439464214971,-0.419968238024998,0.0566989416836984,-0.620935620206456,-0.161057824824167,-0.32898222539757,0.28749656521334,0.723005276766696,-0.101597408204745,0.687750776673901,-0.338722394217526,0.512265536517351,-0.199275309807789,-0.0019182574250756,0.76,0
161154.0,-3.38760102859385,3.97788074139497,-6.97858506511079,1.65776584508859,-1.10049973277578,-3.59948697320315,-3.68665071042962,1.94225222492139,-3.06508926692316,-7.50955747436829,2.98962640655731,-5.99363242425938,-0.164740077677312,-8.38844296921614,0.0421289980360236,-4.13750050093113,-6.1039030730781,-1.9729278028075,0.434072536887008,-0.0043005898337158,1.043587159264,0.26218867442789,-0.479223920984096,-0.326638199739289,-0.156938590387884,0.113806571374194,0.354124259953911,0.287592125204715,0.38,1
157914.0,-0.297960415038452,1.72596629591149,-0.586200685572207,3.19595486162759,1.04206429765504,-0.688006075746141,1.12231290877593,0.14132723035833,-1.97230618978181,0.961474058720724,-1.83953404836843,-1.13671157175163,-1.38444086389626,1.02815320061198,-1.37918673772152,0.241865804025122,-0.266971574155994,-0.33600812567418,-1.05456642448721,-0.422516830755513,0.272682124344865,0.581673074901658,-0.142270982893622,-0.0530857165943762,-0.245326696296474,0.111658227514345,-0.20147868455937,0.0236174975751608,7.02,0
146720.0,2.05193774461918,0.0034703262937665,-1.89329743159271,0.669784803429344,0.255666147962502,-0.795532185681571,-0.06655519763622,-0.100449686028894,1.04536730742868,-0.63429181359778,-0.954187077272126,-0.764584882015704,-1.61379989080556,-1.42715551164122,-0.210102387567424,0.244767779809918,1.25813136112631,0.43099741295705,-0.0548582192339467,-0.247387106308318,-0.0637896021525284,0.0293231143038893,0.0775037115547512,0.552200527219261,0.0757785095336259,0.61498815738274,-0.0551789726511637,-0.0276991542405367,3.29,0
141970.0,2.33159710475672,-1.37320232381817,-1.19053503299671,-1.63132730657343,-1.03453048054343,-0.526441736792735,-1.09604952150749,-0.155691580981915,-1.11015892675581,1.59780161989336,-1.42382876368974,-1.33210948672289,-0.300448066180793,-0.267524852299921,-0.0726410795611099,-0.479401023719482,0.434300237541995,0.0743306176230536,0.0002210554927139,-0.456544518755684,-0.20369320800295,-0.130140543992671,0.236703523087499,0.434174650336949,-0.134171120307321,-0.175365381301084,-0.0014759231284798,-0.0490472695841904,15.0,0
71780.0,1.37924431061177,-0.892398723169813,-0.386623291346515,-1.15242009463644,0.953090124249221,3.89315043151527,-1.63452903649952,1.02386828766603,-0.353432377976352,0.682118318356352,-0.628070055637182,-0.144893280313596,0.378071223214908,-0.330775821818228,0.683474998599593,-0.847061308614342,-0.564937279238443,1.79532900590554,-0.614360484797128,-0.382934356322857,-0.326733293980095,-0.443978917183194,-0.0002193044943524,1.02210072686082,0.380879743884685,0.590422773508271,0.0349977046499069,0.0204310673321696,1.0,0
137563.0,0.107127742225362,0.213623761522597,1.05582124236291,-0.666791948660838,-0.0524861970888755,0.641795224986524,-0.204095066961606,0.364559910041285,0.462010423128295,-0.350822847355261,0.0808273532197151,0.269208483682361,-0.256070969041641,-0.118471848183863,-0.106094210798853,0.817910944764355,-1.01799737768122,0.988465013770144,0.462104666542482,-0.0452257323250421,0.223517263191258,0.686448066108249,0.197286036538965,0.298720773997206,-1.67703561254265,0.327870361448006,0.258324599941624,0.272787032172312,19.5,0
47679.0,0.878417775397684,-0.463998665104347,1.23905888490871,1.36850172967619,-0.539574492772558,1.63919156036971,-0.99522026530759,0.792591387661204,1.11673475419181,-0.287141589024009,0.0717657420429196,-0.226609933053563,-2.28702540276679,0.220594519872788,1.44961103077827,-1.1341301878437,1.1858923099798,-1.84529158929226,-1.93419248160542,-0.361119464115699,0.0709884463578817,0.378337427577723,0.165683228171104,-0.685641950757026,-0.0354252334264739,-0.280927102458361,0.122714329685902,0.0276250716412995,39.95,0
114860.0,-0.158098792247519,1.00216067189044,-0.473143024398804,-0.655767164257239,0.722042683203266,-0.656423530157938,0.746516224276268,0.132843281845562,0.130400163265342,-0.307581863592739,0.86152863902094,-0.268231288257976,-1.77745829047646,-0.54862309510498,-0.747851888087604,0.54914998250895,0.249489425294986,0.427524075956251,-0.0070107830512795,0.050428883295455,-0.330113845214615,-0.85948324718084,0.136735549499168,0.611065114070037,-0.471714194315225,0.0969564763959524,0.312184101882698,0.138862472527199,7.15,0
79392.0,0.877908921019055,-0.110290299394467,0.0188416216655744,1.11817847115892,-0.222071364854771,-0.719086000659166,0.564557324047737,-0.175368654477852,-0.478114306024173,0.080699399390062,1.42458128619835,1.01083770592206,-0.0727090861156054,0.752191615442828,0.0945436429537059,0.20920528351862,-0.599115430545262,-0.155015632838209,0.142159440772513,0.208843439144358,-0.234174907104066,-1.1242991787138,-0.0186647842933728,0.271946435182046,0.311950236404754,-0.776488912785612,-0.0321306978158216,0.0433337476301352,174.66,0
32458.0,1.2575806385974,0.389791734946323,0.316393883370203,0.688600824257651,-0.329816050193317,-1.06247741927303,0.117713188822624,-0.230185669393566,-0.0379766123752516,-0.296117207618063,0.013472960782108,0.482705626160378,0.691511613074332,-0.380289581114424,1.04277450035199,0.456562246814742,-0.0318309064020449,-0.3564909958075,-0.20146345464206,-0.0519333845602493,-0.282539020865143,-0.791482584615057,0.12422265276508,0.358095364860228,0.232011348786733,0.0928951453297479,-0.0199344192313635,0.0317386007474445,1.29,0
102802.0,-3.4197006674398,3.87276690346742,0.841772145792816,3.19951255532546,0.697799616027109,3.19321510171359,-0.417968958357781,1.0246319176237,1.64876815693729,5.07581160144947,1.96022235460685,-2.53659766969103,1.87413114053012,0.759443535214882,0.928718277310206,-0.438370204864001,0.900549693704011,-0.265504834824337,0.0038509029056758,2.01524993079493,-0.620015370619119,-0.616121272778536,0.0529586926708024,-1.11947826312848,0.4119075474179,0.325172245649474,1.73406827130373,0.918922124230328,0.76,0
65739.0,-0.821474934260455,0.637155012935288,1.58324589952672,0.0806233567148778,0.684408083745081,-0.658578333840744,0.682629054895617,0.0624293197792836,-0.489493019907873,-0.718704695495972,-0.47604499149663,-0.337164790394577,-0.767401605960677,0.38143207038875,0.676259979101217,-0.031056006723558,-0.336873710740362,-0.440813493246014,-1.278509010727,-0.123598297988914,0.109200035882859,0.153013247280476,-0.262358445681784,0.052436598191114,0.692236425469155,-0.377851807779894,-0.0390848714018115,-0.0250025885023431,12.0,0
53076.0,1.29623080363477,0.417447287721689,0.193963067987499,0.901644194576026,0.13053136701763,-0.371634020776762,0.158125823740231,-0.202668656827626,-0.0795117562857989,-0.0450882478448673,-0.876737591678351,0.687487636238951,1.5747177026257,-0.0077912302905812,0.948315691837591,0.37715383740261,-0.868182736046053,-0.0671351121445059,-0.0644929660672327,-0.0295593500917474,-0.112113509551068,-0.2200020323662,-0.121021883862135,-0.440454448442227,0.671540040565908,-0.413518433654353,0.0328380408333744,0.0206001971066775,1.18,1
134766.0,-0.0796525365521887,3.22201046223725,-3.7242013893074,6.03734512826846,0.583394746331946,-0.691346179707007,-1.79988483348006,-2.62778128431688,-4.00133786259094,-2.27152578398956,1.51389817939856,-3.68294346446482,0.185830426148668,-4.69278763834241,0.247495674947084,-2.68188105082889,-2.28614467887841,-1.04884490280911,0.994829500437418,1.1985372847387,-0.664694294683722,1.13855644649209,-0.350753364122197,-0.287467300585566,0.808889022979463,0.823961705381379,0.668496565754242,0.595609828713858,1.0,1
78716.0,-1.42409682636901,0.212715456235486,1.06657889545409,-0.221324244577147,-0.0636117043391868,0.141441596414239,0.250899861590908,0.566970279196463,0.320379620923672,-1.1208180804497,-2.15096962514357,0.531541107756383,0.753498619616793,-0.506004799332568,-1.55771004346929,0.0576601901003072,-0.229000246239656,-0.214396634281258,0.145260905656671,0.319597762608447,-0.0113020751123768,-0.0806923201735566,-0.0616952440248515,-0.544466962467604,0.288366142156145,0.427071877979522,0.173826441895902,0.0421587952384222,111.98,0
170558.0,2.03729401754756,-0.473087274542781,-0.71395279899741,0.248656608742151,-0.247167841695713,0.215596180344071,-0.706570477961134,0.108877908344667,1.58737852601678,-0.156473116097762,-1.76461092987039,-0.08131385247047,-0.256163546211699,-0.153561992489444,0.630305399288751,0.343233920850808,-0.764001014616634,0.540536675958515,0.0638789657975271,-0.200315696814572,0.132941959562287,0.581017108363455,0.0687005598055454,0.0416901296004975,0.0040241235669086,-0.201199081304039,0.0323723443119209,-0.0379161872484081,9.99,0
38788.0,-1.0684421296868,0.942418150005973,0.95324036399217,1.40984889542163,-0.188389818404259,-0.130370763851491,0.0926555888122115,0.593983644461142,-0.0928371998271229,-0.146747372313316,-1.06938663392804,-0.637047189422941,-1.8821199121784,0.651937164779528,0.393068262134213,-1.01235188667723,0.884420516033544,-0.421703984445125,0.747642123623634,-0.149090685860083,-0.0103734993461104,0.144260194265499,0.134144354540668,0.0326135459591038,-0.138855519110708,-0.227685664206045,0.199142845465736,0.11433677434373,15.97,0
84204.0,-1.92745281973369,1.82762056700016,-7.01949468454197,5.34830323951426,-2.73918788004738,-2.10721929638307,-5.01584797563431,1.20586815982046,-4.38271250852199,-8.33770697381781,7.19030608944843,-9.42484446049178,-0.223292646427513,-12.8754942229841,-0.071918160688794,-6.2999613976222,-12.719207160428,-3.74017615583058,0.844059610296466,2.17270905626492,1.37693832294098,-0.792016725563067,-0.771414187530036,-0.379574271539528,0.718716522008066,1.11115125599517,1.27770725705846,0.819081152045361,512.25,1
117665.0,-6.35644842407931,-7.87581549630857,1.32203308067716,2.05382224319992,3.64567563022959,-1.54794139421569,-2.72901849030584,-0.424646582801539,0.276942649088394,2.16833779332242,0.614924084666754,-0.0528969432710722,0.473346960539093,-0.685534787815429,2.3130293783895,-1.62182877086504,-0.148204648936844,2.58715921178306,2.68317658310896,-1.60511918649428,-1.03623301391245,-0.503845896560522,-0.739317280807599,0.361089970712126,0.0108096775987387,0.0802345760763223,-0.52994046710716,1.75360922196722,384.5,0
92140.0,0.165145911013483,1.15141916160276,-0.348004485263275,-0.389110712722547,1.09738056373518,-0.669214179515589,0.882156870762011,-0.182659974191963,1.2394240404184,-1.20652449363858,0.0803064430215406,-2.65067023131669,1.76702912385719,0.388009888259517,-0.970317057072195,0.36055924643992,1.01621386986575,0.116618992259292,-0.352062316872635,-0.0130710410675482,-0.505498125003271,-1.05345985897769,0.0788605577884348,0.311166887030309,-0.41296829064694,0.0865560720617488,0.196040450936749,0.0759460823785765,2.69,0
77276.0,1.21459056364265,0.235868970198327,0.306427106405186,0.585623744362284,-0.398656540130866,-0.770385514401595,-0.0836502653077897,-0.0008881185406633,-0.079157391896781,-0.0847298340978,1.46373137297657,0.403762553489697,-0.834200064187579,0.102907553220812,0.500633789843315,0.721387704473283,-0.201268312140621,0.316596829112843,0.0990052490016581,-0.133929489760801,-0.247843991573882,-0.797388044420589,0.129077979856617,0.262435764574476,0.15365962629425,0.0804855148578368,-0.0331040469795223,0.0183661536386725,0.89,0
92633.0,-0.071810102462902,0.862121623208964,0.144600321333224,-0.579932070822915,1.14518002776414,-0.51033360550763,1.15047495237511,-0.489985986294337,1.58991271432305,-0.562389482493044,1.71080006672162,-3.52808373504656,-1.17550728529191,0.75768792689797,-1.45136777242649,0.345428683452886,0.800680237382896,0.815437049796225,-0.109188745386915,-0.213983462364262,-0.400083641373255,-0.773593967283934,0.105985851005319,0.536926464897908,-1.31189620843705,-0.140779271395779,-0.47370491644143,-0.207319598759924,8.91,0
58862.0,1.1996595555778,-0.696839331155689,0.411021218779306,0.261115717341573,-0.661049413788152,0.614206216447665,-0.746852683813448,0.144411499039815,-0.684927894275003,0.824164322339905,-0.208504343029407,0.516388536853442,0.768234193592575,-0.193215484616901,-0.33611836141774,-0.922029426238491,-0.755446263657922,2.26641870374805,-0.409990135277427,-0.329079916066037,-0.221077076803667,-0.164602139930711,-0.275568019186251,-0.845053177628944,0.636954543726731,-0.175910911966874,0.0618535417794913,0.0251449988165565,79.0,0
166504.0,1.782952689658,0.0932350387312718,0.162593512634714,3.72632061374787,-0.199890586842264,0.740045498593679,-0.60876788469953,0.280526611562696,-0.462958319813507,1.53369685873752,-0.0233202574590879,0.268185409475735,-0.177664373323624,-0.0385084910605329,-1.23196066734631,1.49888909022132,-1.26708462405362,0.670409014837472,-1.34092879667356,-0.212351501938801,0.219910807536369,0.635257912862407,0.110989987476883,-0.364278787557717,-0.243979923614496,0.0262771405026782,0.0048446436882887,-0.03930561308449,37.17,0
25426.0,1.12533553530785,1.13014648418496,-0.962975334759173,2.67568785863118,0.990074518469203,-0.243317741184431,0.316192138064781,0.122960131988498,-1.1433427947576,-0.369908966047961,1.83449419801385,-0.491243315415958,-1.12990700459946,-2.23862224442526,0.27846874170613,1.47792560308038,1.77645429510255,1.14928218583042,-1.30699464468423,-0.138813697509247,-0.166736918429935,-0.52193383894905,-0.112376257435029,-0.592076750460089,0.520791314299405,0.0433535805717847,0.0151590212632604,0.0636117222853327,3.76,1
78046.0,-0.81049299318155,0.402006037554887,2.5959657258477,-1.92128926054984,-0.513656646254521,-0.472802073480136,0.375619520458514,0.038172534037426,1.47083246224433,-1.49060978962289,-0.139741702954643,0.208547509968033,-0.872830019912895,-0.378850369614057,1.00674795973588,-0.737083157197377,-0.0436892505990927,-0.242553503613376,-0.464082384680831,0.0104588500504643,-0.0212863058971678,0.385536541821299,-0.324864235719918,0.395287801116952,0.409454677815361,-0.774099833877538,0.203651132695111,-0.0864762749371397,1.0,0
155542.0,1.86822575153021,1.36307703789779,-1.99493428288271,4.17351574396431,1.23975095036686,-0.746186461637677,0.572730531134135,-0.131234840026775,-1.55183852136659,0.228849430580481,1.70189470812283,0.144622386270367,0.104087683833243,-2.95416672265135,-1.37412192590939,1.88941745516528,1.71451073880902,1.10465991097437,-1.59744021309102,-0.172216497505385,-0.301001481390408,-0.818972281356086,0.206812306872685,-0.263683031819147,-0.114958101067535,-0.240672123611963,-0.0066294488588389,0.0172577348698229,3.14,1
171853.0,1.87575984677029,-0.492992482147451,-0.42296311093585,0.945997798579177,-0.0837801162070105,1.11544642540609,-0.909360102437942,0.401135670473536,1.03648133797085,0.293422512017901,-0.253014717389471,0.49642005422758,-0.106485995412649,-0.0176856343580822,0.157386829180925,1.05944733437789,-1.34474263819117,1.10347556134358,-0.0659208725423468,-0.116212399763698,0.0631121412831199,0.176552515553148,0.145299390465143,-0.410804828223768,-0.255183826842554,-0.737808466109225,0.0615186428940808,-0.0273881241082618,48.79,0
62467.0,-5.34466537543542,-0.285760408166142,-3.83561578178611,5.33704802681048,-7.60990870021268,3.8746680317393,1.28962992438915,0.201741916806601,-3.00353243733788,-3.9905513318108,4.98601380361468,-6.11638322304304,0.0423244061770454,-6.04339314434942,1.82140103177852,-4.7454624675489,-10.0756455907271,-3.6045960155148,1.43529381015392,-1.56216235780532,0.276010822180054,1.34204455689584,-1.01657869464831,-0.0713612973880671,-0.335869334726878,0.441044176004645,1.52061262049821,-1.11593680318009,1402.16,1
169392.0,2.06750916757111,-0.0610776520819693,-1.09297334215638,0.403058415865765,-0.126911214513941,-1.18253392869318,0.172505812672534,-0.322390978262266,0.568620345008279,0.0780498901586222,-0.821862307712133,0.338164102539319,-0.0759135485795977,0.301593471831543,0.0609740730619651,-0.0802515184359478,-0.301848319435038,-0.831179066933419,0.170499256179724,-0.23309629346878,-0.295351773806548,-0.722495253379322,0.334861394649847,-0.0284056261064478,-0.295082674832254,0.200310574019988,-0.0717031401774254,-0.0609725412151136,1.29,0
77586.0,-0.319395014786214,0.951207042147009,0.839336475094044,0.972006263624019,0.767393105524539,0.854485038166266,0.568056685506108,0.233829128081523,-0.0922341191487183,-0.0879025169344927,-1.99900589695073,-0.697732444478152,-0.643783806475735,0.0791076083836261,0.399345787478023,-0.777152483152455,0.163320402217814,-0.131910273545026,1.25391524240844,0.144729547671679,-0.131854096282831,-0.0463120798884874,-0.302370497354325,-1.33727525425872,0.0737246533430982,-0.134020837102202,0.421063619828734,0.188814526055817,15.99,0
59903.0,-0.86708607844749,1.05809575573284,1.5041577904371,1.89486576816646,1.17525909861782,-0.131358273512607,0.949322717761337,0.0844535340301152,-1.74234727273354,0.156839782516295,0.0316103722424561,-0.20017036635166,-0.270023798909893,0.535739354682251,0.51059643423573,-0.494001428044412,0.255099917713094,-1.30674792028637,-1.51734524785437,-0.0487056457273676,0.178048290955317,0.390435966928375,-0.133652206300702,0.0875747223846431,0.16376463383839,0.0857711704581616,0.0564527503241029,0.0968549392475297,15.94,0
159424.0,1.77062155449198,-0.73496076417937,-0.842439080062873,0.0515866436454466,-0.135814191421865,0.360022453350176,-0.373623680988968,0.0788714304109229,0.630316107287742,0.0742368347001196,0.516382892799812,1.38331515038534,1.19031251966788,-0.0827344809422958,-0.190451724925781,0.789013147396339,-1.05653808308392,0.135264687500996,0.457863187019465,0.19512203466327,-0.169763166574861,-0.698847523837343,0.262515165217314,0.111883690888127,-0.586874446491131,0.201341707739544,-0.0665398194632484,-0.0286678313224519,136.0,0
149453.0,2.05796296012275,-0.383553031278584,-0.602480019072751,0.251409023114943,-0.251075895879827,0.018072769614538,-0.581465693608559,-0.0701122374372625,1.13598568787186,-0.0299624705927027,-1.68473170613296,0.723122150072464,1.6521064215511,-0.586873314365296,0.276802940194626,0.556659105799746,-0.934166257907453,0.168855754473364,0.113829279121811,-0.0704219476810238,0.109536467403563,0.608534187469692,0.0187714168904126,-0.908812854141339,-0.098676488574457,0.626277818559952,-0.0120970856090107,-0.0540336294340677,11.5,0
41751.0,-2.28205495966797,-1.74911712571452,2.84785072883527,-3.01979320387118,-1.23207951354539,0.0064273631860229,0.296223857305653,-0.341641977887594,3.51869423919537,-2.0390220039165,0.629848494776516,1.39480440450576,-1.07064701629403,-1.60208945483423,-1.94943935104455,-0.8462565431245,-0.374219488483753,0.573640201026455,0.347601481445949,-0.98192882337761,-0.143498247335962,1.08193402602882,-1.1001625862746,0.691522915691415,0.673330937270197,-0.827949152616204,-0.0783106584519801,-0.54211282892647,292.01,0
172440.0,-0.323417661134275,0.111936624310367,1.3608506754177,-1.70583067680722,-0.299670505787457,-0.694331340247393,0.163894723638795,0.0336606566502743,1.02222018803461,-1.23110141699323,-1.37697419781615,-0.382884516594185,-0.797640931340816,-0.182481879287512,0.30950959599395,0.0697624720899184,-0.436509249472317,0.359557281534326,0.122222544321037,-0.111134487404689,0.290735552474144,0.960793497493245,-0.236130986624416,-0.0393482168743619,-0.413231763922558,0.751954487392689,0.113260145471529,0.15726223478124,11.36,0
42057.0,-0.0966720650731269,1.20740159889316,0.231390858739486,0.827642349945136,0.153940878855647,-0.978458090037529,0.817890880244128,-0.0504789237209838,-0.416384031269632,0.7203171444203,1.15075256213897,0.0458135561463699,-1.43011567895387,0.887734007894195,0.105551544509981,-0.381233042549253,-0.258712661770359,0.447962629839195,0.574270963411464,0.0934918493287216,0.153456721967247,0.633740376325604,0.0536848233333362,0.512540982117376,-0.760571652278241,-0.43655744899768,0.534873638071411,0.278278545962108,1.29,0
113046.0,2.08193447778661,-0.117492525101854,-1.48440758605716,0.191252511730869,0.0974510309385925,-0.941225741553351,0.0807142618224582,-0.222797371912308,0.941184413869975,-0.0626578446907844,-0.973338890624502,-0.374364518750207,-1.17966368763699,0.720421451999445,1.03802648281259,-0.200556433693682,-0.48732717492602,0.271515514266059,-0.167345087651144,-0.305494933928488,0.248771689845363,0.804576438743732,0.0258361062924534,0.722871631035743,0.313308343423625,-0.448706118044266,-0.0045338644507617,-0.049780143412809,1.0,0
143434.0,-2.7294819717688,3.31249456257958,-4.24271044395109,5.03698507739508,-0.376561160600044,-1.53246175254658,-3.44915850302961,1.85683931947767,-3.62333368933656,-5.6536376856402,3.94231582587852,-5.8837243606062,-1.34781373713666,-9.26612018494559,-2.4595563246821,-2.20564448269106,-5.70908680498665,-1.11393664017816,-1.55653021213315,0.164287792503557,0.72741506386268,-0.301431744500987,-0.502433327315861,-0.462308576168739,0.510682747439828,0.0466646930679243,0.514645779891103,0.140998673095746,1.0,1
12613.0,0.797502681391949,3.840937443717,-8.12934354657725,5.18096111650132,4.17004095857394,1.64369498928393,-0.287454296886033,1.64245645393873,-1.16748532274008,-1.34493493647101,2.58522677462715,-4.22069332658901,1.32509621388502,-5.10145815403592,0.227494947034832,2.56396820028411,7.41359414447294,4.0492343061117,-0.686910610402991,0.100035227991682,-0.157389078358979,-0.36001138510472,0.359804491720119,0.259059936651892,-0.819654823445168,0.432642099545389,-0.21110085628,-0.16659637692419,1.0,0
70048.0,-0.337167343898274,1.15145511988391,0.11680996278267,0.178618955548894,0.780206798788337,0.594024015303043,0.286875775698817,0.505523044651901,-1.23159376718756,-0.270620751744038,0.365304666906898,0.949387762502301,1.37497584667136,0.603888253353169,0.590667143124167,-0.0809848764668573,-0.295076659448129,0.182721453222593,1.38378215009263,0.0431004071984546,0.08170572995672,0.206092582323528,-0.253430061692854,-1.27157373688817,-0.012456291038187,0.541787500776293,-0.0811408430438244,-0.0506831969654947,3.99,0
142584.0,-5.04268007698069,3.57111853841509,-2.04976948907566,-0.678786919199359,-3.0469751857687,-0.734559129655627,-2.62499200308817,3.68105810383078,0.112742571256348,-0.11256336141593,-0.409992769333549,2.01712646347717,0.439035753984942,1.88982313627446,-0.931466834019281,1.22455657477873,0.561304537682054,0.812067073626509,-0.318462498577962,0.0850106648589641,0.392865788180962,0.723022199106435,0.0343468232033255,0.123643117159999,0.391565922847875,0.653677627358227,0.0779596332085896,0.0769137838006362,6.98,0
76297.0,-1.32819588813666,-0.325495612049708,2.90429960888011,0.797737894415254,-0.0690221885913665,0.012049772959369,0.288123533445,0.0890390281696985,-0.0709022962235145,-0.456727243405093,1.11841777261112,1.06203484646341,0.349256583908181,-0.516400874780372,-0.676446222148182,-0.0196118254582974,-0.489161000114936,0.528109475930756,0.230303792274112,0.516808027514013,0.136715315536888,0.291704882998275,0.0883798050379407,0.52819094083036,0.339730111013867,-0.439613646068725,-0.11866849837683,-0.122089254820633,130.2,0
51155.0,-11.2054613927303,7.91463349246877,-13.9877516388388,4.33334117975523,-8.48496952268505,-3.50656117309394,-8.93524303241605,7.70444915069923,-2.33658417970129,-5.92735916911943,2.47040101557896,-5.7885170305197,-0.391939257057427,-6.52746224116063,0.899859362283244,-3.84729284231041,-6.70063744821132,-2.49261610727828,0.469554313978012,0.860911741764656,0.942593331002491,-0.987848114682141,-0.279446305433771,-0.0272992246723051,0.644344195524188,-0.263077923082484,1.08402252771111,0.211933356664813,99.99,1
48813.0,-0.979384880553752,0.706040566454597,1.68774563328947,1.22759457733651,-0.044465128471221,1.79215763724959,-0.367746559577992,0.893234566373772,0.695112232280667,-0.134690662403866,-0.819364543770756,0.161023990161283,-1.63949398715507,-0.302325090949643,-1.79248491098662,-1.0100737079829,0.632129605688797,0.0045091977311076,2.04401091043221,0.0150441566480575,-0.415227712250059,-0.687349894458016,-0.17279965335936,-1.19129055497322,0.0172247214029815,-0.347171446679945,0.0148355516194826,-0.135130643020291,11.72,0
8614.0,-2.16992897559082,3.6396539992044,-4.50849778617728,2.73066814884895,-2.12269287053048,-2.34101682766366,-4.23525308290613,1.70353765763508,-1.30527913344307,-6.7167200227127,6.35361231915591,-8.60164826276464,0.449930038237225,-7.50616937408145,-0.438081781812467,-3.69451599830956,-6.30475338603049,-1.26758712788115,0.357987030484253,0.5007790539507,0.645103275621378,-0.503529448911197,-0.0005228218182992,0.0716957787676742,0.0920074334247208,0.308497931577036,0.552590914653841,0.298954478709399,1.0,1
126216.0,1.98882387464914,-0.422467888536189,-0.877128014053048,0.271555512973108,-0.552165617703286,-0.867019578002511,-0.30687614567116,-0.0087867046863959,0.81976319750246,0.29531547083,0.590243290912818,-0.124227799173572,-2.26590704290143,0.788596009964495,-0.243295341455375,0.296369184600717,-0.443387940096028,0.240505821471805,0.241473434955762,-0.332954245476691,0.0062943211864267,0.0295815873493401,0.229726657398119,0.0605049735066893,-0.321519715348688,0.537255859690335,-0.086533856154075,-0.0738342593266288,10.0,0
17876.0,-2.99329990219806,1.54052066383463,1.55826074889201,2.52262491279596,0.38215123959846,1.52494715003962,-0.193771416096754,0.159719969846307,2.43220725413369,2.94546239529397,-0.739094800394239,-3.77713107314478,1.17903909685909,0.366910783270064,0.908381690821925,0.0024719001264126,0.409289110638954,0.635647363795358,0.64150531850037,0.515126948135895,-0.574182138663314,0.149093977107944,-0.0201317315192557,-1.39670561524355,0.674376415337146,0.505597202144966,0.775666224966207,0.566445451270078,18.22,0
66175.0,1.06813478106064,0.153240669856296,1.6203801073004,2.65286534719388,-0.918265293273708,0.331406055374438,-0.712275212989928,0.345064062222665,-0.0357525982059186,0.687015246047002,0.783922289889945,0.476325430537842,-0.922066401303101,-0.0383142098600891,-0.927125910509356,0.796529160554648,-0.543194750372271,0.330615899654828,-0.624133199084216,-0.213793325385315,-0.0310119334138758,-0.0120026096795135,0.0682783436914696,0.501400494493902,0.21169349074836,-0.0702935136113648,0.0339914260733118,0.0256976087331265,0.0,0
120153.0,0.0671896846722478,0.916362308314718,-0.339729687575041,-0.624437004129766,0.929876575634619,-0.535724773924021,0.795381392338938,0.087095357309738,-0.234895765944774,-0.653834307413683,1.07789436624594,0.356855166623377,-0.623681032393565,-0.702815714491347,-0.843032036044821,0.457239607399919,0.246485619631091,0.21483280335441,-0.0525789968959243,-0.0102076994972053,-0.280812557522687,-0.720764835468009,0.111874593209104,0.587092141417956,-0.499494034547321,0.0941551423604625,0.218104309260165,0.0742222873300193,0.89,0
64324.0,-0.707802141467193,1.00665997079541,1.99221243226804,1.59220277995978,0.476299564970448,-0.918346585409305,0.713441302294889,-0.0204549645787724,-1.22358453372915,0.0711488615815584,-0.45760027106557,-0.183372443769937,-0.16211414549852,0.198639050574843,-0.129878080844686,0.832148433915251,-0.776848509346905,-0.545341978371675,-1.51242319337585,-0.119671084643718,-0.172192072521729,-0.746014358023696,0.201066191214053,0.63537720701778,-0.645702284388974,-0.598288412560386,0.104570767566721,0.171344124322622,5.29,0
36644.0,-0.641090173108069,0.254408152915205,0.6454585688402,-2.47269367224668,-0.735231150608052,-0.794923982866692,-0.0910898573612026,0.329108445884598,0.0630058422652853,-0.947470815949924,-1.59111468960489,0.774055885246576,0.953887069078613,-0.269388456323747,-0.744805212852289,-2.23719367675202,0.144035074042375,1.28410117060711,-0.331285767796976,-0.493118187096688,-0.308154050528182,-0.110963284942516,-0.104560629302427,-0.115106715315626,-0.113549754315022,-0.810125011593302,0.366530889179807,0.171664071611716,10.0,0
159633.0,2.33202596805085,-1.17747702924348,-2.54252645515605,-1.67466930082012,-0.310704084064672,-1.344666763193,-0.118411790721725,-0.452659887177695,-2.08225395349299,1.95357831030053,0.212682044474647,-1.30748593085726,-1.60945551916396,0.826039322660721,-1.12802687215409,-1.13079898561255,0.59972811696019,0.310466607283281,0.333346546231638,-0.531000726820739,0.14590156531426,0.818975168307371,-0.193163722680539,-0.382144206865567,0.58466507969402,0.311125517323379,-0.0864687377222309,-0.10190464380487,36.0,0
39400.0,1.26495333393157,0.354062029907008,-0.18175643201299,0.989607194883577,0.506022037616227,0.0778967806011482,0.287872184991528,-0.111608481030554,0.0092676017635289,-0.133870322249673,-0.972053736500534,0.715993822530708,1.06853485514181,0.0171842904608707,0.223141379560501,-0.517583867686987,-0.184764631663279,-0.738941320968649,-0.124629858854995,-0.106689811355425,-0.0506382338699107,0.119120397261155,-0.235049869034544,-0.71997715352086,0.921983385765528,-0.198081265040704,0.0335664173923748,0.0036060897323263,1.18,0
55496.0,-1.00127766541487,0.537213555140211,2.15134420850728,1.84538395578035,0.130981170153197,-0.0782758127835247,0.674277268286887,-0.348052943457835,-0.212313684187226,0.205475715810327,-0.582343641673757,0.349770673085462,0.752540716993573,-0.597403234884687,0.339638203877381,-1.25747110286637,0.482260432262303,-0.153473369128705,1.87959491005704,0.0249220077483701,-0.091306090351648,0.428940109774092,-0.0066245421471752,0.458623002872766,0.529508358781759,-0.0189994812344828,-0.179370668627049,-0.205567166901551,28.0,0
39039.0,0.0001994222689427,-0.445111464123496,1.45870939982252,-0.216704761291527,-1.20154115469402,0.943565564435202,-0.733148668918046,0.303500545764761,-0.687273829413874,0.8376715625694,0.852236207904643,-0.127321697047917,0.015133884711527,-0.562984509147829,0.0764355098299481,0.318918954143118,0.911401878151026,-0.730840715672774,2.41967891525457,0.207359183556011,0.375565145485845,1.27576233956873,0.16622122293021,-0.248896331479796,-1.51723518921622,-0.161235288606872,0.274296449364208,0.217632242375998,94.0,0
123416.0,-0.587105972352179,1.05325984810943,0.754257782169217,-1.17815493148199,1.21245284434215,-0.111065659135989,1.17137515011867,-0.0901867962832637,-0.797742403089665,-0.855542926048439,0.0427224326121339,0.510274668929562,0.685462353625108,0.354298991068493,-0.207894051133693,0.247382752381134,-1.1924062203116,0.880267337447282,0.399986965360007,-0.0144420349337818,0.251654525597743,0.763723915166536,-0.812027121708125,-0.975660600978067,1.17911279493378,0.0613140427911149,0.0091971982503063,0.0239837120380366,1.0,0
127376.0,2.063726653479,0.0009986193010034,-1.04612236667303,0.411419978767992,-0.0879855201384186,-1.20351533316627,0.229086051267168,-0.373278471862532,0.440022140075586,0.0540714035398653,-0.619410053363752,0.796262777593676,0.72934494818151,0.143029188579682,-0.0339261011222435,-0.13919328231738,-0.322967821100732,-0.954543725266533,0.138519580224933,-0.183602986036768,-0.281500105831042,-0.642397828130227,0.33402117188939,0.064530815225325,-0.276709751654549,0.193233363487365,-0.0662089190377263,-0.0585542056974116,0.99,0
101597.0,0.91311613528992,1.1453810871791,-4.60287793273505,2.09180337375362,-0.473223859280585,-2.0854358325571,-1.67124403232231,0.0943965856348779,0.337798765397573,-4.4318096317282,4.87197985976052,-5.39522117678937,1.33250215621937,-4.60379669207464,-0.77731354811867,-2.57189156103509,-3.00361530529652,-0.225441388417525,0.252273565031692,0.50898474829098,0.40141574109896,-0.0849334160429759,-0.197684434494785,-0.283271078982557,0.387597335722074,-0.553526986386025,0.516274456782261,0.270828187083758,147.87,1
36570.0,0.83244973429468,-0.434536992804107,0.257800668255078,1.23509114909043,-0.309136541897356,0.15815648093505,0.0285679191746589,0.0124547775446824,0.20035624424017,-0.0881378264063221,-0.703780308207161,0.0965450076028793,0.251868904604768,0.199639607811699,1.42892690147843,0.229526708871496,-0.480713199180906,-0.0672539335718789,-0.823993912990303,0.251575644934243,0.27261143919503,0.447255058633027,-0.328560974724491,-0.429296662348761,0.541036209106653,-0.18644309643945,0.0153607606659943,0.0529665744678526,198.9,0
39969.0,-2.81111398466076,-0.84420077516924,-0.320447813541191,-1.03310116164517,-0.744521309682209,-1.99811826687714,0.701593269110607,0.510510210977982,-0.0716244003897005,-1.36128605361527,-0.73143328551441,0.356134081700465,-0.641298783197295,0.714155074233794,-1.1366463108354,0.513813825349242,-0.0500862181257068,-0.85446162537111,-1.48312089474414,-0.0783589350573421,0.187407396125988,0.0314369306130858,0.138188973429203,1.02049721028528,-0.482186461874092,0.990663439330881,0.0224248988701016,-0.283039514122222,190.0,0
147134.0,0.0950015193705983,0.999475786477637,-0.324880883833302,-0.628230121827106,0.916023171596459,-0.587351790405953,0.881279450868635,0.0213154372886151,-0.333232243354574,-0.668458458963198,1.14379311066972,0.673982105311908,0.0118140483417799,-0.835302362804275,-0.961673199565702,0.484632572668528,0.156391212345444,0.222885125878855,0.0109678952377757,0.0320289514361452,-0.280363055954825,-0.689057016875431,0.0967742250900866,0.663881045965726,-0.464823142857089,0.0862848374215845,0.219598002348344,0.07572974779575,2.69,0
39720.0,1.24447627546907,-0.543639731301158,0.0768956538395891,-0.455639896524714,-1.05098561664656,-1.47669797430563,0.0368658578325788,-0.370501451419879,-1.12173921820087,0.659144052980092,-0.171177668269528,-0.169336635396789,-0.190349688135913,0.427249143694373,0.692657470484908,-1.50770795403485,0.221287032121275,0.305626734045195,-0.627220892952344,-0.363798632077753,-0.703998259417959,-1.80294599231142,0.231411697342098,0.689119929454411,-0.0288248682889147,0.648550919594663,-0.0963383164796741,0.0218654428616231,84.95,0
166902.0,-1.27980079909896,0.0948851544687513,1.19511374861369,-1.09468831395804,1.53092759050129,-0.871331385728668,0.610280691799704,0.0990135389691543,-0.594172273592736,-0.84669856608658,0.293274605834251,0.173505554998318,-0.940245973231132,0.508639259064287,-1.05844634080575,0.336702318783181,-0.777551373038529,-0.116414958294847,-0.0180270288716214,0.0285487525447902,-0.204464544213463,-0.921605756127996,-0.223374628121957,-0.493572911188607,0.584744438832781,0.249729059966395,-0.09635195701859,0.0348325550035807,5.36,0
8408.0,-1.81328048476897,4.91785071056565,-5.92612969400656,5.70150043141163,1.20439257214362,-3.03513754815611,-1.71340206347108,0.561257390902032,-3.79635425171163,-7.45484065078351,7.38805512292025,-10.4752286504099,-0.379314526756117,-11.7367291212569,-2.08698895215593,-2.44235398293755,-3.53552351168246,0.130360306640887,-2.07145048844325,0.576656033332069,0.615641835107552,-0.4064272753179,-0.73701807643754,-0.279641772215917,1.1067663744335,0.323885477719453,0.894766671515833,0.569518600269514,1.0,1
60353.0,-3.97521647515777,0.581573270980264,-1.88037210743636,4.31924127992395,-3.02432976021596,1.24079277107972,-1.90955892631241,0.660717557074542,-2.7526105653686,-3.55038539904852,4.83896418696128,-6.04023537903875,-0.374460483695606,-6.22194535944177,0.958758443736388,-5.07364263456328,-10.441008666182,-3.75552460094433,0.606452965011177,-0.656511434265513,0.578984295739867,1.39731081981072,1.04532195036713,-0.303999869268857,0.0052949592507338,0.235435243641064,0.962014797484666,-0.67355739317081,454.82,1
80567.0,-0.503183806267163,1.17522153041245,2.33837009966933,2.4441623811072,-0.201466326384556,0.344444087740196,0.365532851374553,0.0332853913168133,-0.831975944163305,0.31342433609465,-0.862632664719342,0.521396492728043,1.42670615203907,-0.695791923701982,-0.451400678724441,-0.0023373861946147,-0.191669007417101,-0.0576628772120839,-0.0528706118711208,0.0553068885676395,0.213224604073706,0.822813054057442,-0.220596403017127,0.464730624976807,-0.217444063552676,0.154281175727748,0.0541565507652642,0.147598677252316,23.9,0
148468.0,0.218810192243952,2.71585507956703,-5.11165783900784,6.31066097414859,-0.848345064871295,-0.882445799257676,-2.90207924674704,0.939162177941683,-3.62769814154945,-1.87333085278999,1.2038344844503,-6.17262991831307,-0.921364296717084,-3.94196510459461,-0.0622213828788873,-5.241049107605,-8.15282937205818,-3.24343644496687,1.93548375407006,0.381681938895485,1.08364021161907,1.03732380245639,0.0623251382602846,0.532489603801304,-0.149144855297463,0.639579645658501,0.351567637719089,-0.0018165149574627,0.76,1
4933.0,1.20003309427021,-0.0092201489463022,-0.441196671426231,0.0611140213676832,0.370613169452148,-0.27312432952592,0.264143538925552,-0.213747252028974,1.30825806028773,-0.549551227815412,-0.0001854803666457,-2.83577419172519,1.18719239212524,2.01383976027561,0.451325003966385,0.0387633959752358,0.513167017754725,-0.753948953143329,0.0766506031142086,-0.0121999260517618,-0.534881203783951,-1.48785535516147,0.0106556248359668,-0.974336711333705,0.19910440821652,0.751863652910474,-0.136934273911858,-0.0089460086142169,79.64,0
42712.0,-0.701843308637811,1.21779669222041,0.806659529051111,0.676618958572918,-0.216539269755692,-0.151586911450811,0.661725392192438,0.174637415758772,-0.576961032125234,0.164697018433082,0.592136263331013,-0.284699758443913,-1.43626615458898,0.844897238967395,0.508702896837369,0.0707550743231781,-0.43091303686954,0.89023850537299,0.856230472505996,-0.177591797124712,0.181838459325564,0.459102575938963,-0.177444959454178,-0.0178363392500546,-0.319239040223403,-0.377668022767834,-0.368495381720807,-0.159531885725143,56.29,0
146561.0,2.03952746837158,-0.0347019512918347,-2.15989337120819,0.250056931473439,0.653546217927253,-1.0115651875831,0.679111887130166,-0.381927105305811,0.174077385977962,0.161219295666546,0.391785703684402,0.780661640250653,-0.412826356350935,0.874191962143159,-0.848162681789643,-0.545252213840334,-0.51153879929341,0.108425076614631,0.621086372406786,-0.204358003604066,0.166987652029328,0.614401246588213,-0.170671515359193,-0.446388489786269,0.576178062403376,-0.0606740376891852,-0.0638299613404058,-0.0849567132126213,31.91,0
59739.0,-0.722983659056305,1.01652430760579,1.52414136736646,-0.128810733468169,-0.302124663690274,-0.749789323500292,0.491651861876768,0.168619273224217,-0.230439890460841,0.211168272663371,1.22728258548719,-0.15138407748168,-1.71819443091978,0.605601160382552,0.32901698540991,0.392987674885352,-0.4860292909361,0.261540608166752,0.207074988736457,0.130206922632446,-0.210917014627565,-0.601736255387336,0.0300746284069816,0.467938027953557,-0.252629228189976,0.0512614863585144,0.355923511041467,0.176068917471005,8.99,0
146699.0,-0.777294545484322,1.21399319928013,-1.07099073577568,0.438033937644079,1.51050984078335,2.23234952106874,0.966230922605899,0.857241813930029,-0.902041499552474,-0.177996490345306,0.326785135242948,0.406663972617435,-0.733951185455077,1.12521374219158,0.146445458507433,-1.73812328907758,0.879279633407172,-1.26209773938533,-0.0354028521859737,-0.188255408673528,0.252249991779343,0.996422337548083,-0.190604880024755,-2.44311831576265,-0.153726775074622,-0.208700493913683,0.277941955840049,0.118265635171198,98.72,0
55330.0,1.25479506526642,0.109900630522148,-0.0045415643525469,0.333259802353079,-0.367302865184212,-1.25511510109207,0.286528296847964,-0.296128440366156,0.0791507691311242,-0.10153315316116,-0.369923561180951,-0.0874030160043052,-0.526285079002099,0.521216164714922,0.917406461676462,0.0032165699437035,-0.208806214318786,-0.461749523374486,0.0177441553448122,-0.0871550293994722,-0.059660142395366,-0.214223970866559,-0.0634648284359703,0.434846521455188,0.494896828784891,0.599630215674973,-0.0774178107157567,0.0047715085135311,27.0,0
67293.0,-2.13645473829067,2.21415831672582,-0.080439937843816,-0.667330083958896,0.359749365877285,0.523744267634529,0.0275831277483755,-0.273849325043274,0.513318136356674,1.33115295507092,0.704480582215143,0.424542936822588,0.11921976283299,-0.508939400834533,0.607212486882355,0.568068878118917,-0.307996451518547,0.236399693685774,0.122764883403056,0.502745519410453,0.342374437894757,-1.03696527255864,0.0787665602787018,-1.25063098038439,0.162054590029917,0.150119160781225,0.398672505786481,0.119815685494077,8.92,0
136586.0,2.0455558743875,-0.128786090946292,-1.00909860232644,0.0610341911416004,0.0075787961348047,-0.66387081517193,-0.0404315511103346,-0.17631587385366,0.502372879473801,0.0640175785913578,-0.668339500288034,0.365783628258752,0.418641037934887,0.261902681554626,0.882758242327252,0.506496240056853,-0.684133995861937,-0.735243280616282,0.102548248561037,-0.117139283846387,-0.46655527280053,-1.41662738294573,0.548251309695042,0.531161617495211,-0.672953629473712,-0.0052191218605804,-0.0740171267997622,-0.0400231316410372,18.6,0
65768.0,1.1950664008943,0.208945267165886,0.621471440262473,0.647952242370593,-0.456567995893331,-0.711058530781349,-0.0126566130424556,-0.08520504482813,0.0259197243685793,-0.108732878888294,0.289740512463115,0.537920810868027,0.192207048111747,0.296228330071921,1.26484704794445,-0.0828428683237175,-0.0232871301127898,-1.09232715267926,-0.599941145814569,-0.139563159561608,-0.209170454901426,-0.573349787180655,0.207365211790988,0.393688601269116,0.0996723684469834,0.104248382171391,-0.0123495391948514,0.0187343288401152,1.29,0
25095.0,1.19239598990768,1.33897371069007,-0.678876186687009,3.1236723071222,0.643244863589275,-1.18432299431215,0.397585526006899,-0.253498538261658,0.41113497684127,-0.859862301810301,1.124059382453,-3.76387384832398,0.367975966769142,-0.971757538368114,-0.0138825132357776,1.45757852763076,2.61145033447876,1.2919552295122,-1.56381522671193,-0.185454650142832,-0.377503243008699,-0.889596747960403,-0.0742075893964193,0.0354455164139561,0.550577974200231,-0.0271712789934873,-0.0249206212266212,0.0736053986634045,3.12,1
11080.0,-2.12548982597957,5.97355569173344,-11.0347272274446,9.00714687170235,-1.68945053397167,-2.85441528535313,-7.81044074525876,2.03086994595841,-5.90282812214984,-12.8409338181318,12.0189131816199,-17.7691434633638,-0.431035658230095,-19.2143254902614,-0.962464574748091,-10.2666091836641,-15.5033921000669,-5.49492764246329,-0.410480977392724,1.49377464554928,1.6465182926595,-0.278484510810644,-0.664841293974353,-1.16455536944202,1.70179641354046,0.69080561470369,2.11974873337031,1.10893340333617,1.0,1
120707.0,-0.0676076332616104,0.144141322791776,0.159103359784124,-0.384860312371725,1.10860931630842,-1.46776540563165,0.878416595320033,-0.43489800042427,0.210671193853883,-0.103309627810965,-0.842699398169602,0.449803928544883,0.522134745279209,-0.218233285742897,-0.735940344567097,-0.359547439578797,-0.463462379442392,-0.861104504637317,-0.0812032828252074,0.194243744029672,-0.191666456787214,-0.286755957646939,0.196628168523039,0.06485650098266,-0.672032860255234,0.127197096201136,0.0855788139872794,-0.105069340828909,11.11,0
133731.0,1.17663267315551,3.14191813880044,-6.14044483643302,5.5218205893507,1.76851488910857,-1.72718569844821,-0.932428910444584,0.292796545267059,-3.15682655843537,-3.89824038104731,4.77672033006624,-4.15249885001879,-0.472990802974345,-10.2588514782991,-0.533455591604466,0.458138563036142,0.167601789076859,1.4043108943267,-1.87401526330162,0.329567972643983,0.1293716296303,-0.803020814325114,-0.0740983557012839,-0.0310844052836625,0.375366225335466,0.0658967838964971,0.488257738746484,0.325871630319106,0.0,1
87023.0,-0.698322982770681,0.518165919501172,1.52324813630152,-0.755601284846128,-0.169944198869184,1.19909166425469,2.11489665673028,-0.591573455021711,0.0625777763786969,-0.719273921657274,-1.01627709093853,0.23028513618138,1.76740252855897,-0.871574696875864,1.03681896318414,0.19779799683583,-1.11480721919951,0.18697515325378,0.595434600018156,0.323255366238439,-0.275200858800626,-0.387130793815813,-0.195239922901882,0.0431024607524537,0.439362788582822,-0.469201864130435,-0.272824269396491,-0.438717037935277,279.46,0
158384.0,-0.418474821859288,0.460905337017097,1.17631774998052,-0.584065844163073,0.276446603680094,0.626953054506531,0.0484815417713248,0.393406924922021,0.472604702581105,-0.466921397333181,0.131127014230705,0.32731825006391,-0.458382107790594,-0.023299351135414,-0.182670965224224,0.125316476522088,-0.725345452522449,1.10725690703537,0.487774982356884,0.112589020087021,0.32272572914995,1.14313497822196,-0.252228913601626,0.314465008872642,-0.204200500286557,-0.128929412877505,0.439973470255467,0.234184226272314,15.88,0
167283.0,-1.46098203166726,0.736443021958177,1.56292081770799,1.90014246797369,2.32513660677502,0.577830958568862,0.717175961456382,0.340051513900346,-1.85673169046795,0.249068157819645,-0.546942430171489,0.0575043740072735,-0.15589223768889,-0.0415107156619785,-3.09492675968298,1.20629287053257,-1.41553904564081,0.198405446485092,-2.00061732036524,-0.0514992973498655,0.141913680518476,0.119051893030661,-0.496075798958022,0.180172546585683,1.18329548157444,0.0176972435751735,-0.0707895502122503,0.0448786247392231,7.56,0
78365.0,-0.401545242854643,1.11526912096761,1.41244135497568,-0.0089446479141676,0.0398442149653622,-0.772346461267733,0.634250776640639,0.0356741861521593,-0.737498549435387,-0.354547730794682,1.74810561209984,0.923548428456842,0.459741978801909,-0.312259362349223,0.127976931880789,0.497337258297888,-0.194389778873442,0.233219597630574,0.118992204220708,0.146909756966519,-0.193524985241524,-0.501777529420965,-0.0094458806435048,0.497123390747274,-0.202471724937734,0.0402989813702627,0.24531837966882,0.0912337516504802,1.79,0
144440.0,-0.476436083123394,0.955139479236293,0.489044353173186,-1.01218550347215,0.936614751586715,-0.284113943059073,0.919287690303112,-1.16446495020112,0.368981840995278,-0.557581985525855,-0.980788613040693,0.978518901400135,1.44278893615612,-0.604667793458168,-1.03776875436255,-0.797041287727613,-0.336901023416725,-0.4616997773379,0.0984837934997327,-0.0129669401507276,0.851026637043118,0.60344819263391,-0.233284916212814,0.827175491478288,0.0047070276513313,0.0679465458776391,0.283000737918822,0.0204741241940935,5.0,0
160166.0,-4.63404974136482,4.61962540185116,-2.782476732785,-1.665327329464,0.264158839897142,1.32432961015525,-1.46334348841543,-6.9394716864574,2.29617228097201,3.31582344300788,0.675734538694722,1.51888861504471,0.923164354099222,-1.62625053302117,-0.966483009284279,0.559883085804093,0.23044548888873,0.346801876045452,-0.114427116436399,-0.0681116840781955,6.16229132455529,-3.35607268578446,1.14877801783072,-0.391093354523871,0.44646811050003,0.251685348247398,1.71898144167402,0.881306881547504,44.99,0
83771.0,-0.470522528642952,1.03238926865576,1.67975370787889,-0.103650313637589,-0.0775239853223922,-0.678048534959706,0.639583813487738,0.04241903928005,-0.73544828737112,-0.156991285874793,1.55635398575364,0.937857072420284,0.346554039447652,0.264309662472722,0.0848319795962937,0.315019501269569,-0.59465111577661,0.0231460231575568,0.223251143979983,0.130737278620126,-0.157468214392819,-0.408903611988525,-0.0127791531344313,0.528200702088304,-0.236410931886543,0.0396232985605017,0.264367995130093,0.113860522993585,3.59,0
128609.0,-1.23753841183736,3.37986980151385,-1.73746200986497,4.53000609682334,0.5176396148513,0.0274929155735238,0.0691709509276674,0.767088184736464,-1.28021333099173,2.30058097893494,1.15926655168122,-0.0780140672290676,0.276016014179483,-2.33489053342957,-0.0576206633886178,0.97376857681167,2.13754070894203,1.35830591793643,1.01682059798018,0.801526054647675,-0.475328504789905,-0.979114055222718,0.257668866969294,-0.651070749133649,-0.431011433857687,0.0350129785862467,0.28431014968247,0.022538474191077,2.27,0
79950.0,-1.03185257359295,1.26075832045217,0.833235749957391,1.12094895122488,-0.131441954668731,0.561116257196942,0.155125090477499,0.674995968377792,-0.39554328134754,0.0817553361331698,0.459496687453459,0.279145632914692,-1.25434082693022,0.659275788271542,-0.352430404243726,-0.766103714223481,0.474581190254549,0.0854200311073552,1.14867510112243,-0.0876610497189302,0.0464151351464211,0.222735357002418,-0.0929322114312693,-0.316055736486765,-0.104709715072537,-0.238134782463025,0.0341051514018741,0.125330975355355,29.2,0
52917.0,-0.246236683601165,0.852705670408,0.965434930263443,0.0629833800529738,1.05471207934952,-0.0536195781392997,1.00365519725612,-0.562110116456526,-0.0718802775271579,0.139749288511426,-1.25731323673189,-0.738585684141896,0.429367354061389,-0.903498576633001,1.37466387995021,0.327477933309086,-0.499316129641594,0.354496220834904,1.15782695156333,0.18246818215278,-0.330887162029142,-0.644862742999927,-0.0844130088114892,-1.05469983785764,-0.594040489075408,0.0962537404118501,-0.456255068472301,-0.278338588217872,2.99,0
80323.0,1.41800718360335,-0.395198438314094,0.510694515861159,-0.675195079959732,-1.06180752120444,-1.08623624893097,-0.491007954838236,-0.210445187182053,-0.818553190584857,0.61515996102381,-0.177303745104496,-0.555109881793399,0.129650685765965,-0.108814284832244,0.780033790039438,1.20191808793106,0.238695272092151,-1.65054165875622,0.652241453761212,0.0569460133982017,-0.140875146586461,-0.529344609138474,0.155851300916484,0.359230411315709,0.223794284848617,-0.51619309441966,0.0066487254750128,0.0211951923517052,5.29,0
68896.0,-0.38495634689066,1.07291224802079,1.26313781133877,0.0140779617706722,0.201696197908963,-0.516398209682742,0.626768955176983,0.0727095048293679,-0.378850156625836,-0.552122628808136,-0.0126605938186682,-0.0648038322483319,-0.0350993972162921,-0.374418817643553,1.16035478328621,0.0962774510882069,0.294526229350461,-0.571225221831865,-0.448761802937124,0.0742331864916037,-0.237452176904019,-0.585672143582097,0.0171239271324545,0.0191250029104083,-0.237829192939133,0.102003109488417,0.261139554944052,0.0946202372359446,3.59,0
127640.0,1.90618473235628,-0.171019582773701,-1.25433684344699,0.195745447845367,-0.371891978170037,-1.06427817951074,-0.394498546224713,-0.198859315512688,0.96625642922972,-1.07807968394512,0.133127763685607,0.604641210870021,1.45566507837366,-2.83422627751097,0.74305139743775,1.04324052014836,1.32910560284778,0.697585068789759,-0.575662917644872,0.102626435538791,0.143527562448781,0.596552754655585,0.0594195933459099,-0.0633517178210771,-0.36081020176962,1.37013393315781,-0.0491677174505835,0.0025129182720335,59.99,0
36762.0,-7.11468569036898,4.16682130725065,-3.00265407275695,-2.32865676894588,-11.5101338270596,9.33967412584731,3.16175536365469,-20.8179846894778,3.56876810737698,0.0821355443539588,0.916871008059891,1.19222921185091,-0.190995970893687,-0.864345822268117,2.33348011711165,1.13301767112233,0.18383392861227,-0.42861250688241,-1.63011955959241,-8.68445012473321,15.1686850365595,-5.54274921196712,-9.73206321524471,1.05267332941457,-1.81962287153307,-0.723253827690079,3.49114705637228,-1.90060869964475,3000.0,0
60844.0,-1.45481558525189,1.28413359847116,0.908084164214444,1.4033544478921,-0.692618584770004,-0.0564316842843677,0.481876395851731,0.39942310277135,0.018513238426923,0.198124657297776,-0.605186024198956,-0.236196288732448,-1.28081127149818,0.363851204220116,0.351942989214195,-1.17746073019388,0.908622460309592,-0.644187314773123,0.62252011875381,-0.153497744176703,-0.031197352393908,0.271063977230132,0.0167170510068276,0.383506022810113,-0.190219535345017,-0.325668278658439,-0.51658727874959,-0.381571375413498,66.19,0
151029.0,-3.81821371829341,2.55133767783118,-4.75915831591909,1.63696695878653,-1.16790008391088,-1.67841338780471,-3.14473247208576,1.24510555037845,-1.69254135414833,-4.75993137385013,3.64225693939881,-4.165202322571,0.703069875094878,-7.62431631397779,-1.49801239964762,-4.07999232998846,-6.71717654755023,-1.88754964911755,1.35674828969143,0.164453445972909,0.837685440079622,0.761712127064149,-0.417694265920243,-0.469712471536136,-0.225934235750846,0.586415248500604,-0.348107405939032,0.0877768724326224,10.7,1
37437.0,0.618726400177909,-0.662946046501578,0.136521890519634,1.48628736286442,-0.330017772323171,0.244154146102739,0.322079580036556,0.0552183024864267,-0.0241542213497983,-0.0820380660475477,1.1913550436186,1.31536418007163,-0.0046657581905794,0.288514187098137,-0.77942833800949,-0.499205750620139,0.0101452282572587,-0.448629141631555,-0.161443185943379,0.362165226730193,0.109493040679954,-0.0685570310914348,-0.306423568740593,0.0565604569107388,0.543361911816638,-0.358437008762502,-0.012112049280119,0.0515629692637936,269.0,0
37160.0,-1.57488922624101,1.21882400372173,1.3634119910841,1.17960984586384,0.673850685875182,2.08788427286564,-0.103053236213415,0.957929750337116,-0.293316561599733,0.64564954305951,1.38888131612031,0.729965403477494,-1.04983658147729,0.0288546979578984,-0.833048826524921,-0.435510009621655,0.399209981803273,-2.02953497100454,-2.62203337098183,-0.428489849674514,-0.0766819746100663,-0.17879926087348,0.278251849587885,-1.11084666304756,-0.821179312641693,-0.479877327452882,-0.600160261945358,-0.153630871023898,3.78,0
134904.0,1.66127639678505,-0.476021386916908,-1.75445628739583,0.629371863247072,-0.134788148416531,-1.24264955781802,0.413234858382831,-0.372692653777306,0.91663155357858,-0.939139730909891,-0.375569460861921,0.631359556171065,0.466737668489847,-1.51861063305989,-0.173359271450097,-0.0287832919108847,1.05741413741606,-0.0260913282557328,0.0568711266707918,0.228988597472222,-0.126353673621841,-0.489848798215604,0.0168095610955595,-0.0436053941429378,-0.114119775853089,-0.113013079703996,-0.0379530970679923,0.0125242713956163,195.8,0
11849.0,1.18471904249468,-0.20142186251622,0.511028753281563,0.161047376040074,-0.321208252353909,0.268891179718544,-0.480986767938065,0.103543972863818,1.85413264418046,-0.60495113474337,1.8380991693948,-1.46691385239924,1.33992578857497,1.45083079474443,-1.44149944152309,-0.385419175623357,0.842626537183807,-0.263766428421003,0.310068306432387,-0.136711272413896,-0.205163339763912,-0.124630291700773,-0.0755871312621327,-0.260413858961946,0.351425186286417,1.10512438653926,-0.0843757010273643,-0.0222584543886543,14.7,0
933.0,-0.462484992118701,1.12525616488882,2.14630160864305,1.76550104652218,0.122789763597803,-0.0025775244723322,0.423988130197122,0.22527801899509,-1.36366200854023,0.39348010942539,0.94578349019991,0.054883644259136,-0.580447296692199,0.372504892090948,-0.168525363886608,1.03127503414535,-0.916409192076795,0.403256555399916,-0.542413331054836,-0.0988185060640147,-0.0830446600086012,-0.427153604205175,-0.0105261575649742,0.251530161856987,-0.334975378029343,-0.315224736925479,0.050245147341048,0.0633596233425634,2.27,0
166028.0,-0.956390354534089,2.36159360978361,-3.17119460723168,1.9707587789256,0.474761353851904,-1.90259820435779,-0.055177812186404,0.277831228585655,-1.74585416512772,-2.5166280017922,0.874051625366684,-2.51310432869389,0.0215750823066827,-3.56511884467947,0.461153428310475,-2.01571274629308,-1.7314131905532,-0.465814727140309,0.527619755594392,0.19087690343816,0.4732110860249,0.719400298090367,0.122457847823505,-0.255649852132098,-0.619259299031992,-0.48427999484406,0.683534592892906,0.443299499267762,39.9,1
152118.0,-5.06820180896064,2.32670771180798,-0.123658743040967,-1.55413201861256,0.0601257870499156,-0.177236772909235,1.15045960293888,-0.819449446739707,4.57871374437877,5.88572751121879,-0.355773326464421,-0.102996911095008,0.624421541231043,-2.86215000371337,0.486089936991729,-0.334272381757143,-1.38453619685557,-0.265070958309556,-0.655012006801155,1.49902630813797,-0.886380568077144,0.932019183185651,0.0976596179319616,0.717811459542471,0.521520761526232,0.445941531480068,0.472793305488155,-0.500871408232157,29.99,0
137557.0,2.0072148807516,-0.0707305810308897,-2.2538436402435,0.961028344530641,1.07613478636163,0.10778911443183,0.429009802613717,-0.0621996249779444,0.215390384853572,0.453706412769929,-0.54756157186291,-0.158198773598315,-1.54713298167108,0.936294147332908,-0.982831959666697,-0.0708760991727692,-0.767768238729012,0.493573793718982,0.553587547229339,-0.233273722823002,0.0255099149038613,0.0715008439699143,-0.134463843600239,-0.383034238920619,0.543868720424404,-0.478673612347026,-0.0444260927784048,-0.0720308596463379,46.18,0
62746.0,-0.0714835060597822,0.994632136073248,0.838518465920416,0.689847712640583,0.874530188900117,0.17357354050968,0.733848673609498,-0.0679566605161086,-0.792755485613306,-0.269427607909977,-0.727118390120945,0.647365022754928,1.92200750175373,-0.0526954312414202,1.15246503061601,-0.417416187417785,-0.323358151840913,-0.299879485999594,0.324347717325457,0.113920192836094,0.131188215027015,0.528217824485703,-0.224693522613026,-0.706030132314101,-0.0058001848297274,-0.242111940654959,0.119645516966404,0.0599638888844412,10.59,0
127134.0,2.03492687892745,-0.129807055624538,-1.95196718199351,0.296300859568388,0.709965518107699,-0.284826503941709,0.334060802865942,-0.139358927375479,0.184940946556693,0.293542023370123,0.333876251105507,0.603397281509684,-0.609312392427073,0.686799710634406,-0.981174289599523,-0.255968737401048,-0.449233579281882,-0.149264663043037,0.540232804037194,-0.191345448886062,-0.0006693174717195,0.0828532473451279,0.032051522739211,0.258219624144853,0.229010922144662,0.359000313307026,-0.0958846601499922,-0.0800617297671029,23.74,0
73854.0,1.14938894714372,0.230973857400454,0.11390181886165,0.925021108571445,0.315454319700332,0.346342211931571,0.0370362755176028,0.0665210320719659,-0.386526177690826,0.150089357294978,1.05916731785909,1.25673441667707,1.07634293029852,0.314665008567755,0.430467389567656,0.209815465943533,-0.752709585266426,0.0818039743220273,-0.299059506127351,-0.024422073535051,0.130986115158638,0.423186937896592,-0.210903966045504,-0.62297678137144,0.688064105700972,-0.232174122084564,0.0319583928525875,0.0080394634712284,29.0,0
7543.0,0.329594333318222,3.71288929524103,-5.77593510831666,6.07826550560828,1.66735901311948,-2.42016841351562,-0.812891249491333,0.133080117970748,-2.21431131204961,-5.13445447110633,4.56072010550223,-8.87374836164535,-0.797483599628474,-9.17716637009146,-0.25702477514424,-0.871688490451564,1.31301362907797,0.773913872552923,-2.37059945059811,0.269772775978284,0.156617169389793,-0.652450440932299,-0.551572219392364,-0.716521635357197,1.41571661508922,0.555264739787582,0.530507388890912,0.404474054528712,1.0,1
32103.0,-0.385848874124122,0.895706451566781,1.60168572395028,0.0497125466242896,0.293602878036062,-1.23944568255744,1.19562758626923,-0.461444616455676,-0.618695626641937,-0.287291156762806,-0.123654546078811,-0.169395748922581,-0.215199773130548,0.160352342658868,0.591341094658766,-0.307373624759123,-0.236133842465877,-0.41946483143277,-0.0267972086371132,0.0421117634028201,0.0111927047431373,0.168553307547114,-0.223649224929257,0.742013766290859,-0.0125844291957973,0.275373598681003,-0.123860669086205,-0.115498336965455,7.5,0
31303.0,1.18805031858337,-0.0318081334341202,0.0453950287349484,-0.0741541187514567,-0.229009839508868,-0.675143824357295,0.146535470699952,-0.163903505845561,-0.287443974514551,0.0077581380657732,1.30811504195532,1.13993732527813,0.727636111319162,0.381516374403912,0.24505241385487,0.45488146140626,-0.677694949728226,-0.11657565246463,0.476227021879887,0.0893309624786087,-0.106083919464822,-0.419071317230614,-0.0440244098352067,0.0866470390659032,0.286410206920713,0.879744415765564,-0.101160789966764,-0.0017724626064953,52.7,0
130286.0,-0.793196037020527,0.390467514123213,0.590356917085768,-0.0954559538491151,0.0512174571211356,-0.27840742041839,-0.448186743715802,0.655872034375203,0.188896469894721,-1.31999711261873,0.615600762703112,0.927420181103492,0.634237345844157,-1.0932171989442,0.0042554411404175,0.952027384707522,0.140153502243365,1.56999381436872,0.263801633411364,0.0632261754737932,0.250523147879037,0.550808598018472,0.0769700160737823,-0.434532994796344,-1.06844536180546,-0.498613160138059,0.180833732932069,0.126963753979205,30.08,0
97121.0,-17.9762660516057,12.864988563015,-19.5750661905691,11.3451198184298,-13.9986456031027,-0.35489996091484,-23.7834698823143,-4.87235340557097,-8.50428479375643,-16.6011969664137,5.56925817499418,-13.9322487527403,-0.204854827407058,-7.58102324741972,-1.01361239001659,-9.01481328062598,-16.0920320589503,-6.05014766257303,1.66102935873752,2.41992113013135,-4.30043186631826,2.8657718597682,1.48930201538756,0.386039288843108,-0.232391836340479,0.413826703027495,-3.25598090607432,-0.538963227046118,8.64,1
149403.0,2.0195776003586,0.512286632349489,-2.49043513846739,0.579153270162093,0.766560017348719,-1.2179213522652,0.243418127118653,-0.210634786583695,0.288087360952544,-1.03473936435895,1.63109515506577,0.303637696207211,-0.175562253697889,-2.32715244560914,0.454757224963295,1.01061611548979,1.46300361652489,1.79910562906257,-0.35613065391691,-0.146278254809045,0.132030422531913,0.55062839678604,-0.0923907016261872,-0.61333740422991,0.252491129497727,-0.0941837299907012,0.0182398936010245,-0.0064912404887836,1.0,0
166941.0,-0.109426265956684,1.03230983402302,-0.280256073435054,-0.933524682022156,1.00666413402593,-0.292103524802946,0.931028826263997,-0.0602994880066435,0.161932279603962,-0.112070202210729,-1.5662247021163,-0.0603618259283892,0.314826766467604,-0.0484114059688906,-0.306583664637787,0.12393663105389,-0.722705049709742,-0.503502712333616,0.179680826110874,0.149457025911503,-0.344933031889608,-0.775590945421283,0.0156999293743649,0.0242426288281354,-0.315214017906068,0.154659514250131,0.349009846275241,0.156525943737592,0.89,0
131264.0,1.80082192621949,-0.590604825320859,-0.842699853401503,0.358874327949623,-0.332866982012669,0.34717785311788,-0.851830631995715,0.283612821545726,1.0996464271298,-0.393281658959772,0.647919888960485,0.395297946776993,-0.194483765761897,-1.35311873468558,0.299757794954501,1.4569206402719,-0.0869344887190056,1.34206403883121,-0.0414001518435937,0.0629627606622921,0.0040430627467093,-0.104317693653908,0.189958590728799,0.0948838908602006,-0.559872364200687,0.3211163502405,-0.0177407161149818,-0.0024954799335829,94.36,0
140297.0,0.0320077649191829,0.758378718280518,0.26283708086435,-0.578795431771158,0.316996999367974,-1.07025313962042,0.912930012871781,-0.107398137366347,0.152772463655723,-0.381913387003142,-1.10053943317,-0.542277543549971,-1.30882150583533,0.379888675401916,-0.211508209365357,-0.0898664890738724,-0.277146314768422,-0.675467744462437,-0.147250369250561,-0.126298763824507,-0.268972264845039,-0.655565971144506,0.0953548206858281,-0.0563021881699084,-0.548270169638035,0.147781790746715,0.241279302690479,0.0941343903299991,4.49,0
27187.0,-24.5902447690465,14.0445667815106,-26.2787005866145,6.32008926518927,-18.2245126736673,-4.60996782569686,-17.6810033715155,16.2136267471409,-3.79409346877414,-8.37275316035861,4.90168265513877,-6.87283866404082,0.769776762734501,-6.82658448658054,-0.0544341798176028,-6.08495266503583,-12.375270529796,-4.81034474126699,0.936742237936608,1.64920202229571,1.77706277243531,-1.80487368611576,-1.14060456917063,0.152234466415679,1.71599702403257,-0.22047119903665,1.43495058143483,0.422491857762666,99.99,1
147640.0,-2.26143463011009,2.29529837373035,0.776080239563543,4.32230282042595,-0.931593194449118,1.48281060576594,-0.544939837944511,1.73442101762537,-2.07614825654084,1.39174908402523,0.0344709672592151,0.169363544114987,-0.474305942696934,1.02806706354685,-0.345023729581142,0.431355984303129,0.614303974635814,0.400138666383668,1.79529071689683,0.166279369323453,-0.391262249489951,-1.14686528915418,0.259799207767422,0.675063296031554,0.0956429399852416,0.0528091312028832,0.31925782116415,-0.0753900387258794,80.96,0
152544.0,1.97617565611752,-0.545219713455952,-0.444182367892564,0.262300896306963,-0.618690682505607,-0.0699073485983751,-0.793378427248077,0.157799745595346,1.07535338433847,0.233121576248316,0.309981715092203,0.396177789657164,-0.751190293042335,0.174264014746234,0.0167731913251104,0.661883440756503,-0.834002466153162,0.741897911371761,0.0126431827257511,-0.233592233053361,0.267719556357197,0.91309049636801,0.0747887474297076,-0.42245530309003,-0.238438924048662,0.655595894094257,-0.0307442819288841,-0.0657491551981666,7.5,0
28854.0,1.20814944539107,-0.246428222293127,0.924596880349262,0.368553642108952,-1.01725342806984,-0.520297641587069,-0.485558228158812,-0.0369302701601489,0.907123204470945,-0.338974357831035,-0.657512853176063,0.560025263201752,0.308103239635493,-0.407115858278957,0.122267597563011,-0.0402112105611492,-0.057822147174756,-0.309682718986914,0.131023804526063,-0.0455908442901265,0.0516579922509919,0.372953869568296,-0.0963066383549481,0.5018907786835,0.405470033320605,0.95001199086562,-0.0286549801839049,0.0139343597550052,17.08,0
118696.0,-0.0187530491336509,0.748125626786121,0.0434878136372554,-0.682698106657862,1.11226964341685,-0.493187719328278,1.04153280110427,-0.121773355999906,-0.150120213865274,-0.654887760423994,0.86149662439488,-0.491841966346324,-1.97364809882957,-0.550804377271648,-0.716083849191766,0.348321193736704,0.242415490623881,0.408930467960491,0.124444901220986,-0.1370598995995,-0.231899193243913,-0.571973868312087,0.0786586138552498,0.563399225146074,-1.06483690241165,0.0008954727622843,-0.0206059389196744,0.0020234065004192,1.29,0
120728.0,2.10634783494804,-1.08541931071127,-0.136533735424497,-0.627731613882115,-1.17252759025821,0.14933105031598,-1.3874240742544,0.0410260903506244,0.237823430914615,0.820711196261342,-1.75165067552607,0.022184931087617,1.66696252052068,-0.661044419161621,1.32746964336426,-0.1992119614847,-1.08282649772168,2.01921859312495,-1.02646372232255,-0.42264610549714,-0.164898058105873,0.0815723171966266,0.186502484747908,-0.982510608934645,-0.564350554711941,0.658056699644881,0.0200257537562451,-0.0333419637485173,35.9,0
1899.0,-0.994431441854755,0.719532741000052,1.66260571015353,1.06734854257619,-0.360177415449854,1.54918256860228,-0.0903243272950356,0.829147924730173,-0.118647745337449,-0.792222108957813,-2.06832624023241,-0.327676906523977,0.0993474559792413,-0.0818416614119682,0.889557516264529,-0.108800106969249,0.0990333921489309,0.340292836312298,1.07017897716381,0.190339501300248,0.0284528577147162,-0.0004161620580698,-0.121228726586398,-1.34147588565293,0.367043959298808,-0.0953386416897305,-0.0082840092228741,0.0219239039899724,107.94,0
156379.0,1.93806342211581,-0.335461003889904,-0.428847867157055,0.404014065273356,-0.597293590815944,0.0190337908864582,-1.02589274228045,0.298266402022903,1.14120329187237,-0.298960616818443,1.0763572354515,0.440944528195081,-0.569910231846325,-1.19789399620452,0.317706074491143,1.2935385960349,0.0305530986838606,1.18224599574129,-0.24367299172384,-0.16305393691278,0.0181250158218036,0.130433614588426,0.33587575912303,0.664876190604528,-0.608436583609749,0.319486654240542,-0.0003226374214823,-0.0151462884228362,1.8,0
161022.0,0.13723873064893,0.900940053058946,-0.420057420110443,-0.511403884840666,0.736476941657415,-0.915825241808309,0.844733361772912,-0.0102785385093633,0.224272877234636,-0.77957701535568,-0.958327556741308,-1.06453463071643,-1.81169670417737,-0.653889486623989,-0.043762577076204,0.402721009196796,0.48657914830498,-0.0089581096076843,-0.233623841121895,-0.0982264044586463,-0.359266833255963,-0.975031535114464,0.122539538104126,0.580092671724166,-0.488331001155758,0.115434775324274,0.210573166712572,0.0810613764787084,2.28,0
154241.0,2.1528270005072,0.0005834550621947,-2.03106053784208,0.222367476952151,0.713509579299716,-0.797414078337846,0.529748111232333,-0.431056883693047,0.374228178045662,0.094206154933421,-1.72843037409986,0.274717558436815,0.566443354463588,0.249936099678699,-0.426549784914715,-0.289721980223433,-0.477410850756633,-0.57057515280155,0.585039755276324,-0.16236243292319,-0.0946493856890597,-0.036467523123403,-0.0616520848657741,-0.927836489027685,0.332825413323623,0.620939274839929,-0.0956798452871453,-0.08532868627584,9.99,0
105625.0,-0.91262795446587,0.108692301037041,2.02271721534884,-0.695411770055095,0.11045516494954,0.436814340032623,0.751581999385861,-0.0882356120255649,1.22991142088388,-1.14900123160808,1.86057577320802,-2.0821666032714,1.66953137901514,1.3101576500923,-0.376578584662666,0.231544722363917,-0.13135667260049,1.2363136814014,0.181413249264035,0.424936678171999,0.148671691189126,0.538488693684895,-0.111663385162127,0.727308255721525,0.534551823973197,0.151186241589924,-0.208412862187064,-0.155527795776037,147.93,0
110145.0,-0.456459082716571,0.733084607125339,1.96596536630744,-0.476460264791614,0.672345741527589,0.577378872544041,0.384730444884668,-0.0410210993954385,1.37954665520578,-0.956070555310024,0.935824296356161,-2.44583182862636,1.44055347634208,1.44630243768915,0.0141550646656399,0.251078335783915,-0.327205926767935,1.40804472724434,1.24048467675418,0.0853006203713566,-0.33275810385029,-0.547347170068585,-0.447180688230332,-1.21043046748717,0.367700630496295,-0.679266896156215,-0.0870412525988264,-0.167593993976757,2.12,0
117542.0,2.06658216385414,0.03880076809591,-1.9012944334276,0.195110692279388,0.639210334193382,-0.297948303392001,0.0177283369597544,-0.0131587396577254,0.387877872894135,-0.185049360062573,0.561752002809957,0.252769208213916,-0.729926909103846,-0.518911382322572,-0.372690536963507,0.69142575344031,0.091869931021025,0.443224885337573,0.530641844909215,-0.181026085323639,-0.35421824722931,-0.986281613846896,0.277384586012575,-0.0251568454910381,-0.250223396681288,0.186969899488875,-0.0722545573875499,-0.0473345406882389,1.29,0
46176.0,1.31480792575454,0.308120177838199,-0.0525184677745424,0.499545041644844,0.0085725319841625,-0.600303005128051,0.0472948848283112,-0.13185538340807,0.138673104901648,-0.272092582275167,-0.871838636457318,-0.213013769652301,0.0516194456299414,-0.273867249124955,1.19062503363547,0.738481055228704,-0.292118098498102,0.0141981129498314,0.120136703219955,-0.0737452997733152,-0.346384014983716,-1.01095855237389,0.029253298649751,-0.504477806909909,0.317198613738088,0.147535096781652,-0.0263108873111386,0.0216520682780953,1.98,0
40588.0,0.763222155684869,-2.37908501654741,0.357787630603727,-1.05967191225766,-2.14841733439321,-0.242805275078139,-0.963279985730535,-0.005331221697803,-1.40314594950432,1.26263156483018,-0.557348041399741,-1.64500258026756,-0.943911499343266,-0.0753068076896836,1.30999743510114,-0.321064016640027,0.752537193938474,0.12469348873125,-0.903655075564463,0.276575918230284,0.165694186338615,0.0371722787554295,-0.266996663643691,0.0539981054516149,0.0831375681610032,-0.106910246868323,-0.0095392224277072,0.0828636124865288,370.0,0
11092.0,0.378274504006009,3.91479678866992,-5.72687201536627,6.09414095882864,1.69887526405022,-2.8073139468834,-0.591118212837213,-0.123495593086659,-2.53071281390832,-5.15309460989926,4.65408842254301,-7.83953899762349,1.37181858033581,-9.63468971263612,-0.739596855842826,-0.663203945673478,0.891934540534899,0.978675639075006,-2.00547660274646,0.440439440893876,0.149895683076911,-0.601967245529085,-0.613724335539499,-0.403113687819411,1.568445255978,0.52188393400233,0.527937749881352,0.411910405834512,1.0,1
159761.0,-5.05500339829543,-12.5418756802282,-6.90845314316908,2.37529796926222,-3.19128450102422,0.454599102725346,5.37491310536715,-1.36343251947388,-1.68786997581897,-0.524967771613691,0.20886972467867,-0.103713392374025,-0.373797580496022,1.91718604797999,-0.425967561369281,-1.41005376928764,-0.044851766776773,2.15482808079077,-1.42422462654313,7.04193717718272,2.19561567202958,-1.74593231942586,-3.43349469845029,0.588558509036285,-0.881401056370352,0.589664059396043,-0.852341923117737,0.557106550380593,3789.8,0
149733.0,-0.464315706136242,0.993772477391408,0.0019035786460546,-0.682582454988018,0.23224683951401,-1.09203525609766,0.852526231670548,-0.0545943250170724,0.625920441770841,0.253029628632644,-1.20850697984603,-0.834373729980245,-1.83415465079262,0.340450442223677,-0.111370140137437,-0.0808991093423445,-0.29194540442613,-0.618195710474819,-0.172777699618731,0.0791330807467966,-0.347729706030042,-0.7541362184776,0.144618883157268,-0.149054112433286,-0.444770798454172,0.165015672641861,0.455337501772766,0.220803514197285,8.99,0
69416.0,-0.578755311205397,1.09019223690234,0.720793243423489,0.855814131125364,-0.27787482018782,-0.359738250499825,0.686453184316033,0.0556394071550014,-0.699620476582484,0.19836243685783,1.19604000341146,0.728077134907972,0.146727973305975,0.499055379690206,0.328871523750457,-0.0308095542229733,-0.432747900978254,0.557013217473953,0.653215689661526,-0.168199602341039,0.171540147324669,0.586956747593576,0.0028499373322025,0.346862985492848,-0.179046545769057,-0.391662534954162,-0.41136899984159,-0.297322637279489,64.88,0
146122.0,-1.23303995816667,0.488683344577374,1.41271229910017,-2.2820763489818,-0.501826091391507,-0.775993112998759,-0.0216469021541206,0.461402465690367,0.575705601152187,-1.74619699946704,0.965052035997226,1.17990986978556,-0.134794022657705,0.46789045729357,0.493264562198839,-0.33657908097771,-0.155707395222516,0.485219326082296,1.57401979326758,-0.119918655887193,-0.116108812618142,-0.41575459210518,-0.0723567765414967,0.067459800704506,0.315299879188713,-0.384547087391987,-0.178273877180534,-0.0233780862277828,3.5,0
152330.0,-0.159977632028809,1.33534321923284,-1.00382701537394,-0.648937841948618,0.971810604465471,-0.514459744930151,0.698332265669716,0.290692859637535,-0.343029316222499,-1.09407096677304,-1.18913852468799,0.427152504658321,1.27356025426142,-0.955450563024265,-0.354553192701898,0.578665419588329,0.252675231626231,-0.113907170037875,-0.015705459154676,0.0133498915870216,-0.322497260165638,-0.867132908964149,0.0781434351777776,0.0093155724364601,-0.276669167846753,0.148071801769034,0.101254246697636,0.0181446834577155,9.99,0
131980.0,-1.99939213715704,1.98701971073461,-0.905211440983485,-2.59634406021693,-0.0962327474056483,-1.3334917333659,0.246615373212289,1.06322373020117,-0.0660639821244301,-1.28956407967086,-1.78962229274422,0.61079936343728,0.587479854334923,0.85013745581521,-0.583195065832762,0.756895111764345,-0.56001402114914,-0.610551330042663,-0.640408472925331,-0.124417323881213,-0.253243456714162,-0.910743763248194,-0.0367247885864437,-0.644182399969813,0.189250204525077,0.426601981246856,0.0642920809494439,0.0910082633903613,1.0,0
65035.0,1.45139347316011,-1.04592907853102,0.822517057731046,-1.40486048748799,-1.78329447919882,-0.716117302366163,-1.20421932251175,-0.0210171528093791,-1.96038981730894,1.59444921535243,1.39380203210307,-0.271940399905881,0.0624625972094175,-0.103600213391545,0.0770470487599479,-0.0355165873073387,0.268202954443694,0.386988375272348,-0.0230441988990556,-0.348196570282327,-0.309880006294202,-0.587531584449001,0.19961085964464,0.480289893255573,0.0638069346787738,-0.438930788398442,0.0378367494677145,0.0204510612554169,9.8,0
80494.0,1.08847536320633,0.198014575795553,0.240848831173066,1.26748303025306,-0.0301886919731912,-0.165759564886805,0.186465614817958,0.0196214559585852,-0.254538653373487,0.102184299770032,1.49235920428843,1.25202063722522,-0.0802989358200015,0.455779586646347,-0.490576253363342,-0.536761262037592,-0.0206125160609978,-0.475513370885032,-0.284597210821369,-0.128468416291326,0.0757256884540635,0.326063027304971,-0.130141672873837,0.259211712387628,0.705935508787273,-0.265009810970222,0.0182898566423888,0.0073549341861372,30.0,0
15801.0,1.01259468366088,0.185411102837171,1.85700244402965,2.62567535867554,-0.813686024523601,0.741197688840922,-1.0505095089944,0.411448710796633,1.07822938004678,0.410744187576532,2.23791236372468,-2.31050557828637,0.771151506062043,1.64748764838662,0.0059183092878106,1.16825626869422,-0.0447219186076227,0.838388886391218,-1.76632441969054,-0.240469290102206,0.167722000049086,0.665252615994881,0.0342269055081351,0.14937667395634,0.0614517557570649,0.0737251745441229,0.0246227812638981,0.0233645967025548,12.16,0
144782.0,0.184680562737345,0.828666724465378,0.0557468269842345,1.07867718457363,0.573879225491229,-0.740402160843699,1.89156298582115,-0.912782773609293,-0.713265706649177,0.750981356192768,-0.561777087503649,-1.24542474316912,-1.26317325158516,0.655275454142384,1.76279452445443,-1.62560358613089,0.563224181799285,-0.117276216031542,2.59262659921544,0.26240201416643,0.0844324034017752,0.675699452980595,-0.298072992040459,0.0446137128774966,-0.320430869209519,0.781428565483425,-0.298633414745632,-0.313222429202644,95.0,0
139581.0,2.05903986019206,-0.791904199016739,-1.34113021241003,-0.502836649990375,-0.432037802258941,-0.760557281827216,-0.242199596489243,-0.332732219632972,-0.683538787689179,0.901321784884439,-0.836254572035242,0.199406494302735,1.12202406774112,0.0726406604149173,0.540084885243141,-1.33519661617965,-0.336330269638096,1.01994317061125,-0.986306024987384,-0.384001181853813,-0.189186216049583,-0.138138493452942,0.16429313217545,0.769179306893383,-0.17119979366534,0.639346787825908,-0.0696869123207765,-0.0397653767733759,77.42,0
45893.0,1.27782650442179,-0.0711037575355088,0.220037371141174,-0.0748736271686881,-0.463873719280338,-0.596193095253971,-0.21755808856948,-0.0145839803302357,0.116371860785986,0.0753588579451967,0.962301443900599,0.289874537079973,-0.75620459576478,0.538220042346294,0.459216871881545,0.570733070860671,-0.633647640966022,0.380377104436811,0.344868836710477,-0.108840763533042,0.0804520811164554,0.216006953973603,-0.111134823736814,0.0803411607886783,0.39106170047419,1.12046690087759,-0.0904723171645372,-0.0145424334183874,0.67,0
78026.0,-1.45812871298938,1.27070547461295,0.603694608265622,2.76631034562887,-0.321565229867049,0.397677696441406,0.085281949869094,0.697364768834259,-1.04909148575087,1.64381456258229,1.11036737979996,-0.188939165018393,-1.26966685525386,0.914847730194441,0.925224388210017,0.0843626520854055,0.186408232674038,0.109258046798411,0.649319720135529,0.132800544076524,-0.121917798941933,-0.192400078136035,0.360487657496901,-0.05894516115331,-0.621884691052912,-0.0154034807116242,0.337004491739635,0.311346873118138,72.35,0
35233.0,0.335744971383843,-1.84219796090088,0.500094140251438,0.405937726140856,-1.39926649326268,0.317182557375195,-0.178569187010603,0.115240847076074,0.932416568016879,-0.487440785024258,0.552925070661842,1.11151320997589,-0.0469429143796523,-0.264563005194368,-0.910022482505398,0.250904231299085,-0.227911876162429,0.0829848492617262,0.758539257323429,0.84693190130139,0.0612290651057689,-0.612783809142841,-0.370758047295638,0.054001174757527,-0.0086471589909813,0.901351840120352,-0.122691066218177,0.0776565168692469,453.59,0
7610.0,0.725645739819857,2.30089443776603,-5.32997618300917,4.007682804682,-1.73041059025206,-1.73219256822244,-3.96859261813707,1.06372815344105,-0.486096552344833,-4.62498495406596,5.5887239146762,-7.14824263637845,1.68045074096412,-6.21025774661028,0.495282117814298,-3.5995402092184,-4.83032424210571,-0.649090120211694,2.2501232487881,0.504646226103286,0.589669127323198,0.109541319229913,0.601045276521079,-0.364700278220039,-1.84307769215194,0.351909298434892,0.594549978086464,0.0993722360416487,1.0,1
33929.0,-0.791772829469104,0.936910889365793,1.48805893431596,1.10842084329062,-0.0676400233212123,0.130667105052133,0.788916704066296,0.118740623694038,-0.0895028889166781,-0.139730029936513,-0.830207464865018,-0.545990706058851,-1.44159951232997,0.200665326755729,0.252645396578879,-1.03857524166901,0.599123817264658,-0.563435949900248,0.468986140852609,0.0170217320993509,-0.0701936842372343,0.0525253911186864,-0.152046338514426,0.061660512558573,0.217321469195583,-0.221789148218174,0.261699287408032,0.152149872936848,60.05,0
3744.0,1.3324506270126,-0.50816028795406,0.542925696208504,-0.69444162335752,-0.715076171973968,-0.0282921817611274,-0.872807983224989,0.076062163977976,0.390782394079266,0.385250103987783,2.25046421740487,-2.81533420308441,0.9658472660033,1.64943924225449,-0.256411073703932,1.2474455508458,0.902644333379948,-1.05031038660965,0.465465029497244,-0.0217099032147872,-0.193442860651469,-0.488273098951244,0.126422181914422,-0.41056713440643,0.118344795479707,-0.485331068032302,-0.0110871445787477,-0.0010953915607699,16.21,0
24949.0,-2.61567295565521,-0.854454590432179,1.44488463863368,-3.04185070406329,-1.38282092341103,-1.20560837707747,-0.985940747186271,0.855549853589026,1.86017297603855,-2.14317366597665,-0.578136413244625,-1.9403538824165,1.36415278974917,1.32839401767289,-1.66346908780781,-1.61433659499034,1.05346249916623,1.43595218740452,-1.33012085957405,-0.622650010608489,-0.57338165024583,-1.1135316940312,-0.0756611973262639,0.318101065316941,0.542363037587819,-0.460712217198855,-0.0070710035218968,-0.270803027011425,35.22,0
54213.0,-3.86656293905068,-2.69037585851636,1.38878392383458,1.75548935743247,0.430893450752379,-0.260271986059278,-0.012602088865418,0.505503638155719,0.0983256802215726,-0.666919922578831,-1.63430704832657,-0.382233907230471,0.0963961663737102,-0.0872911552183537,1.17303882898161,0.498985207270475,-0.349231599508261,0.827272145932297,1.09992781793648,-0.487313162531288,-0.19355923392804,0.350794578556784,2.64208171654772,-0.503063463408974,1.07364228936062,-0.0978869359919745,0.38355404041621,-0.366949886548289,248.94,0
80303.0,1.2205212060629,0.302922246672511,0.44872780481636,1.43408521716896,-0.295433032248944,-0.644164737632727,0.162051831602952,-0.172664268723805,0.240520968322986,-0.0882340549311127,-0.695767319295442,0.636819583530398,0.249525102215194,-0.036044986408472,-0.386432275237281,-0.448601840396661,-0.0355377568244849,-0.575103435868216,-0.0098499263218573,-0.148319904986558,-0.129131394006011,-0.137706550153703,-0.090147124281694,0.415899176678055,0.750605951877703,-0.343057763642745,0.0269693407862322,0.019119896930967,2.0,0
34733.0,-1.6543166251186,2.02898964440803,0.85356558835567,-0.123200984181416,-0.47748078128378,0.10534257274344,-0.668497670305397,-3.86097978893217,-0.264127330445511,0.0097845466957681,1.56115688200581,0.751818216343575,-0.544046230429435,-0.0004250606961513,0.15169926997489,0.587845474756557,0.1706803077466,0.40423687668684,0.0397167243589358,-0.777823245071782,3.59589310158241,-1.89681684548852,0.41129173140134,0.412522833519333,-0.173369192914745,0.0729941489798313,0.458153957500736,0.114183954013524,49.99,0
68602.0,1.09393040324461,0.422960621106459,0.795581141794622,3.62025434258217,0.245497128489791,1.19532673731199,-0.279141516808712,0.379770750678278,-0.517122736013301,1.01968462660013,-1.93468856960434,-1.02222412739787,-1.35641202415014,0.0759819727891444,-0.43149181745992,0.817882097573577,-0.432067310033368,-0.668049619883599,-1.08382911007205,-0.245703554560794,-0.408902294764323,-1.20194538990012,0.0797250338409845,-1.02869241535553,0.228875303580363,-0.185577676039926,0.0170678348430334,0.020914994724487,21.82,0
120506.0,1.57678923966814,-1.40867720466767,0.412870745661707,0.594288630841711,-0.738457123798201,2.59182162463841,-1.71385255221077,0.905358357836124,2.50183278316819,-0.514842677922735,0.0360352914803612,1.79926991986176,0.180149107126539,-1.06125621756781,-1.2962707353898,-0.896121191713122,0.41110000602309,-0.535038441110757,-0.337990783433078,-0.116375463848308,0.254707792020834,1.23141969865431,0.038570711636253,-1.56426479308457,-0.366401268871333,-0.0546034620628785,0.142153123990151,-0.0353908970822037,97.83,0
52681.0,1.10594888391685,-0.636964305525142,0.941763994016515,0.038612521855872,-0.945382945816123,0.56992313425706,-0.911020680943631,0.43870557422402,1.18395913239033,-0.293766824774392,0.582731307704203,0.462917819798869,-1.53390175791458,-0.0537630380438833,-0.56388844110157,-0.0489993708184136,0.137301334991176,-0.301545892647786,0.523590135837689,-0.137802248578648,-0.180002098439333,-0.377633947413852,0.055649479971318,-0.260392571923389,0.0197987914796669,0.977369833005678,-0.0351310482369089,-0.0019067185893065,30.0,0
28129.0,-0.665063545527636,0.993906319831754,1.60526304531338,0.0662031206738515,-0.0488688874788345,-1.25365606374788,1.009003985289,-0.533786839749118,-0.209561049766719,0.0909775201381976,0.0075624983861591,-0.253124450773394,-0.488389220809839,0.0379706928319736,0.734550557004918,-0.254801724341475,-0.255024389631979,-0.324611337941515,-0.206971403819967,-0.0735085196146377,0.140824091362676,0.423361213077563,-0.138824620933071,0.943261462872882,-0.358847631414016,0.212883979696808,-0.500215171414321,-0.0557201087635102,8.95,0
61918.0,-0.405584192235934,-4.00234863713444,-1.46518911345221,-0.919401377421124,-0.0120992987987802,4.09255913927957,-0.462583181705585,0.766337670135212,-0.366053468730029,0.117444473868926,-0.276238489032417,-0.538444473447014,0.40789094789921,-0.354968031641238,0.661995708515993,1.66178326017397,-0.161958359852839,-0.530885307614606,0.599473076401502,2.11497826774084,0.692157461867149,-0.240984009482414,-0.879388810327738,1.08212531809314,0.151339367928725,-0.273082432317096,-0.12463765623285,0.185319745838827,950.0,0
147347.0,0.444166049343405,0.807271376223004,-2.85138976936137,-1.55341948737185,3.77488374337493,2.61378171316308,0.910638560337778,0.591290603769813,-0.722197379447005,-0.815513323018504,0.215642978566159,-0.397147172589858,-0.470660369911563,-0.435374378834545,0.247946796579201,0.0157992831128897,0.434834372333272,-0.0827758651988656,-0.621559818364132,-0.129056169580544,0.158026098931381,0.41790201133186,-0.0115683405640251,0.644468139807646,-0.789237591826137,0.4188910505821,0.115859559765089,0.152354549525282,2.53,0
136967.0,-0.779196488286296,0.921722229657323,-1.2152725030442,-2.41678014083045,-0.173780272050463,-1.02960240225342,-0.118618390180741,0.64569335041962,-1.15343475061493,0.136689451429382,-1.55068829859634,-0.773987552796704,0.161276874893906,0.437125821620888,-0.56614566551576,1.40583723559061,-0.0243876790513601,-1.00369489646349,-0.274613596658954,-0.0341059055359702,0.568347212428189,1.50655270830219,-0.0541229179458626,0.516683685725345,-0.555901094354426,-0.215547103090535,0.32231055184323,0.228864388668148,10.0,0
72003.0,-0.793998905232623,1.09776972380826,0.894727312763081,-0.320000214245048,0.397415975897122,-0.0802801390247732,0.557826687959677,0.176993906096953,-0.292900074268166,0.333392355404344,1.01396364476528,0.171155713004661,-0.778935211000549,0.461149657471103,0.335964263647616,-0.0054802141944178,-0.42548145622856,0.0656261441844433,-0.0392739595414565,0.125936859910464,0.112046245353205,0.446683610973865,-0.134841275485657,-0.299572340872272,-0.349424774769308,0.328974181716887,0.326160135904069,0.25897936702791,2.0,0
156316.0,1.97344534942785,-0.755834932633724,-1.66988829629983,-0.638905571111194,1.66676963789139,3.92599098237587,-1.30640029829995,1.05911696928543,1.11076621737414,0.0244389959217927,-0.216892832190303,0.371019889853738,-0.0225679880496959,-0.0625469847053492,0.766751403438461,0.244078488288251,-0.567013849095723,-0.12815283929393,-0.392795378043737,-0.113789078361008,0.159442761346512,0.564980847593573,0.203908241977494,0.759715904010588,-0.244735393543172,0.589296404947946,3.09138498982e-05,-0.0532103724683974,10.0,0
93824.0,-3.63280894927825,5.43726336227612,-9.13652148062595,10.3072263079132,-5.42183029451154,-2.86481514933136,-10.6340876212042,3.01812657999175,-4.89164032107494,-11.2350479111446,8.78878366710272,-18.5536970096458,-0.339533407676443,-15.6231873302985,-0.188978574214972,-12.4279613630565,-20.1590474539227,-6.88889109280947,2.58609321670737,1.35406479520345,2.30988016889674,0.978660126299279,-0.0961301444473713,0.432376722544823,-0.435627929953396,0.65089278643537,1.69360750804844,0.857685371687245,8.54,1
130859.0,-3.06873221243973,-0.135345677869838,1.54331164617224,2.16542242270865,1.85746633124732,0.555444696418886,0.14370204456962,0.800697648415422,-1.47354425077975,0.25786055999785,-0.609777354399257,-0.147530587486925,-0.757336647426084,0.127258406559501,-2.49274499003777,1.96988601358501,-1.47746042466104,0.0628944593890847,-1.71820585709003,-1.0456006856501,-0.590150689035313,-1.27653680034774,1.24131071893614,0.0463135654149692,0.814896008806865,-0.530614574317768,-0.083817852587466,-0.174801691948189,3.04,0
10519.0,-0.673068937302192,0.597011165565088,2.16112831350433,-0.56074534723498,-0.284448910241217,-1.05560606060768,0.49928947169435,-0.161995609152654,1.44891291706246,-1.43984822845248,0.468758406483204,-2.15986606031491,1.3387044461699,1.10512937163015,-1.72163942972133,-0.399505717033118,0.872709937347998,-0.515155387360797,-0.480615394689033,-0.133403880171818,-0.135978631360108,-0.0170637175719919,-0.16403902422739,0.944875116050675,-0.0149898307501418,0.88739624298029,-0.0313030853685547,0.085654088251572,9.8,0
94452.0,1.95468163501271,-0.859290170621841,-1.36448977066503,-0.0278221138050965,-0.59925783447084,-1.16956940365462,-0.154230469001656,-0.467258245034882,0.980910101702416,0.425641715889939,-0.282728786515825,-3.0982615984741,1.01348338211243,1.99437048302526,-0.0093749885381436,-1.64254937600688,0.494670845222222,1.75252488421274,-1.17376120787744,-0.500146268230793,-0.212828776998595,-0.062348953936106,-0.0229682126745503,-0.199321395462027,0.0732603863985777,-0.148394696505041,-0.0510472452774237,-0.0420907371090068,127.69,0
66919.0,-0.433722451259272,0.317645117131793,1.43338528297977,0.955594994723836,-0.735716469595405,-0.68357132515469,0.668811930857965,0.0407085024339379,0.133869313252882,-0.328102152621001,-1.05714875431675,-1.61374205702441,-3.44934147288109,0.663879975640542,0.362581625008729,-0.801783369982398,0.743282714514071,-0.0558908611818596,1.21847289251882,0.0411584471059505,-0.0035160092971647,-0.130759674760009,0.134866719497447,0.678556042033464,-0.352515200614754,0.426789710444154,0.0628914091735784,0.138719617423472,94.0,0
147758.0,-0.515170037070993,0.494313552244707,1.40736824922169,-0.857316121211369,-0.0348128518168322,0.0994828276675659,0.149252781436618,0.334458764510195,0.33287289440254,-0.404348396442885,0.0058668297778321,-0.350235166270241,-1.49614596484017,0.176268637195963,-0.294055256313041,0.636351460842121,-0.859056367085131,0.97849122860802,-0.0682310914551785,-0.027970808873516,0.284237216325928,0.953699555526668,-0.338774312061825,-0.440437419195628,-0.162234674272934,0.667355957149849,0.335224195024988,0.18351853590198,8.99,0
75167.0,0.0958445116112903,2.29617824944046,-2.08313315076708,1.56835457942036,0.819766447176254,-1.55537753006695,0.434797972627929,-1.85818325354662,-0.0820404169785491,-0.754306400721832,0.789728974463101,-0.313201269242962,0.143218742520466,-3.61680971628661,1.02116787623166,0.809381122632324,2.92249382786611,1.48007518256232,-0.47841741320365,-0.0722537759765409,1.35666722114578,-0.678466871542606,0.320556180351967,0.0156721741031173,-0.358028395003113,-0.385577708754846,0.432873777231295,0.0918224838483457,2.69,0
124130.0,2.12193518977356,-0.0866689198139185,-1.78493890901848,0.0900062920779799,0.539339214436109,-0.475423776719523,0.12873913227149,-0.202453943008216,0.730243183254688,0.0190542092810508,-1.40562702960955,-0.306372103224254,-0.450109770593199,0.567171904429235,0.956116141317919,-0.0107137217744763,-0.69002524585673,0.193578117440335,-0.0215544843847318,-0.23770091143663,0.192019222612043,0.657908579716784,-0.0381705445236886,0.0429177639905321,0.343503302757132,-0.0938879826785702,-0.0268889865971242,-0.0604757421255348,3.0,0
87147.0,-1.38816942127876,2.02681976722129,1.43832216852586,4.39486949036712,-0.368037388524453,1.35588992129425,-0.871125467223561,-2.59315826377745,-0.876361968455588,2.22368459014667,-1.20935965825764,-0.445977302820703,0.169341021645291,-0.272083289438012,0.650415438862872,0.0969745030779728,0.0495736220341975,0.522211172108204,0.692694832866022,1.26362484160132,-1.16268728854217,1.51289098456926,0.002318842490212,0.0537876985363437,-0.60563978133112,0.472531361404872,0.667232370709194,0.319379439653906,59.85,0
146267.0,-0.629285896059877,1.37978749908678,-0.297017925205877,-1.39329679516582,1.48965482338306,-0.885138671820824,1.87244400858959,-0.523914471377923,-0.590964360436635,0.141193554144417,1.11327309038148,0.731298001652437,0.265175231147018,0.446132812117889,-0.678330855417119,-0.630348018943261,-0.726160465233803,0.0042415761398995,0.279980430287229,0.248376456685733,0.158709291822277,0.782369409452987,-0.492603469302938,0.834801829874138,0.546615630399798,0.155325007239018,0.0918485478049091,0.0026827041970631,7.57,0
66738.0,-2.07592694857057,1.86140425966554,0.33544321986666,-0.658797989222927,-1.22649927445332,-0.933999825538005,-0.538339977743139,1.46363285803771,-0.186270868693389,-0.504508875491186,0.526609393473965,0.639305209327389,-1.4551815499365,1.18248594052216,-0.951035889781371,0.514855920176096,0.100225859429839,0.0936318881338266,-0.0757232835587164,-0.142954860592292,-0.0766078824129239,-0.418141584291068,0.119923703730941,0.506078490106857,-0.148346312260062,0.283799468750872,0.123883233708284,0.102438769717799,1.0,0
166491.0,-2.79474475640575,3.35746996910571,-3.11149104761371,-0.122168645245817,-1.24907957430985,-1.68452612670398,-1.01873106887615,2.14877884811892,-0.524360155278487,-1.0599978531915,-1.08545991808436,1.49978322172691,1.86782870293694,0.36060325931984,0.364728766040952,0.657801520413101,1.37504447972709,0.731388113529424,-0.310367808426199,-0.218032358084257,0.451890009216932,0.979533565066175,0.145343727580698,-0.0714095107979778,0.0117289866633204,-0.138152482192996,-0.273935824631059,-0.046355652616476,13.58,0
87857.0,-1.80539831443844,1.78585250824487,-0.178694227179612,-2.65345107605001,0.0930208896081486,-1.58455101837186,0.906220492765468,0.241984413262263,0.736966663782535,-0.20606689870249,-1.10488272819841,0.0455705921390462,-0.461239154333216,0.275897273815771,-0.424540571014771,0.351068727430756,-0.669573791748273,-0.793569897517244,-0.891523891570671,0.286088492313402,-0.369574896530764,-0.90044341662874,-0.043717604505225,-0.129163585444117,0.143633406705535,0.399706339697803,0.518566885876357,0.343877389102725,1.0,0
165051.0,1.53828806487899,-0.0100240532523622,-1.78077115211527,3.8072044021026,0.81441412612164,-0.191357162217232,0.989436679351178,-0.24782033869972,-1.52702233055994,1.61849032331037,0.0585483428318275,-0.045348494182733,-0.831026320464528,0.934058736590639,-1.8502715841008,0.575002749263001,-0.843914444926067,-0.014363813974024,-1.00635076280365,0.104667118850874,0.270651381080791,0.306028434641896,-0.251196448928036,-0.339173317070814,0.329996454810239,0.151682748841149,-0.128512397224272,-0.0446150775887473,224.15,0
241.0,-1.14232093108918,0.626404913442672,2.52691695277591,2.82797270628491,0.619263138091294,0.897473007435987,0.536277597522659,-0.0601631574142597,-0.813748587350364,1.42685913255743,1.20025966772766,0.0942292907655487,-0.633967682355432,-0.321429686954772,-0.117594042411491,-0.722018602060958,0.241443965806781,-0.264653094872861,1.22959148054341,0.263685556196764,-0.309746479413163,-0.269173011558445,0.177396349600755,-0.0195779129856252,0.0486506379621992,0.068830507176749,-0.24650275162834,-0.230836924381726,10.62,0
41194.0,-7.89688615307576,5.38101952251685,-8.45116161458266,7.96392808742307,-7.86241943013129,-2.37681997521459,-11.9497234569249,5.05135567269165,-6.91207600938549,-11.589748311433,6.64520072606617,-13.542095596465,0.888247918839909,-12.623316046432,1.00275519562895,-12.4322791426353,-23.2415971479491,-8.49529893803197,3.45394255518458,0.645974321869431,2.55794395644985,0.926277883497588,0.0327949396062788,0.638072585685807,0.361887213739485,0.444576520477986,1.10192314818996,0.205958012508108,1.52,1
76857.0,1.14020795371139,1.15643107873873,-1.47157796740819,2.07627840454674,0.774809058745551,-1.00253195191231,0.264947929409663,0.0131622605764724,0.248835339320523,-2.10066651278309,0.763204840843787,-0.94491647902938,-1.41903447142202,-4.68361969585018,0.51928230124953,0.908454083367609,4.13366666889167,1.30620452511785,-1.09471647432252,-0.125097258302807,-0.387894980568907,-0.866811936205838,-0.121582639900783,-0.356108586349469,0.634572810783188,-0.306311023397994,0.0940868179231164,0.121064728484123,1.0,1
69990.0,1.21406406244754,0.228109498775551,0.255708876527051,0.653693089141202,-0.283539830463293,-0.629829507575604,-0.0679076525152387,-0.0016128617181122,0.197784006534386,-0.293611185582826,-0.0352252606568504,-0.273155703949169,-0.909477672133755,-0.0373931420427495,1.46815519553718,0.238315506321452,0.336769466914153,-0.611408620715613,-0.548921059917861,-0.185800355092945,-0.273355840796703,-0.806427756578838,0.173035190592303,0.0033351475906103,0.105871171319573,0.127953000902451,-0.0137123657706625,0.0248587043077303,0.89,0
125088.0,-0.202423838765815,1.13976759983651,-2.57175470648065,-0.478937730379048,0.707022798352501,-0.955718327030735,2.27738549774782,-0.30058533649028,-0.787611407453002,-0.270144824676105,-1.3236376700131,0.315679471324213,0.713451265948071,0.839293735648382,-0.996974229279018,-0.62083194129859,-0.330737723318889,-0.454761504710845,-0.203861809565161,-0.167911791114254,0.498129917087355,1.65428249282407,0.206233425353017,0.696558675870757,-1.02634711548663,0.357943006801703,0.333502406644993,0.267554045658558,192.65,0
137537.0,-0.841584052969299,0.757052445111354,1.2128066926288,-0.961891923618209,-0.529956063158198,-0.244794992802652,-0.174900262661472,0.683474514688073,0.363716471807787,-0.897832324221543,0.426803829524094,0.723042040017002,-0.523634707544236,0.276494875907842,-0.581149240049357,0.318045079687293,-0.516567989087749,0.744350306495219,-0.0998056511325648,-0.127218395222055,0.313714760448056,1.01198201284451,-0.193139433519874,0.0467324569968217,-0.260052878805126,0.084272837279473,0.277238171221116,0.147475006636506,5.0,0
19912.0,1.46151216572631,-0.687758745186399,-0.944643075801322,-1.43137300142566,1.50011404572751,3.48597993858479,-1.23117017775461,0.751679669371453,0.710073125446483,0.183118113831782,0.581160027574026,-3.0139650559823,1.63615496796988,1.10709154932304,-1.03961394752486,0.872870774941725,0.912291947764214,-1.05212678922137,1.10998002514847,0.11652429561538,-0.228148473239656,-0.457089833585989,-0.0524451835278929,0.969250387731349,0.695689446839467,-0.267125216471925,-0.0095831589695623,-0.000787235933064,5.0,0
922.0,-2.84293191069741,-1.13890482889732,0.802236148470125,-0.092841031796747,1.59540471533759,-1.58069907017515,-0.16121607644938,0.26317838564751,-0.34021335089023,-0.745063207257977,-0.824800432580327,1.74375910668946,3.07836624522786,-0.434152292591262,-0.467474389091022,0.193634614569599,-0.518692529105189,-0.677220961970314,0.0704376833180048,0.0984608001095885,-0.177517342998394,-0.222917960968376,0.994232975224427,-0.0530785532891134,0.256119900293892,0.345881246135962,0.1995384554331,-0.008817273231297,1.0,0
84530.0,1.39176500095264,-1.0812152436375,0.539406760818141,-1.30021225195673,-1.60622741856085,-0.95252101107897,-0.824284645549955,-0.268126062500676,-1.94557441474882,1.36710785828188,-0.288930063992251,-0.449661212435271,1.21407169994293,-0.436447835843139,0.591763276407107,-0.292310814247543,0.432223497165835,-0.310632138082826,-0.17659506659685,-0.156940778338969,-0.409676488317639,-0.94698003653782,0.150439081538392,0.345858832003733,0.120726138026779,-0.489082473210397,0.0284374722169447,0.0404721921800845,74.85,0
45360.0,-0.414913341932335,0.913781368396039,1.11073739893856,-0.239087271331978,0.709214267542141,-0.4446989213898,1.2588798253023,-0.343342206406029,-0.579174426906457,-0.142036529953849,0.952125143975406,0.931742446253388,0.760304372685016,0.0001787696009602,-0.661671027198334,0.422668694265904,-1.32053985086523,0.390716095004548,-0.700075740483587,-0.100277304204209,0.177393608269347,0.669926483725205,-0.144326108796305,0.025375768065371,-0.367452516515751,-0.671141677992511,-0.105671955008488,-0.061629465466721,29.43,0
154599.0,0.667713641374798,3.04150237620527,-5.84511195572955,5.9675870384467,0.213863332794167,-1.46292281110712,-2.68876058357809,0.677763512400754,-3.44759589638668,-4.70757080611204,4.90581986504193,-5.20837397192841,0.532498380473016,-10.5440113995705,-1.3074187011067,-2.1335934878907,-5.13308149079721,-1.06215078075411,-0.819371096333784,0.558424597641949,0.32976014592914,-0.941383471890008,-0.0060746623400234,-0.958925352213278,0.239297864946551,-0.0673556786513241,0.821047585911653,0.426175251596766,6.74,1
39956.0,1.14064327068503,-0.162390351805204,1.14851815012893,1.15770832051674,-0.865213306727963,0.282836958635594,-0.756742240926897,0.328071979057355,0.835236380581566,0.0045790011725348,0.411985391819613,0.428963719365157,-1.18554226876463,0.0532700976681917,-0.367987252824811,0.425326415380958,-0.550157995780695,0.685111374484638,0.211198301603456,-0.19750945175259,-0.0486373849391957,-0.0165299116092531,-0.0390533360362971,-0.0191160416073318,0.38996996707103,-0.401896724716349,0.0612656448179865,0.0215141524322471,4.99,0
47886.0,1.07525085683196,0.344858372217674,0.90196194595746,2.7665019634626,-0.318287355029361,-0.0819843518837914,0.0472377426697902,-0.0739633933970403,-0.355765294332242,0.460714751667306,-0.813875057024795,0.794872798985254,1.05016958325558,-0.42305331507845,-0.996656523818153,0.0759108799940091,-0.223455296498238,-0.65835335323779,-0.636689126180126,-0.0174912937911839,-0.0619768213788989,-0.0282486019320514,-0.109710642748125,0.440785769323592,0.613574399149077,0.0418876170008074,0.0104926697411219,0.0313907338636811,45.64,0
61530.0,-1.47953968991155,0.96827529656638,1.11115912291802,-1.56515573291598,-0.0761845954157881,-0.233272432119297,0.146225706274754,0.553882954332745,0.286264716729395,0.042834788478388,0.938176893265011,0.108961170870211,-1.14592540595361,0.34493804526352,0.23801166434528,0.654531865611339,-0.656698845926144,-0.0729186170258991,-0.67653382779745,0.157634875969825,-0.113888430352179,-0.136925819906599,0.0424497997048774,-0.316021430198833,-0.316109021134098,0.741253035789911,0.177282549270551,0.0205084066379167,2.22,0
77064.0,0.44506675573307,-1.10422887749768,0.398425921744264,1.58144460129228,-1.12543906802659,-0.510577592608469,0.223956014347404,-0.127393764219507,0.348462583540594,-0.119688935167779,-0.594163347666949,-0.274648023510576,-0.654603228264369,0.374570344839098,1.34627022244514,0.523436062019576,-0.549183633742223,0.411906171965298,-0.758791187517623,0.616434968307163,0.386521811678223,0.238126845274901,-0.434047037743649,0.383651015254364,0.377323780896317,-0.290142113267844,-0.0369508124349401,0.097395561202135,397.63,0
65269.0,-4.63000074855709,4.30785106414498,-2.72070577923644,-0.176893848568078,-2.37895476565777,-1.01951762946012,-2.13160880454383,3.4118477592179,-0.479748030095916,-0.177803660458635,-1.83139072004322,1.459907775677,1.63742918566721,1.38562745940323,0.659895924529392,1.42817139201643,0.938640295493356,0.217272714634681,-0.0356720264060895,0.213465451025207,-0.18468820968995,-1.02761768929712,0.323757961794833,-0.524497461906199,0.519513028113849,0.169589199268892,-0.0057380924319515,-0.0049552910615727,13.98,0
146638.0,-1.20875641980182,-0.107414433308043,1.83736720623022,0.473656699565972,0.845677319255762,2.55523075207593,-0.306620713496003,0.914288796168522,-0.860137537510849,0.305273853247008,0.573251300757278,-0.431591109940799,-0.950252514857745,-0.145844875166295,-0.0553974279474955,1.1050962811846,-0.367557893977459,-0.95211563637233,-1.84448957060477,-0.193564532054083,0.0883465971530612,0.197163628835114,0.413862250483626,-0.697936087863779,-0.988175953110251,2.13202801982058,-0.0767267479887422,0.08190051095934,74.36,0
162313.0,2.05520188201967,0.112872146022207,-1.70452753312177,0.434977455289287,0.368631072096301,-0.902517490637517,0.181483945655639,-0.22701454796585,0.527986726153875,-0.375168240160033,-0.580540336879805,0.0268035291702719,-0.185986334921422,-0.791423605771572,0.230974497239302,0.319648593215202,0.4996605321794,-0.286274476266925,0.0393997676400495,-0.154504774003381,-0.35987249442068,-0.963559976876708,0.338874936315884,0.561801278165424,-0.274082370914407,0.169502399570488,-0.0659601018332466,-0.0290871444089956,10.74,0
76536.0,1.17237446979849,-0.0803761367724992,0.702829323333841,0.830867327165317,-0.742663066786519,-0.4171022779206,-0.27910051693255,0.0701294208691605,0.450296449741092,-0.0229411088653193,0.976885663453776,0.857117069689772,-0.885472334548739,0.156397548151162,-1.04004316544132,-0.197166832234729,-0.0462802124725285,-0.050702986716453,0.404898008979555,-0.169777644372872,-0.0329815414454316,0.0891201309523654,-0.0652847751919605,0.577739296389674,0.505733094028598,0.410945159331823,-0.0234295708235086,0.0007582669994674,3.98,0
153799.0,-1.44671610391577,0.0348915794197302,1.21816099233727,-0.208565190271253,1.44343669147612,-1.37594372781662,0.439610578928874,-0.216756820068466,-0.444386328943167,-0.53771574450754,-0.961203360774208,-0.0720329554855831,-0.0195264160329342,0.184456407682875,0.165162135620428,-0.290563456222873,-0.153953702439825,-0.622581531868141,0.772523062175835,-0.171015804164021,-0.330489461380148,-0.884086200341778,-0.454305656713039,-0.068956396612084,0.411735741502385,0.408782937867312,-0.0127873039130597,-0.0113324285007519,21.03,0
76627.0,-0.304311807023811,0.94757774201131,1.4827876971416,0.786227416978078,0.339347763140424,-0.0591975228895093,0.71860019560977,0.0404512495971421,-0.337144985645159,-0.562504715505505,-0.607646544107593,0.482597991481359,0.281967909063084,-0.146550235108406,-0.360257429866872,-0.836982721460571,0.249960538464453,-0.875643136338548,-0.228691724871602,-0.122365135631351,-0.0288834703144319,0.151610061886333,-0.219457215263165,0.101185411196953,0.241546511706282,-0.354059377301034,0.0707654780998596,0.0216257964619167,1.0,0
21662.0,-18.0185611876771,10.5586001882538,-24.6677412485732,11.7861803616399,-10.564656569212,-2.64568119936245,-18.02346767268,2.69365540308048,-6.21946362785238,-12.7447607871859,9.31813768535999,-13.3778574339457,1.02192386777466,-12.7843458873548,-0.451145843251939,-7.55136493140559,-11.3259968724596,-4.70125277749548,0.516317073274611,1.00770320533757,-2.31947946208034,0.908838783150801,1.35290370698024,-1.05922233762791,0.185750941504222,0.687037383632165,2.07808058379956,-1.42951702264525,1.0,1
58053.0,1.0954010635927,-0.533432811067365,1.16649121266674,1.45018316255688,-0.546506722624967,1.77587792342308,-1.11296288573405,0.555264435272652,1.82919950801535,-0.436288495792005,-2.53440610602288,0.288826013662636,-0.194589815735697,-1.09653053813741,-1.21643676077499,-0.390940554938612,0.0978620387357186,-0.180700230275507,0.338757563616759,-0.116653040326077,-0.119692255749358,0.137911354928482,-0.259400124963052,-1.27841284930419,0.654579168242816,-0.110601587763229,0.117285607325144,0.025266733510455,34.9,0
155957.0,2.01040190563683,0.117963908752396,-1.60506154649108,0.33426214252417,0.436189347541364,-0.568577397886207,0.086158767045783,-0.0868550913427558,0.189163985687153,-0.224249817691331,1.37623287016994,1.02429402151794,0.151634353153007,-0.672616147630658,-0.483602926671554,0.392529252915801,0.332148944642404,0.0151795094334555,0.201796285337754,-0.143214933954543,-0.292796248110289,-0.758856778268518,0.353465079365279,0.615949222696053,-0.320165928368556,0.147537755396226,-0.0617948870415045,-0.0388970947843792,1.98,0
160205.0,2.02504942935969,0.0774045564102412,-1.41075786890231,0.622064193436456,-0.0578152868698085,-1.25340583232368,0.0381961543767662,-0.251612248430087,0.966017064226136,-0.581898876771947,-0.601274293650342,-0.0463904110369335,-0.518272028568228,-0.928066409776802,0.520918754284331,0.208597535590665,0.572065120856665,0.351111470253421,-0.185550897898591,-0.235369286329179,-0.0685720317868895,-0.0084955731038278,0.135699974988387,-0.138850837294032,-0.0004452516859299,-0.336317814883903,0.0136205846654388,-0.0230058246565497,5.91,0
38451.0,1.23977429494485,-0.577522819262449,0.848404983008418,0.340247987101332,-0.549933566405961,1.3728069738995,-1.08890287850669,0.375869654619242,-0.579986829763821,0.752415429938257,0.0344438929092817,1.15107604272109,1.55845959831862,-0.584276920532132,-0.498972416561387,-1.1918426872213,-0.468072158345179,1.56401111152886,-0.66568184291986,-0.433789760527439,-0.404563316753348,-0.455837028292567,-0.0680746331797871,-1.15223195496679,0.38582717119299,-0.311799992378487,0.113838933619409,0.0217627146609568,18.5,0
83421.0,1.15831070553433,0.0394816685456661,0.557595165780888,0.518929805165827,-0.479053637349467,-0.352969256738134,-0.223428692340739,0.158426722659075,0.0113353515401052,0.105914500943093,1.6120891984837,0.354463705823705,-1.43466286178587,0.79683423432285,0.745017061986743,0.222774635713017,-0.22921979859137,-0.364954064585522,-0.253877886207892,-0.223297471880146,-0.183091796431424,-0.611892996750571,0.197930443585433,0.174846084234196,0.0327572378909464,0.0995556345250045,-0.0266816389534453,0.0040750094125668,1.98,0
158662.0,-0.829041565762534,-0.0435189318834147,1.72446801900437,-2.4886957838906,-0.381931891861117,-0.872685153096711,0.331618413303592,0.0404983546539518,1.32788541119122,-1.93252528176478,-1.04200073877901,-0.412189991624598,-1.30208819188226,0.0735665256091713,1.12889110164581,-0.450370510627921,-0.21017074174885,0.574175695305994,0.404807504784248,-0.0070399532694403,0.30623541837513,0.893602114729466,-0.45301693058966,0.0213964410357932,0.756703779159104,0.0904362457406452,0.0335454244283541,0.0576401594524144,42.08,0
154493.0,-7.38154698606367,-7.44901515872674,-4.6962865237175,3.72843914957409,6.19830434711234,-6.40626663445964,-5.83145156036761,1.45717491941563,-0.6462025802667,-4.02912871953916,2.52894302060173,-3.308721722205,-1.99200968898389,-5.75721608217278,-0.877323474271716,-1.54755182348258,-1.90901678581052,0.500567470429737,0.136722438174659,2.93275812573212,1.17657484784395,-0.978692051214679,-0.278330343454922,-0.635873793806618,0.123539440325404,0.404729308452323,0.704914653621431,-1.22999168169143,35.0,1
19913.0,1.39632364903178,-0.481098082364913,0.630109190951676,-0.244255043978206,-1.08247935465366,-0.782327089489275,-0.685068673821886,-0.214074212185243,0.933544686978086,0.138187337184002,0.246809993518412,-3.16388273649195,1.07876920144891,1.08733917885866,-1.15973914802793,0.577132683741689,1.44492272097191,-1.42005290249413,0.741981807330732,-0.0357865079371573,-0.179178585470178,-0.2055994937678,-0.0143254835919371,0.342026452642487,0.514702386440794,-0.280965205278031,-0.0168657650438481,0.0055855792104132,10.0,0
159137.0,-0.820995680742798,1.97874196867531,-1.1391871289247,0.171820194427385,1.58453127778868,-0.855897316674454,1.19813144328092,0.229134816889543,-1.70723431007486,-1.79447312119709,1.6715497214098,0.141574809228256,-0.0715406322300795,-1.97109240665396,-0.324825245962071,0.0869215665957562,2.5740454748331,1.25184602598154,1.03887629891427,0.0883776028082646,0.0461002234432555,0.096208103747951,-0.631203791282204,0.56037934076068,1.02689383050156,0.969181376836744,-0.144021155407441,0.0190092107210105,0.76,0
22575.0,-1.69251491953169,0.841989552830107,1.93796920600501,0.412308394639331,-2.65781652812472,2.41335463249008,1.9053604693271,-1.2010059583258,2.42340665886301,-0.688098941374757,0.92081892010741,-2.43638716978691,0.165744992364596,0.48326920204569,-2.72406712245233,0.375287222723829,0.0506743686712754,0.819928715146557,-0.41665255476299,-1.11929564904655,0.377329881866675,-0.191659430912749,-0.499142257391434,-0.0386079989565321,0.0558417039889583,-0.569250061176324,-0.242138581946779,-0.307443853218764,498.86,0
87812.0,-0.659293759108576,0.870027197123708,-0.220402931485584,-0.706610495233187,0.567441083995241,-0.642951658059101,0.616464415458413,0.391532309379802,-0.486628469088072,-0.520923996589203,0.236858392071011,0.924670365138153,0.0335014670758644,0.629991892155336,-1.39989516115759,0.0441144262867863,-0.456711271740504,-0.181415910217694,0.365906611799388,-0.0398318712294361,-0.0546392805872783,-0.168705454639613,0.0836439638142659,-0.380730473148098,-0.800551268553731,0.159272672073863,0.267813682048141,0.164655961174089,18.52,0
152213.0,-0.163985361554307,0.628001926863028,0.0680523085772494,-2.37049780969797,0.0252847428181791,-0.911117690577742,0.335144135334088,-0.153407159554801,1.64902266697823,-1.73935225838159,-0.643902277347136,0.66081706317574,1.14452060695311,-1.7929325412581,0.88185750212666,-0.0392445841492495,0.34125636018748,0.889397018797581,0.170711297695114,0.069389472455033,0.265222006226347,1.10811834181328,-0.279688289391525,-0.433007707376295,-0.144058626603823,-0.107226468776102,0.104210848955741,0.13322271153345,7.86,0
139745.0,-0.245700110286954,0.202655018299461,1.10140346637212,-1.06289945773745,-0.516784837300039,-0.659012149409642,0.229934363897819,-0.112441933545422,0.712685938903615,-0.721615972702225,-0.914515507885582,-0.255110680473042,-0.193019304617207,-0.0372326798450454,1.43499982023077,-0.193030676015015,-0.200650986113841,0.443510394512481,1.11110489291656,0.0179673786642887,0.294971033859046,0.96532247213746,-0.0369843305871466,0.0531041072825933,-0.831765031061628,0.794586098210769,0.0500939022007825,0.193812644750739,45.0,0
148053.0,1.26132423719507,2.72680028914035,-5.43501891203698,5.34275900861121,1.44704301840055,-1.44258408548501,-0.898701853990691,0.123061977888509,-2.74849590498127,-3.20243612238872,1.99136063471588,-3.98641621648026,0.577206841836268,-8.48579450596077,-0.794782274727006,-0.66613426737281,-1.37262938444618,-0.10431295585569,-1.46691055321726,0.313331634515096,0.209086136071647,-0.425937610932652,-0.154439525696635,-0.0188195044268996,0.632233951218357,0.192921615175897,0.468180887290157,0.280486470872693,1.59,1
150577.0,1.54075706327857,-1.03283137318648,-1.37516157596824,0.551268861057106,0.491902223384062,1.46528114327594,-0.0958231032587537,0.30629482717064,1.40498360572878,-0.562922070720986,-0.997191568065792,1.13316964367052,0.14360754529475,-0.235637239884719,-0.719538416746036,-1.75356649722957,0.940758267368709,-2.1528435011866,-0.302052712591924,0.0686692913226082,-0.180855516500553,-0.434042043435479,0.145900250603354,-0.548117237344754,-0.197871278486815,-0.444050467811854,0.0277767729149,-0.0240988741959154,193.6,0
141169.0,-2.96554253354755,-2.48544020647002,1.22310423336107,-0.540859301941742,4.25818626046599,-0.29406063622685,-1.44447359578457,0.907365737905502,-0.250356913729144,-0.781925525065389,1.00927197965158,0.35190172367551,-1.14343013882641,0.904053344195092,1.11983373168322,-0.437163597292619,-0.0638372807782435,-0.935566045994816,-0.633468723058424,0.642850752307606,-0.0699015923403545,-1.27999703313763,0.556162958222925,-0.948662247098428,0.216005630811623,-0.674563874186821,-0.0541356435070229,0.105412386398133,25.83,0
31434.0,-4.62186883467247,-4.93483201278813,1.97216352981081,1.73898451752126,5.78007252167918,-2.53447926641591,-3.49812564890076,1.00828151500412,-0.245661415422159,-0.331652357953635,0.887821193808463,0.24107258251905,-0.706504426705408,0.23478881582165,2.70275466655021,-1.35241324367225,1.78066626324387,-1.80564230137001,-0.929158310172312,1.3838176734372,0.365881649036697,-0.554380122504513,1.11543801461908,-0.717995695965434,-0.102233828006645,0.340384189852066,-0.103139412369913,0.18470464810668,12.15,0
123173.0,2.35476071868701,-1.28485105111897,-1.18878891746615,-1.64744938163117,-0.9353275273236,-0.57771383730789,-0.990244294109391,-0.262141873875455,-1.24412619356579,1.56555201454066,-1.56105706781075,-0.799076735372327,0.919716374519461,-0.507485581434771,-0.16521554816957,-0.489151000256325,0.283872570407896,-0.0475675985737603,0.0804801255431541,-0.414280574819646,-0.211323522580238,-0.0345676656971585,0.142072487256067,-0.781433294061291,-0.0664072755854309,-0.111368801562402,0.014661077070024,-0.0596026243817131,10.0,0
102542.0,-1.45687631770562,3.74030556080113,-7.40451844591174,7.44096403590735,-1.5498779534738,-1.66169686169337,-5.75721301357641,1.61501101078404,-2.19488072574389,-6.80713525144464,6.82579316213884,-10.3997491177692,1.83644883978883,-11.872845098188,-3.6423925983095,-6.0441031440521,-9.75077638654123,-3.11637225405711,0.0653171492484702,0.529557330911833,0.957897451629944,0.145339479676781,-0.0447039008346728,-0.544961671329029,-0.757756535554721,-0.005352369235898,0.318152285707546,-0.323553622642371,2.28,1
47778.0,-1.05867530358824,-0.192480517020802,0.343575732734279,-1.76585947958738,-1.37694759363882,-0.449782006461346,1.24942542742446,0.261129527961177,0.38677042762117,-1.96867285816572,-0.213579967234016,0.335588699394383,-0.170480545632803,0.625759070091959,1.71381638557216,-0.653885235978675,0.306129247774631,-0.275467128602959,0.409099118632104,0.504884622579753,0.27448365229718,0.202791311146713,0.639227046523486,0.0791400467862515,0.148877726613825,-0.0089532924948962,-0.198672115189402,-0.0253214109020679,319.75,0
67500.0,-0.980009188307869,-0.139181786113265,3.22553230598715,-1.50094983670214,-1.36913609443099,0.380778678841699,-0.642524827535673,0.311296706929563,0.281922873076705,0.374570833548577,0.55422586302907,0.0175582555702993,-0.719273185758859,-1.55900562419465,-2.56655981551287,0.754683143659181,0.410566242241914,-0.839830388302588,0.654395121981179,0.351922318981699,0.117261617534239,0.901591738924265,-0.416816580184499,0.589788925933974,0.504718580164761,-0.16508947191958,0.284242556324286,-0.0392382518430019,6.6,0
56685.0,1.16860170209566,0.193423215524737,0.49403845194472,0.669303755018392,-0.374290652866801,-0.738006296842926,0.104288784530039,-0.138384484256287,-0.0644807543799839,-0.119142435625837,0.319098073360197,0.707930768769596,0.509573140558197,0.258747099985322,1.12176741167949,-0.198154854185897,0.0042160635507033,-1.12798718487928,-0.596224809188454,-0.0856944430627505,-0.139897540108199,-0.376569451864983,0.131327005392963,0.417648150578342,0.208920787817445,0.17987652349629,-0.0188161752540861,0.0187818018192763,18.79,0
163817.0,-0.573153705238695,1.07493218965708,-0.82375064227282,-0.487686502374397,0.610967625435126,-0.845020206461821,0.463725658128852,0.301539873602607,0.0509460625124346,-0.938869576718619,-1.02693445805618,-0.0918676346972252,0.0727416663950408,-0.893550507406523,-0.225386954792436,0.526385592979954,0.47413982174925,0.356742312570835,-0.416320482005419,-0.11652580266884,0.117444773652549,0.418921402232487,0.241144472558396,0.599061448422329,-1.15672694911176,0.240609575469362,0.236912336381305,0.279518118140994,16.02,0
143352.0,1.95504092199146,-0.380782710937387,-0.31501285338234,0.330155451931532,-0.509374248165253,-0.0861974531704895,-0.627977906310739,0.035993722083403,1.05456029821935,-0.0304413407201997,0.624995774387124,1.69149568815551,1.25579039668336,-0.253266461227142,-0.331694981045818,0.307252345680611,-0.930843691622862,0.651665792250448,0.167986640374626,-0.125389993522131,0.23819742366435,0.968304938456782,0.0532080152229518,-0.278601509141168,-0.0449993014469136,-0.216780337457094,0.0451682478186961,-0.0471447916624005,9.99,0
168121.0,-1.91733979085018,-1.12375788632213,-0.102606236469934,-2.41993034741738,-2.01998702804194,-0.175640511563067,2.66266956820232,-0.0462564193528813,-1.494818979471,-1.54066990242807,-1.20354208016034,-0.0183606825226656,0.45543607967603,0.300650401845227,-0.633535904129552,-1.70631265604655,0.166033799393908,0.70256025781961,-0.84409015526754,0.71128438546919,-0.205674085885651,-1.27635761421616,1.19793794874814,-0.087961546993185,0.820734756518621,0.469386630748658,-0.384007491420165,0.0143344403509062,620.01,0
129949.0,2.01182923652821,-0.159278387841857,-1.25871583116619,0.27010532621105,0.123207887641061,-0.481829497963879,0.0135449475569129,-0.0391231319712661,0.676007606520207,0.0669552530839356,0.726049892058882,0.753835149394165,-1.01295710944677,0.653987113784743,-0.627594049376967,-0.211756217654729,-0.427108457525929,-0.0639365229866564,0.53639162819458,-0.278391348859186,-0.205830837500833,-0.508956243765298,0.302746961596838,0.713593531763752,-0.101189627871297,-0.59238439684149,-0.0241847995720938,-0.0561291659424754,2.09,0
151916.0,-5.48803217118325,3.32956068110382,-5.99629608663308,3.6017196361428,-2.02392603601173,-1.73739347660971,-4.39685932040737,0.228394067739377,-1.67588392283112,-3.99178463209724,3.73703768128326,-6.15018666957144,0.28873807103962,-8.76069451926062,2.3446511946564,-5.14563785073948,-6.29347862779442,-2.13718660093444,2.99524475453849,-0.551121114938378,1.71963125994928,0.343209160294469,0.133583641611928,0.833339534034596,-0.839775663207077,0.502009639296227,-1.93747284570186,1.52121837279368,0.01,1
53179.0,1.27828080875933,-0.105296321486313,0.647242267568793,0.575109849078402,-0.503572484187637,0.0467665176381486,-0.476764503311662,0.0275041315754692,0.826424687488124,-0.231849155784608,-1.42841504080498,0.357820715657541,0.61722854856726,-0.476275462699658,0.0930283365606577,0.214576062294727,-0.431149603877239,0.0134824262316837,0.285181025273926,-0.0601518319027049,0.0018709476596066,0.277796849075852,-0.202053011266789,-0.3690358653972,0.59844019116425,0.667276698258368,-8.89852391017e-05,0.0084757093160192,1.0,0
18399.0,-14.4744374924863,6.50318451651946,-17.7126323688621,11.2703523334822,-4.15014206409808,-3.3720982088695,-16.5358068114174,-1.4439469925952,-6.81527289964437,-13.6705451263516,10.5452629545898,-15.0226996343749,0.171633085144947,-15.0663743633461,-0.259575939555838,-8.6687392723375,-12.8041408991277,-5.11662049533788,0.579200358016368,1.10124987016838,-2.47596222945688,0.342390706034285,-3.56450803816097,-0.81814019000188,0.153407682695978,0.755079460824454,2.70656616161759,-0.992916047059418,1.0,1
70419.0,1.48030367780295,-1.08472451816846,0.337872017590383,-1.50801880648803,-1.27427691710692,-0.40001192623254,-0.983948789195748,-0.179283644639551,-1.81075586927259,1.3716631691187,-1.03851987778669,-0.684185960669344,1.5011987576008,-0.583905089202708,0.731872845301111,0.023643168909595,0.0747355282363681,0.0984772441556919,0.0580143798410562,-0.157887735149137,-0.389077324677217,-0.820891240467386,0.0289036020144953,-0.476638647354522,0.255666486873869,-0.365574702894424,0.039257878547651,0.0305090352489618,55.5,0
71698.0,-0.539349159123616,0.464078982453191,1.34904242620805,1.05483960782116,0.165273714300976,-0.845504090474078,-0.104103285286397,0.0294808201945889,-0.588211519483247,0.605396925873792,1.64794976439306,0.757157771036215,0.150427704453774,0.418838922076278,1.04361732482049,-0.271079129080086,-0.0117077430084945,0.236975778714702,1.79799987317006,0.1740239356022,-0.135079400065925,-0.252354206839548,0.0631370535315865,0.553001914333715,-0.855161581162619,0.217072065614596,0.291535532280055,0.114601683992927,5.25,0
141749.0,1.84223675191814,-0.357409779042041,-0.556647638498319,1.49386239732992,-0.186895289008746,0.210644294642467,-0.269292261096235,0.106823852698785,1.23967841490832,-0.0352043720365089,-1.47024045104948,0.416375268699833,-0.641923398113443,-0.17675162419697,-1.05650286279701,-0.390858744389512,-0.0336619354461371,-0.826284112837301,0.186763978535458,-0.189406582477135,-0.506344406711131,-1.33248124452941,0.42422105595058,0.50635349313715,-0.333666872236724,-1.13237063006069,0.039690236129141,-0.0168192760395236,60.5,0
4258.0,-0.686555176702262,1.37766887033366,1.75686190528672,0.193965977361197,-0.0879434389267792,-1.04128804763007,0.677588162020272,-0.220954981155935,0.893071361100845,-0.406336557265169,1.0521431498956,-1.85076022597239,2.71980996285302,1.30688415523029,-0.0168583107666367,0.0026683261077662,0.385630217023187,-0.336521722126528,-0.349738314306411,0.244950588108117,-0.374084255554528,-0.654211544773058,0.0334575555089287,0.658090803775749,-0.170142300136961,0.0134197474750051,0.351868252991629,0.186338418444472,7.15,0
72151.0,-6.9484884565219,6.1029696798784,-4.25099826136522,0.822316359904253,-4.20166581334901,-1.51642553661171,-3.79024805299731,4.94644393664006,-0.872007997198533,0.117388769837625,-2.09439952392115,2.07169363610251,1.07615521748689,3.41755488203301,0.655941113938995,0.903073162123735,1.77286866079546,0.370278173687973,0.177052782353928,-0.525100180107128,0.607896265246332,0.250961221705629,0.610353188807154,0.363669345684644,0.295643878852362,-0.407728374408942,-1.99466754766552,-0.45801828729413,2.99,0
157420.0,-0.980797886904923,1.52725912782321,-1.79436584481068,-1.36487681503068,0.945990867248502,-0.824540581573267,0.895772824219576,0.494472314080651,-0.306354920477326,-0.0878840550451482,-0.0601880617603286,-0.301028457196277,-1.93653752817332,1.55312380179408,-0.584540390129363,-0.15522842517607,-0.465755299096572,0.448718900520532,0.246702001444461,-0.184555439823054,0.265172809114476,0.757963410017627,-0.164657848022194,0.220250068404363,-0.271885759902874,0.0422204558444216,-0.0576951609890788,-0.0494618602488307,3.85,0
33211.0,-2.07599324960251,-5.6821281043284,-1.82633125895562,1.11123143023983,-2.03872978052511,0.389462213972346,1.96569751422855,-0.291088204113557,0.0755073506768974,-0.799237980453398,1.08814263639527,-0.0384211799491295,-1.43753371091439,1.18750186346308,1.07930330892169,0.500319899566654,-0.224278713223145,0.332516222418993,-0.458309460628537,3.30027322421553,1.09224457589701,-0.796451470699646,-1.56094632583553,-0.172659004775457,-0.37105407233828,0.95780417160456,-0.410359495951989,0.278086633502968,1719.03,0
44945.0,1.15500845194775,-0.232250215046579,0.526215245114065,0.846836739088693,-0.808757978559904,-0.636648045016612,-0.177585502194241,-0.04243081796632,0.824565095788679,-0.207312587921076,-0.995172843399038,-0.217921801053126,-1.35257917133856,0.0687976292176028,-0.244188008525553,-0.293758031839694,0.17829964914982,-0.421828772600069,0.216967415081779,-0.123128163471225,-0.0844405274595698,-0.14572818516003,-0.10148305578257,0.432037111821064,0.505273470166889,0.543751976945098,-0.0396835998055914,0.0132028117721787,44.95,0
146781.0,-1.47241524304496,1.31808097325688,0.167805570439939,-0.707853104065719,-0.135718453571606,-0.168902612628382,-0.151021907940869,0.655649294005025,0.566407285990913,-0.236416590590578,0.859863979094823,0.0833654297884399,-1.04773471628551,-1.02368729104378,-0.239758889263297,1.10886567040695,0.203532968116979,0.87188468955936,-0.172518347896682,-0.0198871552404454,-0.260525160213482,-0.672151786577314,0.0890892703024435,0.615222732205588,-0.464296636582214,0.036554873426196,-0.596774325719222,-0.416329855171708,10.34,0
108927.0,2.01549866675527,-0.0276665288919688,-0.874636886577652,0.531564820349085,-0.108560037348054,-0.909216480200213,-0.0483379015788813,-0.24152171212337,1.64809515939261,-0.111536972908599,1.88972974144176,-1.65684825060274,1.02380754272835,2.02748878421801,-1.34119244853424,0.0619430887041146,0.260474179011697,-0.0602509702575317,0.201203829391344,-0.296747695708289,-0.388606899851743,-0.803108950972052,0.358029204003874,0.000579926165925,-0.383641852067865,0.13603628843764,-0.104944367238274,-0.0768287894226573,1.78,0
43594.0,-0.895281273873843,-0.242367230799545,-0.0245883938277361,2.31898816092857,-5.90933852455613,3.56043158995933,5.61285357785204,-1.1352191411274,-1.14986250177307,0.384447150980788,1.70192936349731,0.120307952820679,0.936210127602215,-0.390827270058004,1.00789479058369,1.031124317941,-0.734123664247912,0.627109184006795,0.913934392641818,-0.388492971632805,-0.122826377156179,0.860297787886619,0.723654577435113,0.66853862709166,-1.72878198991396,0.830782606256601,0.597088978674602,-0.331640504713889,1269.0,0
20373.0,1.20629993175629,-0.230346675695229,1.18629788570121,-0.440323357894607,-1.26640020463862,-0.950477363722586,-0.614414344122035,-0.162249370913679,3.01678063510671,-1.46873261954432,0.875259878330869,-1.42606061085345,1.97911691435832,1.22122849938873,0.464431653402954,-0.585857703177981,0.681434620912673,0.303491535202509,0.223468382961967,-0.129583233716176,-0.129824099546106,0.118053942207992,0.0016162380195482,0.687104534880673,0.444310636953923,-0.748011216912385,0.0681399560616075,0.0350131367119125,11.85,0
53418.0,-0.316536759963615,0.629052237930811,1.76878089284848,0.323650776250657,-0.204499138300656,-0.219025438682046,0.384729146312725,0.124330252036595,0.10660808171308,-0.668564110712268,-0.505472692182557,0.11584652368533,-0.672751457356059,-0.167203263270521,-0.334394562373133,-0.822715042409627,0.527025147264207,-0.90021025231345,-0.149164419939795,-0.153872510720413,0.0238876589924055,0.297673177125644,-0.165421604614974,0.454889303065068,0.0157539188800557,0.409056499951409,0.0252579624409458,0.0147837095035545,1.0,0
132766.0,-1.37695306563945,1.00810734415515,-0.47874635346408,-0.351904423915644,-0.89364538917712,1.28184982558935,2.93300271267419,-0.579043321438225,1.1002851133899,0.337892033311262,1.08710981015992,0.930889522486273,0.301229159298353,-2.44119003634122,-2.36961231424523,-0.301629910571213,0.571681084363017,-0.238501598308387,0.379675601859698,0.22504217129253,-0.830769340479459,-0.703970919200713,-0.173472227250443,0.666928456635281,0.221349716396324,0.0499051380519497,0.688174803974421,-0.130406029406172,431.24,0
12093.0,-4.69679522444504,2.69386747884008,-4.47513271259153,5.4676845487781,-1.55675807549758,-1.54942028904253,-4.10421487278526,0.553934075416293,-1.49846813107494,-4.59495176285009,5.27550585077254,-11.3490285500915,0.374549235103921,-8.13869488434773,0.548570894168134,-6.65359434741365,-10.2467554066001,-4.19106626655491,0.991486122257293,-0.158970548660611,0.573898081112651,-0.0801627753981571,0.318407817148194,-0.245862202650853,0.338238431564141,0.0322706213908033,-1.50845793363219,0.608074682590101,0.0,1
13504.0,-1.07900725623406,0.925160398991203,0.0559735929903923,-1.94275864212069,1.9852390595355,3.33478311612222,-0.502562595078433,1.30842662390162,0.98188557483678,-1.07700246322299,0.570061568254373,-2.59638593919576,1.67002604874014,1.77406850492713,0.0889414084736225,1.06772294795789,-0.252545993671024,0.419885607381433,-0.382552919900771,0.0304980154352317,-0.295733968097535,-0.919005773892935,-0.0018786510776194,0.959757648619772,-0.210827034586017,0.61969378442303,-0.0273252749992073,0.0882008393132141,12.08,0
168543.0,1.91238133634808,0.0535093979504338,-1.57838060050908,1.32596463027957,0.386082751195275,-0.866748923276519,0.57211322379801,-0.272528152169146,-0.0291762456384415,0.418115895641417,0.758821905114858,0.906638019823129,-0.61133440755561,0.794082292698536,-1.19295355035971,-0.551053395781237,-0.331124674145517,-0.154328864671735,0.0246869153100427,-0.238911559376397,0.125351525272224,0.463036517692407,-0.0314714800055325,0.0182925168168574,0.395294426207743,-0.515020397029763,-0.0266076576850417,-0.0658303756229975,43.41,0
88343.0,-4.27684430276125,-5.156311047361,1.68274189776279,-0.169500690185214,4.67924414525322,-3.07157263078305,-2.993079336357,0.534244544905567,-1.08724035148754,0.260898213030797,0.503774974379773,0.949774165486222,0.742019198744958,0.192688602288533,-0.474872188069661,-1.60734149643823,-0.351116193786219,1.99495620795649,-0.460692782013959,1.07357994769403,0.186189132740147,-0.617997387703894,0.774477024425491,0.71260297734889,0.877386816366642,-0.259165210502578,-0.147380500479363,0.167456011739477,71.91,0
120927.0,1.89065823507875,0.0353111609408591,-3.70323889224509,0.510630624432749,3.18145091359907,3.08130932486323,0.172863650514888,0.647444979403133,-0.0219884605892939,-0.358575849007102,0.194155253030857,0.0436287964811892,-0.476489380225871,-0.769440966018103,0.013302100409584,-0.262604175624952,0.891352144670638,-0.0237782531474125,-0.520415321442797,-0.0430453864545954,-0.0018407761007467,-0.0306819440684276,-0.0489151828697523,0.581935163631718,0.488507038001063,-0.477828993079067,0.0076075332859706,-0.0240111469830228,71.78,0
10220.0,-2.52836002720159,-1.45083731466004,1.40563451502804,-0.956902611130989,1.92412709514812,0.780410898968279,-0.356874516239628,0.655886476766598,1.31118841129389,-0.910110394291524,2.74393563130586,-1.92274114093147,0.991738333434866,1.73125229600973,0.389364646054872,-0.300188798459047,0.869434894529459,-1.27869738813348,-1.86240943212951,-0.425401787892717,-0.19932976477113,0.268432711918797,1.62199044177277,-1.40762159681562,-0.295491826257273,0.869420032533202,0.393967153000892,-0.0313950832361405,21.37,0
134443.0,2.00778039940633,-0.738794799489679,-2.48758581052651,-0.281746969639204,-0.0079336837932149,-1.80337454683366,0.764364610581295,-0.740321219117187,-1.1631400334012,0.985092313354392,-1.00785227126463,-0.241610455892569,-0.0295978450743527,0.732749961980815,-0.367354056032627,-2.27560367739739,0.205520323598383,0.625882574458253,-0.711639159862827,-0.38701305630125,-0.0266397031067783,0.279601650161446,-0.201556332862872,0.125405281218761,0.453267346775519,1.00356708027037,-0.146322832320113,-0.0696998632595779,137.05,0
48134.0,1.34256359274711,-0.158335153132416,-0.114052788172823,-0.57565054188082,0.0944203045337708,0.291593204039962,-0.339512344468767,0.093838276586642,0.263819968783593,-0.0439224931420598,-0.0856189348143482,0.303309474899603,0.27685291589258,0.239454615593965,0.686938169253609,1.11125749995309,-1.23843801859417,0.651285148329029,0.96659337795661,0.0176718396023812,-0.190649978207954,-0.590203044256458,-0.136841910115848,-1.33795767181155,0.311987163877353,0.993256804834417,-0.0792073985429856,-0.0166476406302988,12.29,0
151088.0,-0.23318493390118,-1.18013212573691,2.88683347463709,-1.96492819882367,-1.92892436469522,1.39590051734374,-1.72102666447741,0.626267986175753,-0.69080622893847,0.543682474996253,-0.634513704437543,-0.252303154139843,0.108401327258076,-1.78504464689751,-2.53034014075443,-0.73573853482685,0.819614989630165,0.973145354429901,0.930881050988091,-0.245743008642716,-0.0605386118461815,0.63103169769447,-0.391985171785343,-0.43144095440244,0.486476510514618,0.244896118709828,0.0651975655626064,-0.0557264851578225,20.5,0
141232.0,0.104651779109375,0.192854658337251,-0.550768873041314,0.0960647002039637,-0.0249128902775281,-0.963841636128738,0.16579691762893,0.238374456010135,0.336003208852466,-0.732695141283544,-1.1301675644865,0.748923919328345,0.507150833026959,0.234039202182873,-0.30515087592248,-0.669511244129441,0.221156932510183,-0.522669304424668,0.784557199574443,-0.0431329285874127,0.0155548396724782,-0.0043912165421764,0.272204429118867,-0.0616212007168457,-0.594285845237204,-0.0827966193817169,-0.131031247656032,-0.195103078463456,44.95,0
34404.0,-0.836895733798617,0.285336872881923,1.68835621183622,0.25502106655852,-0.0236628637959735,-0.51859725049189,1.15906099985892,-0.265825595982081,0.0046645996175178,-0.362475329471615,-0.689680499389149,0.213380571551124,0.209115091641054,-0.440966204709946,-0.412712273278717,-0.499497026066032,-0.0714479636697889,-0.543966618415893,0.362903834795544,0.519377280164093,-0.141627186665521,-0.244430930809112,0.140130076671258,0.411673199218211,0.0312853156461416,0.20587507678063,0.105641552766564,-0.0346754380964931,129.21,0
140808.0,0.0299958009270274,0.694968432937459,0.223147219050115,-0.573737183368458,0.267371723729731,-1.14418430275102,0.874879458358962,-0.0905348950627703,0.260076364007412,-0.353688701091747,-1.31978063626234,-0.935726668189867,-1.95905292503951,0.503953929205325,-0.180585385543888,0.0178351508752041,-0.317665010384454,-0.483614908240247,-0.0479362487331059,-0.152547048760697,-0.284163017060704,-0.746206045487673,0.0962402092629245,-0.0858315320698265,-0.546082916741668,0.14865561024143,0.232474940135405,0.0931060696272667,6.15,0
2018.0,0.857172862925554,-0.907535193275699,0.810127269758885,0.212238029906586,-1.15155082786892,0.0581532530230841,-0.556734205828647,0.144122503960373,0.660376528360349,-0.173973062805974,0.821303991656129,0.863195625582732,0.0776794226420321,-0.119133856311851,0.0479643464477505,0.684401589183833,-0.616320519411635,0.531761387333461,0.299806850823651,0.322490025959478,0.209353524540258,0.315765212501417,-0.239317235637447,0.0971246841831085,0.158924694296642,1.09311163928055,-0.0740907354101005,0.0327825506751444,187.0,0
7026.0,1.31788016505125,-0.723498463496617,1.47002452608989,-0.491315926345878,-1.78834639326544,-0.483678141673601,-1.34959855498641,-0.0604441018099172,1.12363679876426,0.182125392194633,0.394345966425732,-2.59115852560742,2.29976692293519,1.01025901183099,0.798419153489253,-0.689773641532247,0.388660257667159,1.88128726604505,-1.31355242547378,-0.453365018145137,-0.307186787683844,-0.137165232608814,0.0759068322121023,0.365303622670824,-0.067838118231199,1.10664008049113,-0.032104644665304,0.0223087049938255,19.99,0
72370.0,1.24028471259981,0.213175592100488,0.403225712907822,0.425304432904714,-0.235125135890311,-0.473331097100238,-0.0263305967780084,-0.0555531639441792,-0.240081596427016,0.0942597892833506,1.2440790847428,1.11800095119816,0.6036554647848,0.353440426482867,0.320678126594948,0.579836515963327,-0.810743519538477,0.0210610531441199,0.291721710579773,-0.0509607093204274,-0.223507084087231,-0.666428077679742,0.0796301181745826,0.006648234830929,0.24163236525341,0.0963491199023243,-0.0312740043284343,0.0062341887741184,1.98,0
120920.0,-1.88285879012646,1.25017055153989,0.854295141188869,-0.281334816338225,-0.0580946873325938,1.0393254291824,-0.283596037868296,1.34397450484287,0.112292783309296,-1.18614504158933,-0.550169883456547,0.89936312649968,0.146328908329649,0.507369349746513,1.02889676142368,-1.39169757675648,1.25229754146729,-1.67057544065082,-0.0235558208685598,-0.0035878921002628,-0.277137521843658,-0.653957449103814,-0.0044643307529297,-1.08850525364202,0.280411171133517,-0.682301956336399,0.278967682367829,0.0162687118540062,26.0,0
65352.0,-2.33047530988758,-1.57557326480023,-0.759149429427518,0.135877227183769,-2.73638706644697,0.990332127639067,3.5894200155813,0.335538133835323,-0.646772491377779,-1.35301333665509,0.779782692463336,-0.18477475073687,-2.03487801709319,1.0658611377125,-0.92241610238362,0.06554977997193,-0.00529189143244,0.0888909528714686,-0.863100736316586,1.73672359546946,0.698657453997371,0.366251258312247,2.19948982139833,0.10377110681423,-0.160363619728342,0.271661524052308,-0.0961728877561774,0.222029561291755,940.49,0
138894.0,-1.29844323295373,1.94810044909488,-4.50994688793757,1.30580476704534,-0.0194859272181987,-0.509237783834405,-2.64339761889288,1.28354519416721,-2.51535570266591,-4.50131480977758,2.09307500991474,-5.41888894354848,-1.2470137120242,-3.82826817896473,0.399050336571034,-6.36649950945483,-7.5509680917538,-4.90276666632221,0.152892032043683,0.250415437314689,1.17803195025635,1.3609885807297,-0.272013060161758,-0.325947896160404,0.290702673395833,0.841294588482068,0.643094248950207,0.201155749649851,0.01,1
83106.0,-0.362221153361285,1.20200269801868,0.765820019777133,0.16001173127913,0.469204479385519,-1.1132748846061,0.904402551940727,-0.0778032265898516,-0.963495411190197,-0.863249492537315,1.7615418912887,0.149423730998229,-0.646256089291531,-0.828586599243597,0.0520717817495325,0.50674203071901,0.682435548539786,0.789606702025404,0.056220860095617,-0.0300859896815435,0.0048876068525642,-0.0394659993967141,-0.229309839018292,0.43288042719509,0.0321744532891622,0.298141910233238,0.0115834610785191,0.0691201713315288,0.76,0
117691.0,-1.32576383046215,0.710994662992385,0.749680324442778,-0.873252326422078,1.08208734868535,-1.27766685826612,0.724964163793429,0.0878349519812082,0.111759099250305,-1.08472738006424,-0.796658229144483,-1.79954289725782,-3.43143661510929,-0.371539685943302,0.0236828698916765,0.413752470105358,0.682132933598783,-0.10061024903912,-0.737443992115013,-0.251982166116442,-0.419582445564357,-1.31022763528403,-0.286607452238824,0.913243803951333,0.45613299899871,0.204386783255199,0.104424913400251,0.0981894011760013,1.29,0
171033.0,-0.421495971510666,0.270840876448212,0.833823821665096,-1.81606980010408,0.244902489647358,-0.591914935075885,1.00592737514486,-0.245755125930204,-1.52900185028363,-0.318526965114459,-1.39256124576279,0.06005188527659,1.04099012257305,-0.276597495790728,-0.964592031655199,-1.50940223830847,-0.291206776105539,0.444230968964457,-1.0815241264967,-0.398683035553755,-0.6241605167402,-1.36590861247822,-0.17735313682447,-0.431942804155084,0.726750041322887,0.459187945891341,-0.146773314248041,-0.0816438234896518,53.22,0
120225.0,-1.06327638454473,2.03416743140068,-1.62356956822402,0.958635837315417,-0.243559145663233,0.0671013058292458,-0.556564564598988,1.27515937372864,-0.892708151681373,-0.233066483110688,0.453151765219391,0.360602147180232,-0.431593529558488,0.421901236074099,0.70222623319939,-0.2343606116172,1.65747930322214,0.86287796215239,3.00183140099412,-0.029363715847155,-0.0496484221178714,-0.438006468843701,0.29924215343096,0.206249885490918,-1.27609795053557,0.464629921938713,-0.288376292073182,0.111529230249631,16.69,0
62052.0,-0.447645132942923,0.881826112125297,0.374364942006657,-0.064912249321432,-0.0780762291361631,-0.210236768129076,0.725052843772081,0.241143108041357,-0.728098464516581,-0.755561478564019,-1.21036805993468,0.628643774135281,1.8652615663813,0.12256336320299,0.648152691737432,0.60491710735122,-0.72925453270432,-0.139618889869457,0.294156716283849,0.172512734624746,-0.10109053469708,-0.569421830089366,0.27208520833696,-0.614483863116027,-0.335198409277456,0.0425348066253039,-0.130053810956359,-0.0208759922493444,111.6,0
161012.0,1.91691979481108,-0.281894720950206,-1.4181752836883,-0.0024564160364634,0.816728813896666,0.926817467693567,-0.139514258143135,0.259214267662918,0.282609971661522,0.0986473013393894,1.06053185647527,1.27855294804429,0.257311900247269,0.476144758376116,0.127639021270609,-0.60495071864376,0.0452896634035353,-1.53577939252015,-0.398141918524562,-0.252739236192706,-0.189713996467686,-0.352565360942417,0.322054968004374,-1.62497304165012,-0.455010267076019,0.308218226796328,-0.026117933890555,-0.0850183469802164,11.99,0
70692.0,-0.812707613469757,0.891155533354909,-0.0537139563524291,0.745191340948307,2.52300036985906,3.96264247038843,0.367544945600996,0.804411908954521,-1.17568110468193,0.626385997818443,-0.412113431421657,-0.576461216252622,-0.0182810433654472,0.161142110996367,0.587033244553297,0.991152461887548,-1.18271544291841,0.280057991530358,-0.472208891378304,-0.127763344296401,-0.0687642867965202,-0.43297056352367,0.0190730407290195,0.967948046085147,0.0997277701910108,-0.158264385310953,-0.344585484653215,0.0606399098518036,69.08,0
77230.0,1.16095677944219,1.26562134412589,-1.57647298025721,1.47298796375446,1.16217269118593,-1.01353235694257,0.658132826805829,-0.152623808873519,-0.847325937437016,-1.45249858044069,2.89392310118071,0.774149213595931,0.663505807827049,-3.33372064335903,0.523297806483319,0.897811290248433,2.68261263852543,1.26931414649474,-0.912261753152464,0.0024655760993466,-0.120364505513678,-0.204996852830505,-0.20318909502825,-0.282171529618779,0.785278136607787,-0.284957991484837,0.0583991252306462,0.0854358810909215,1.79,0
160665.0,-0.819068739749881,0.810832483494633,0.0010938205805217,-0.731286560474856,0.357107738437924,-0.774397837867506,0.349871103254228,0.444394097756691,-0.271292942903456,-0.405060915681314,0.172611926156316,0.199068280186305,-1.21203761284304,0.812468034127352,-0.901515311284674,0.397753595734381,-0.520704934791598,0.0179265543552349,0.327993541058147,-0.207489413729673,-0.23719585350605,-0.828815170647383,-0.138765492965087,-0.367240523200136,-0.0190116930764327,0.213807132379278,-0.0545358865394415,-0.127539994610341,2.69,0
8415.0,-0.25147096006823,4.31352332575143,-6.89143771650147,6.79679668055103,0.616296505250374,-2.96632654187403,-2.43665252687714,0.489327898838014,-3.37163857159343,-6.81081309938215,7.62008905836908,-10.2852825163315,-0.342444334069655,-11.5434979157865,-1.3349879032835,-2.68928420445067,-3.20438340295762,0.0865218956911394,-1.31449509665307,0.632709963789826,0.536892074447128,-0.546126023729244,-0.605239547613772,-0.263743459593593,1.53991583077868,0.523573696680871,0.891024688365269,0.572740666549584,1.0,1
85379.0,-1.26126972731265,1.14128278985734,1.32343589456383,0.276645675862551,-0.681893037567467,-0.82820034776345,0.337619379439674,0.339562996230145,-0.010778866939467,-0.469048576481668,-0.778272570762263,0.0462271685868642,-0.781225119971254,0.204098383862098,-0.38457451691102,-0.370774144477875,0.363557617850188,-0.535520765722498,0.277745425712609,-0.148879184163878,-0.11527876003197,-0.278672488967486,-0.0111146698659239,0.733629955615965,-0.0717796982264843,0.200944234189462,-0.0457528011489178,0.0859167757484958,28.22,0
668.0,-1.87414236290575,2.30886052896075,0.135440175311553,0.456605878192993,0.163187096031537,0.922956507131214,-0.896194724942581,-3.61415203936783,0.0280651346495624,0.415208464708831,-1.28260265543163,-0.391149369532353,-0.794374748585444,0.668009450986021,1.33664920273244,-0.29051471006233,0.21001663574047,0.105745510127611,0.284927210853641,-0.790837902017803,3.90100118632027,-0.910663293707555,0.36269077085723,-0.850869231083286,-0.104456511692857,-0.240938399035433,0.170569644010641,-0.0346540858728794,3.1,0
275.0,-0.363518693983855,0.0554644052427988,1.85757123982738,-1.08542097121506,-0.981918253588411,-0.473025259248027,0.210564834083408,0.0226703813142959,-1.64168910578585,0.286994139656118,1.29854579040991,0.49763915980794,0.44837006967875,0.0760798242735095,0.153456425593949,-1.03522363899898,-0.338424472508215,1.50792061035716,-0.441384421244568,-0.25987666025509,-0.408214032689672,-0.907776138367648,0.248036844430434,0.492935992789181,-0.52488905013851,0.340449354490466,0.0111186340895174,0.0609358502228737,70.33,0
124361.0,2.03213398530047,-0.0624491312884642,-1.06954059265045,0.413744517636353,-0.0836181795420062,-1.1144387267235,0.215254269514547,-0.337422475348873,0.471092375554118,0.0464817676507994,-0.614359837449539,0.696447628363702,0.508500246188784,0.194786466741934,0.0398236131598576,-0.183247142288418,-0.256864491435262,-1.01103614924676,0.0676438347366096,-0.179282098218828,-0.271469357546787,-0.644814897291491,0.331714270028339,-0.0004246265332128,-0.302454573034574,0.198371882241995,-0.0667566629039021,-0.0575886381671258,12.99,0
32343.0,-0.686869716600221,1.08040739172587,0.861964153086587,0.849933271188772,-0.357055378948979,-0.391094561935509,0.562786648885444,0.405000724168413,-1.05573332253144,-0.322810277016426,0.951187092297051,0.480934293573833,-0.401201506788424,0.945767539085811,0.320223656206489,0.0259575770663734,-0.25287462624658,0.721924411956736,0.70354172160314,0.0149076692544118,0.285914482848144,0.574036563988104,0.0369796246211612,0.326669225521576,-0.250111446171546,-0.3507519030961,0.0188043551644817,0.0957804927954181,75.0,0
121238.0,-2.62892199481027,2.2756363708417,-3.74536934909195,1.22694819658893,-1.13296649495042,-1.25635309994595,-1.75241984877631,0.281736387178617,-1.7923429718137,-4.82077941422469,4.17609762346479,-4.61900987976999,0.742689541505504,-7.63696288811138,-0.197887605182768,-4.14039566725884,-7.60471483249934,-1.52450539738207,1.27132193138436,0.133106474791523,0.870729582435536,1.26947278909845,-0.265494007565328,-0.480548610900827,0.169665130870596,0.0960810570397914,0.0700362725602789,0.0637683649579152,144.62,1
86246.0,-0.672214583419655,-0.273761901649477,1.23622571593139,0.757582762052597,-0.167121047281073,0.667215944566824,0.842379105189589,0.146278783287382,0.832369795801578,-1.02669343113041,-2.29446523189016,0.770144222986871,0.569950055356679,-1.04898599632383,-2.77935530598079,-0.455909135126021,-0.191919116385986,-0.528861874661498,0.160889074320601,0.297125357856516,-0.165987036861104,-0.431887813084538,0.565922137364635,-0.480109763170325,-0.772897957170864,-0.847454969286504,0.217842648487707,0.259069924690128,207.04,0
8451.0,0.314596589729515,2.66067027657541,-5.92003738034463,4.52249960508858,-2.3150272861839,-2.27835165394776,-4.68405393631569,1.20227026523098,-0.694695511200349,-5.52627805985834,6.66243683071252,-8.52546492534563,0.742745446888019,-7.67866801029943,0.593070459066131,-4.47813659534324,-5.84426647937357,-1.1027307945783,2.17738568653903,0.562705643312244,0.743314023428983,0.0640383555765096,0.677841675250346,0.0830078227438395,-1.91103446375022,0.322188398435937,0.620866538820488,0.185030354728703,1.0,1
46925.0,-0.481531150954278,1.05954227713479,0.647117402910268,0.905586233912649,0.81936824001549,-0.0911835663506086,0.504134851323607,0.161064336313081,-0.765053776949662,-0.55054534794377,1.48028602025778,-0.105359122514952,-0.804841454759319,-0.819901849432008,0.916881766469427,0.201150538864914,0.874890632270019,0.941476678511478,0.272698476205832,-0.0425151328862889,0.0706328691882125,0.192490772493404,-0.174659253437827,-0.438908072947488,0.239258996609831,-0.217823405004998,-0.0728522476980958,0.0104633125817071,1.0,1
111663.0,2.26031265709217,-0.756339951383187,-3.87738351863035,-1.96948487075172,2.6446960199785,2.58262576916787,-0.128389947628142,0.389416011937582,-1.21761221761822,0.952649693503947,0.0581585411977325,-0.6427432208441,-0.236409912456958,0.633567554898418,-0.125263474069573,-0.0173110375363132,0.467542894725939,-1.89057644064684,0.620366909740467,0.0294409098545867,0.483341761706835,1.34386244611262,-0.200857951858677,0.806837520940081,0.798694964339169,0.319516034397391,-0.0782394698573159,-0.0973789444328874,24.0,0
45623.0,-0.720990524249347,0.634532356940509,1.06873347364388,1.17605789878582,-0.331153908628763,1.03821438244778,2.07201549840955,-0.578508676372358,0.136100814460743,0.376277644189887,-0.843586414869176,-0.324701658260329,-0.15598408734674,-0.528046772243978,0.39974359613119,-1.13049420633539,0.178887780062143,-0.564812779553301,0.935616372087543,0.0333204985022673,-0.244834150177339,0.263519065885754,-0.056563252844296,-0.400418074101449,-0.0359470732520865,-0.254791608984619,0.0481964461984461,-0.374152175875354,255.99,0
148938.0,-0.309113967288692,1.26087920385049,-0.494006894271712,-0.712043912886397,1.12304284591209,-0.766554864208982,1.16883535193917,-0.256253186894606,-0.0812195425342215,-0.669001787469661,-0.741510396271154,0.221292695340153,0.777820703620875,-1.18644580676275,-0.436102330658219,0.253508179313306,0.230039677710395,-0.246203192759151,-0.175421879255569,0.0083988948888105,-0.22557257462423,-0.501894081319065,0.193672369683596,0.499425696674417,-1.06999177626589,-0.020067982077515,0.180145241659438,0.313322932684669,9.12,0
58456.0,1.34637156407536,-0.38040774646974,-1.36157714756912,-1.93798156001763,1.83768161503121,3.03451452802642,-0.557060768055307,0.762644032119306,1.23710887672722,-0.990974685089393,-0.123157342461011,0.638399658613858,-0.132413451718749,0.320011624128683,1.06758640366212,-0.547788092795165,-0.445727755210035,0.121774448988525,1.20953597187858,-0.0150453986912752,-0.248532987146997,-0.639619484001669,-0.0596214411625762,1.00250032794357,0.812966701868255,-0.794854815894402,0.0599689680342193,0.0163046378147958,1.0,0
26489.0,-0.925029361147462,0.705487317437279,1.56939314582813,-0.488626060727631,0.860295820970641,-0.897250582830412,0.851800391220419,-0.162613072120886,-0.777808797226857,-0.79980713602313,-0.807286380854941,0.256812203118567,1.07669728810069,-0.0352400467382885,0.325213216883956,0.343259601435663,-0.780470780647598,-0.183850802159611,-0.445959069054487,0.108853739191939,0.0636553112182165,0.0530421299304792,-0.367118902455316,-0.0585904562424992,0.64934328813928,0.350492165137968,-0.0325862349356193,0.056182394454413,13.27,0
128572.0,-10.7267823292605,-8.99558579115041,-1.38645434261269,7.40494406837597,1.23895657341484,-0.152709182399231,0.346171663195902,-0.453275306571432,-0.845992799209553,1.45345528684656,-1.34420230633534,-0.981869041242337,-0.479317233818775,0.460591716678559,1.52223661026286,1.16114411934805,0.432918993143728,-0.126163751584212,2.13224687532853,-3.13908856933689,-1.02111102842585,-1.39033893063966,2.61695304127162,0.84901075168868,0.735218550224,0.268313961517842,3.343365755345,-4.94894250560011,28.75,0
79833.0,0.549081555827037,-1.14104495025113,-0.231071308371185,0.449642410925159,-0.929744837888144,-1.19197047118102,0.720468240938694,-0.431351175627602,0.192559488641895,-0.436925992915845,-0.12052989916823,0.637250668386636,0.298362975637843,0.193006061465539,0.128554028766119,-0.39737532499849,0.183922583188553,-0.833910026491114,0.120838634392811,0.695041210689428,0.166861751274855,-0.214468494212276,-0.384788974137341,0.849906728227846,0.372914228304358,1.05990860731128,-0.165052655168816,0.0623730126992895,384.0,0
128214.0,2.00621546613678,-0.209185902126694,-1.78036724137936,0.264728346568466,0.380475515478739,-0.611186864002444,0.282940885395692,-0.138204095261842,0.280652707341075,0.288006655481017,0.668732177031277,0.397659568193687,-1.36971240189478,0.839920149811079,-0.926440159602553,-0.353961471032058,-0.212149477256305,-0.265656063358548,0.419707721262994,-0.238873166484911,0.0168405727675231,0.0929521919430184,0.107235531537778,0.733795691263815,0.1018085558497,0.512379316546318,-0.113749404344696,-0.0792310115110099,24.94,0
28625.0,-27.84818067198,15.5981926625554,-28.923755945104,6.41844174657532,-20.346228155413,-4.82820246578157,-19.2108964179086,18.329405525597,-3.66873493861418,-8.00915938639777,4.30309581759563,-6.00866000668561,1.1389688287939,-5.58044712038062,-0.11073711578577,-5.49107326163426,-11.5885435992809,-4.71542017123115,0.734573493016404,1.69785626318366,1.8021491336386,-2.06293427611466,-1.26984343615924,0.165409188492223,1.99949911253199,-0.211058522431997,1.32480949279508,0.388090177732107,99.99,1
41180.0,1.08071089802848,-0.672194656829645,1.08104173038594,-1.01846344900463,-1.58420640319508,-1.08620384136651,-0.471171756305528,-0.156960979007242,1.81223611406844,-1.29626830195524,0.20489110707556,1.72363051406865,1.20783127928878,-0.544231416852634,0.71572610069615,-0.793671893957962,0.202992532931121,-0.396236837034484,0.66275071290451,0.125559014033989,0.0192959466593726,0.251578531235601,-0.0305147416400672,1.01210151024076,0.334623621697497,-0.0810269488420356,0.0446342079481243,0.046254533424523,78.0,0
130119.0,2.01876139872009,0.138112491101588,-1.59653153362287,0.342354783203786,0.413838356187548,-0.654974789415618,0.111240012809323,-0.121911606121893,0.167112313926969,-0.220225792317089,1.359605180926,1.08796151685553,0.305721788604475,-0.707945374762933,-0.548283897684854,0.441397651863463,0.270338440490878,0.0825833785856839,0.269304510212585,-0.127512545963967,-0.296347971321464,-0.768415648680407,0.346022151181742,0.679634082077743,-0.301158370088779,0.141350286944037,-0.0639649011518617,-0.0379212174430616,1.98,0
102318.0,-1.02063166582361,1.49695912243222,-4.49093711758335,1.83672705849852,0.627318467501556,-2.73556861001066,-1.54627364241291,0.459821576439238,-0.68274140597399,-4.36310219273296,4.28702087961434,-5.40376835689762,1.26026230900043,-3.08774290682652,-1.31748806297981,-3.53705628406879,-3.17202752176385,-0.52988508450368,1.01162645030639,0.443488532055906,0.773630966413973,0.86061818130652,-0.304666447555476,-0.155499583027691,0.41216629075428,-0.220079647308722,0.392337584118175,-0.0200894870934853,22.04,1
51370.0,1.25301970176058,0.128265377963235,-0.281741014916398,-0.0890791641475734,0.16419734475848,-0.785455821520007,0.490418426926476,-0.375710541640016,-0.273667225967824,-0.210191601155867,-0.608400210904752,0.89855074756893,1.87700274946185,0.0497175240197269,0.732580739391532,0.288784984865398,-0.601672250099532,-0.933987243444213,0.566383260061593,0.174445804634475,-0.445736702355419,-1.37609559162302,0.0354369691188771,-0.39840665555576,0.248937391590175,0.66302756877471,-0.101483901179582,0.0084985804438767,62.97,0
15337.0,0.100688133458954,-1.66051726863398,0.701121960409832,2.13224790000871,-0.861108095901684,1.35140264477637,-0.0411414636283479,0.214438428581018,2.164507641511,-0.864783435337847,1.33793578603649,-0.657133796864228,1.93615021746246,0.881983703534284,-3.10995197190526,-0.841470063677925,1.12269685639187,-0.437350791844855,0.222025214948195,0.816465620989481,-0.228219610642188,-1.07567125628911,-0.401930582920534,-0.322450799657522,0.250441508545483,-0.600239370231076,-0.0305528367779161,0.0966824932274946,508.97,0
136454.0,0.28208943956073,0.828537257247369,-0.585573598129349,0.867551387723401,0.836341566927262,-0.448920064382171,1.23948313562231,-0.346021140293513,-0.895492722578509,0.176385359502364,-1.09276758637827,-0.736373252643164,-0.599907830402884,0.801196183838131,0.995240204237067,-1.64110107516569,0.828817585241538,-0.0957515982523165,2.96042991370102,0.298317195855276,0.222509121318598,0.761558046572443,-0.161697483294072,0.679420987305584,-0.34620872722892,1.16641304206941,0.117198732068303,0.183382080768536,49.5,0
62627.0,1.10438120420919,-0.33059130105668,0.60205101637287,0.632936440218303,-0.834955736151498,-0.414978998183513,-0.279484520806406,0.0749601733318374,0.90939687754921,-0.320945045076564,-0.483837375632956,-0.0966445869337422,-1.60162564515934,0.145107892474214,0.0538545351726621,-0.70674973674941,0.617395713250652,-0.981808103484316,-0.162576018936308,-0.17308696897035,-0.0437330154899696,0.006115884798328,-0.023481929792104,0.451185708397533,0.359741601481951,0.68155855947751,-0.0328731908068826,0.0099099264664763,42.35,0
72123.0,-0.417388261041656,1.06773973725055,1.57222276042575,-0.0345428503016823,-0.02761706414839,-0.89157589883167,0.725947976208994,-0.0876450550670983,-0.453322899684239,-0.322593628723654,-0.336947389442245,0.156328744472353,0.42099241481593,0.064819538361301,0.805940291549698,0.18123511227325,-0.41682079378879,-0.398540184998397,0.0129532219140786,0.123664233285816,-0.22325466743609,-0.564071957427207,-0.0260395748156484,0.37137310421581,-0.180047611699309,0.0702080913916774,0.267614638528882,0.121926871126153,2.69,0
55606.0,-1.77242965610993,1.0283643442989,1.09159154547327,-1.66644421288932,-0.0538461532805584,0.634428108618518,-0.108915953144317,-1.02123305879504,-0.205050704609546,1.66580982101453,1.26122170574062,0.639110155788845,0.265083308921843,-0.634167004210931,-0.456711655910682,-1.22368907055007,-0.899394806299029,1.0187834475642,-3.44373629251091,-0.975781650570013,0.931783501835116,0.553816719738051,0.203625924128211,-0.355534610424632,-1.24983288419028,-0.949520207874198,-1.68645871839657,-0.494402684417872,1.0,0
122918.0,-8.88720092021139,-5.33442998147911,-3.69618916018104,-1.10642358160324,-1.77788066851381,2.33317551649908,2.29333320429663,-0.193435827812904,1.86550448286226,3.03668012699189,1.08419693197783,0.0574009156368273,0.270505971218128,-1.27085201320824,-0.0234020626619409,1.59359930850707,0.0049583025748938,-2.78533088199367,-0.202182335500302,-2.74915740425548,-1.77265786882636,-0.397880039337375,-1.45652408481237,-0.694460850819621,-0.625867136852906,-0.726811254088577,0.0235700737505881,3.44054379010544,617.9,0
147845.0,2.20394884739599,-0.869875267620885,-1.47748845968306,-1.02735448630272,-0.436159840426595,-0.785278947393615,-0.518235170556801,-0.218870924517002,-0.290166706968677,0.875018291266742,-1.07748509743907,-1.289499545851,-0.738276966475936,0.149502860150141,0.594624428275014,1.16494443540487,0.0304402136084601,-1.04981089332636,0.554367841151886,-0.0134320484538914,0.328047730607857,0.816047559163417,0.0545904747228121,0.488221493290232,0.0811196914625374,-0.0533318086830451,-0.0467599917352223,-0.0550458541516398,35.35,0
134195.0,-1.42180722644478,-1.8864209102192,1.29126071580158,-2.76814201011824,-1.53734724823271,0.65637409351558,0.794623170505448,0.202875189869453,-2.18104511294506,0.144797434938509,0.210558546448124,-1.16478211024038,-1.19858274598455,-0.294039613698543,-1.6329549763047,-0.122047204205036,0.271165487532354,0.349427700068862,-0.258552677959564,0.520738399943377,-0.278787627095358,-1.34531832681228,0.913005837974583,0.533388423116125,0.38440124444271,-0.58996247377264,-0.12160331845819,0.0852402707830015,410.95,0
70847.0,-1.56268804984252,0.305782365823267,0.818430137508492,1.48456733282697,-0.694684032515303,0.318218040916267,0.538437611746653,0.660571046976591,-0.314605427592036,-0.0734509186170936,0.739630250714359,-0.234925600270584,-2.52343756367815,0.948772978350011,-0.205961276449532,-0.771356373975054,0.708014572933923,0.110596177517334,0.987912276620744,-0.213601452898255,0.0040559456039735,0.275242860497299,0.607380959633091,0.163018128250951,-0.0525621776412698,-0.228622368595482,0.300391813357874,0.0215484384534571,168.95,0
158505.0,-0.461252141140777,1.35727537982145,-1.07343091345826,0.485533173743636,1.01839380191712,-0.680487211901289,0.54399359457285,0.302424008502404,-0.454359109082531,-1.75552690031177,-0.628468900230548,-0.3464924644014,0.020789895490608,-2.37055545317152,-0.151473303366789,-0.0112855534532922,2.51000346561949,0.934683047679522,0.7170195193099,0.0474813581824905,0.146537971018494,0.527841987241264,-0.257527751587446,0.48391957361486,-0.241032704477114,0.800094356735694,0.0509244798782539,0.148911578412316,12.31,0
127389.0,-2.50091781852327,-1.12049427305432,0.446080295015375,-0.451448160428822,2.60801253275269,-0.836055573249791,0.789286057658499,-0.175565085310993,-0.351656682778135,-0.65360101789277,0.683787205191732,-0.107780587174076,-0.525144702847253,-0.999149688795371,-0.508356080455225,0.581648972094851,-0.0681680252081273,0.549845179517202,0.62025129289977,-0.105929422710594,-0.458177035183073,-0.959328327657229,1.00998897212549,0.0556557041323063,0.875984188898154,0.291755872567267,-0.596255844628755,0.288402883703179,1.98,0
95559.0,-16.308650062507,11.6148005425867,-19.7393862972953,10.4638662754002,-12.599145656022,-1.2023933184963,-23.3805078207357,-5.78113300512982,-7.81102238181602,-16.3035376590131,5.57362527301538,-13.6352161247268,-0.483236243869236,-7.35279224297253,-2.39268418895092,-8.72814239367754,-17.5988535455879,-7.45595632935304,0.169740705598221,2.10603387120175,-4.88498262418118,1.14091043558273,1.39295263139548,0.348996604820014,-2.16750975079914,-0.798753537981903,-2.94277507305079,-0.462679619023024,1.63,1
1430.0,-2.84597164178823,2.60942864682764,-0.534849343263703,-1.01788575528708,-0.929982625217614,-0.70972982133738,-0.473711031750094,1.41092376516642,0.85272890421479,0.547480622110269,-1.95944295361516,-0.179548037105157,-0.8532313505714,0.576038527193277,-0.152268351260898,0.522035521541489,-0.0829140713587275,-0.164949375507491,-0.0964490822188319,0.42571305855103,-0.309047600177036,-0.784747615531093,0.048068782382769,-0.479832707653623,0.238542367215314,0.381936412725716,0.544872648710171,0.348568900608292,1.0,0
91857.0,2.13489145886797,-0.787810737570159,-1.09272322469346,-0.741780650963173,-0.322510028129318,-0.382169470246983,-0.618040399736097,-0.302183070193689,0.963375287599498,0.340143329570071,0.0866232055931826,-2.61760658966782,2.75599420942736,0.995844571794255,-0.791361515609234,0.865695855003451,0.867488687303113,-1.28225603280097,0.46463930783986,0.0954037564216656,0.0583883692372054,0.396655829392749,0.114258871305231,0.405899199101476,-0.0186212655682748,-0.220159948295817,-0.0478934477641329,-0.0498548313629224,57.0,0
139725.0,2.04641132371445,-0.0468326402133002,-2.16313695687142,0.212599373180838,0.542138489137217,-0.650132031023842,0.0637259473799124,-0.0948673094244091,0.65024922734985,-0.261999580401242,0.154759947018345,-0.465771284287297,-1.56552059682943,-0.258447331229937,0.456420736355154,0.776707953269015,-0.129376639135013,1.53530503481709,0.246066447379909,-0.228074526836029,0.173257759371909,0.519746327862195,-0.156573314185526,-1.14516457861724,0.295760528764913,-0.0542617050899636,-0.0221306208257715,-0.0517217491947187,23.41,0
81705.0,-3.38214488924934,3.05488759085627,-0.581420702377572,-0.318242604916557,-1.58973184957574,-0.848048552734053,-0.763992459211277,1.80694203954229,-0.114903244675815,0.99086244029942,0.947504969015652,1.52418930172955,0.59970136947473,1.00342086875162,0.0703723736714732,0.709970207718779,-0.0874779059909268,0.132746818339785,0.100836990380796,0.485631623146331,-0.251135620214718,-0.597579252728282,0.169971369906268,0.298715094094257,0.155539276041784,0.0327521463253957,-0.0499195280940301,-0.288594757564014,16.99,0
68065.0,1.31475740399467,0.303128919944435,-0.0539509683072927,0.500214529871299,0.0024238401778551,-0.601942193140952,0.0426205783467392,-0.127941255142313,0.149105102417447,-0.270069025570517,-0.883588035540767,-0.249655688189071,-0.017277260351264,-0.260155950277059,1.1981841834338,0.741712859738581,-0.288181038136711,0.0226509109050426,0.120601865467362,-0.0781595472435432,-0.34717616000786,-1.01660103516892,0.0300802626226272,-0.506364139015695,0.314867456358476,0.147765974530586,-0.0267612818844064,0.0215041003207902,1.98,0
80554.0,1.13002808794388,0.173167880225157,0.864093561189766,1.25847496178332,-0.341583089997441,0.0261604991344602,-0.136732580446705,0.0339517467983044,0.378551990652204,-0.269431545765108,-0.268609357130232,1.27193369115764,1.1474318110493,-0.327123395909422,0.039449295424172,-0.514615476681571,0.0971104517590714,-1.15776518426703,-0.31574820908163,-0.0923219346733861,-0.295982394021316,-0.609684962321009,0.120245053030915,0.0818943973828144,0.337326831897268,-0.615241947251123,0.0709613850546626,0.0329375684417777,12.99,0
152710.0,0.0510754846328574,1.31042652386526,0.733222065309853,2.62028192286183,1.40235761449282,0.528488564738172,1.08601442622803,-0.146422713225732,-1.72433297471822,1.28016674259048,0.470864719590572,0.43554195900858,0.594974116113431,-0.142098601080574,-2.02473460275883,0.828290651436422,-1.27478714656577,0.134277305184542,-1.48943421708841,-0.125876996990695,0.229936134951611,0.766926566765976,-0.189623667620704,0.766852957965077,-0.141400750027805,-0.0772779620355944,-0.29759539535716,-0.221816034161724,2.47,1
79262.0,1.22565677817241,-0.544664863869127,0.754738453639119,-0.899789105408769,-1.16057045794095,-0.357371742475927,-0.810520882571649,0.24203752641792,1.86980524542239,-0.855094066746038,0.645195247930385,0.318351218873094,-1.95457176908793,0.403542329309619,0.80264743668727,-0.061933948748355,-0.407073147140487,1.0215413739694,0.981897480661633,-0.224894705222235,-0.0038996045578291,0.111869058330569,-0.0660251840408907,-0.0244220730488623,0.450041717237446,-0.677371667613071,0.0770688500956735,0.01773918618267,1.0,0
117826.0,-0.399317511560761,-5.64219648130883,-2.78859934813464,-0.400096457428339,-2.48655068375006,-0.835433399355668,1.16768139278182,-0.850443361039375,-1.84368603040691,1.00145199071129,-0.682719606654429,-0.395076225761051,1.62155606732995,-0.0056188671785435,0.28955227297816,-0.444136294653168,0.382968246025324,0.26255072284091,-0.822465202339591,2.49641921956754,0.952683443372803,0.0702800661996571,-1.18698118822124,0.161704312395064,-0.411932080375427,-0.0792691984596293,-0.271128915090177,0.188537962974036,1428.44,0
150745.0,1.98947249184306,-1.22068857289616,-0.895152435240653,-0.626314004125342,-0.70735776551133,0.370252864003637,-0.993873661060216,0.142980375468941,-0.136441154849962,0.982557679713825,-0.0815807782578976,0.185994648403553,-0.0392994755775214,0.012001781168647,-0.228376161153467,-0.759521363227301,-0.703287465056369,2.01750818410541,-0.453000964894931,-0.414462204696623,-0.214878837204677,-0.236051026220217,0.158622152750362,0.0899647746043985,-0.380016843728194,0.611001451480413,-0.0423770105535685,-0.0443598611869907,84.0,0
150693.0,0.0881103437352655,0.885679803795875,-0.55492717923259,-0.733545226645457,1.13917324050249,-0.238886735654818,0.826406385915645,0.110935834022333,-0.215512541494944,-0.664155326950732,0.656329320481745,0.227785448647634,-0.474790807525391,-0.743467394503226,-0.81406673245676,0.597427350583226,0.0663533321083777,0.368622251208276,0.126669914702005,0.0298729781361104,-0.306427173880811,-0.805055664452728,0.073705712154812,0.103619435210075,-0.429023202389829,0.123599160716719,0.21460745928521,0.0700844796887745,10.74,0
100876.0,1.93515761149228,-0.473100025964027,0.159361888469243,0.374258352279695,-0.76202573979259,0.136362086385399,-1.07104508090133,0.115796375025864,2.38243580173794,-0.239596126496521,1.58093658537482,-1.38972030293975,2.12337250525422,1.22977454740187,-0.63481104628548,0.851360382505866,-0.23278356767658,0.772152654003307,-0.177837958651956,-0.171691300295991,-0.0730086813940851,0.16850780433676,0.275884039285001,-0.420235570823941,-0.614791816258561,0.447067832911561,-0.0390841738075747,-0.0563517502090186,15.95,0
139914.0,2.01099829738874,-1.26989404251081,-0.885021062348509,-0.982184054524118,-0.709048784730798,0.215104507179061,-0.951879653547969,0.143740764298282,0.00710668968431,0.791205228827329,0.237942393216676,-0.107037579388403,-0.484172387963221,-0.228398725119693,-1.00726343138397,1.33336117567937,-0.0492687291836595,-1.06482536873417,1.39466671885383,0.123471024052319,-0.161618847528851,-0.661749873191172,0.323159302851154,0.144242610839828,-0.469791891857094,-0.59941806589602,-0.019084806056825,-0.039427013325481,88.0,0
94952.0,0.842025258809961,-0.365518405631879,-2.46406333105633,4.82088596439253,0.775505434320733,-0.614784604613805,1.36802439952459,-0.526261741999926,-0.121356446796038,-0.357616193093852,0.637766685379952,-2.81888227036892,2.36059541417279,-1.10869894034456,-1.44995109474769,1.57373987380152,2.20265154365361,0.800471466568041,-2.10358290329291,0.944915098074741,-0.110621878759425,-1.25780002613606,-0.324418362936717,-0.420020001036393,-0.219501077925226,-0.268872635957687,-0.144582319033867,0.104464060190998,571.48,1
124012.0,1.98284803147334,-0.194183249235942,-0.796956729851833,0.571499244415401,-0.232974213944751,-0.635646208751695,-0.149263197128572,-0.174828862524883,0.671985905660989,0.0631017030236898,-0.441351355779568,0.729695183377266,0.622919454822897,-0.0156353392769572,0.229015336411552,-0.127304416253369,-0.286516668007829,-0.482598855845391,-0.412763782185019,-0.143759514899015,0.156828544358538,0.617474639078574,0.186445466585297,1.15154569874849,-0.0859083700096011,0.336973472222197,-0.0387616001287726,-0.0428268380760931,18.0,0
54057.0,-1.17357144109391,1.43338202186554,1.19695723476121,1.21494804937545,-0.982757263523436,-0.650195163555025,-0.216408568801909,0.83980577908802,-0.366237313769534,-0.754311041927401,-0.988863268899718,0.0951492585229347,-0.939429462245011,0.703912192866024,-0.0285124172749336,-0.486017429839069,0.694643051905159,-0.206962598511257,0.758242122771037,-0.315457369441473,-0.0376118682600809,-0.287307569351467,0.0525236973063153,0.683694789707836,-0.227954876053715,-0.515279440900471,-0.21954248956085,0.0069648126698567,5.23,0
6758.0,-1.01165767566581,1.12105368456229,2.44724028760885,1.96950001291133,-0.794135546876363,0.573955247965236,-0.33960028683276,0.678905289580808,1.53985895186034,-1.07628548176441,0.257944063813772,-1.10844985479284,2.2071476994646,0.808773649182751,-2.25749069557172,-1.75103423006274,2.20826749002021,-1.02753656401004,0.881372714109692,0.0413692577937027,-0.431203097389218,-0.507910167466557,0.0538847987340909,0.568020256292483,-0.0890031604621422,-0.442566309593374,0.298684947156273,0.115574592902341,15.89,0
155653.0,-1.62929086798116,2.26837547709226,-4.03260930919999,-1.49085111251731,2.49719159422606,3.29131908671232,-0.959431108046681,-0.986842367460425,-0.968984980146184,-1.37228684555258,-0.374417702258616,0.289562753427231,-0.641424675118488,0.512880459732808,-0.423465585738418,0.0921819855616421,1.12568967580499,-0.12699780746914,-0.591286518122678,0.328864177850018,-1.04484596517005,0.817643122748698,0.150155956522925,0.65082137890614,-0.166595415837462,0.545937596968801,-0.664478449613295,-0.241276679148619,38.2,0
145573.0,2.05185615488118,-0.20124935085304,-1.13660655676548,0.412293900520581,-0.242987431952512,-1.13104709933391,0.0488361631124089,-0.202054214044806,0.819799046436728,0.11705366769483,-1.0636755514364,-0.531493796702046,-1.7451579984336,0.639295740866088,0.292358897897278,-0.0575981556418505,-0.153327616625568,-0.711965741813188,0.112202551984941,-0.339395452930039,-0.307288262433944,-0.838759926265739,0.357677051832003,-0.133425591887715,-0.366550656989005,0.211236065629664,-0.0800464369198292,-0.0646465368627665,4.49,0
115968.0,-0.756232195261348,0.101563185670799,0.914329280751141,-2.27058299808571,-0.369296454803989,-0.262632331537889,-0.325769232006197,0.473892784085615,-0.988551489828441,-0.539491844488056,-1.26910927785441,-0.595184180879051,0.494271885040309,-0.37272730444002,-0.521825282356614,1.43829448808879,-0.0016938419071401,-1.06091263600242,-0.209638722957932,0.0021169125006467,0.446125312930878,1.04011905656404,-0.195574909045655,0.642536201075708,0.0396140829668452,-0.207086274839102,-0.0091349856653354,0.0546990049288174,24.99,0
145210.0,-0.120597156273332,0.469781383166897,1.22103850493155,-0.0190775754974485,0.0915574083534696,0.0369100386054697,0.13592512028631,0.183019423544948,0.453848971601878,-0.596475034173662,-1.14145567948264,-0.511590839769263,-0.951584192489729,0.16199330197848,1.0606161860668,-0.24171874678423,-0.143930939453174,0.207908594859409,0.903933062337829,-0.0259627299036191,-0.0745117649852035,-0.190257448604701,0.142750785130326,0.612989749941895,-0.94553568593259,-0.549607346925942,0.233887558357136,0.218639276472762,9.97,0
86376.0,-0.670238130057305,0.94520635153406,0.610050626297701,2.64006508673377,-2.70777462644103,1.95261056051566,-1.62460819938343,-5.22990786160988,0.21020202822781,-2.06990438955593,-0.529805728295342,0.999716276092526,-0.0861120244186652,-1.50855714024168,-0.450669492347937,-0.328387382736473,2.27027117814029,0.709666017682026,0.913175997078955,1.4749287568126,-2.50445018690737,1.43647237841825,0.351542386126581,0.648466904268149,0.579681417358758,0.0757375933335965,0.346717084034013,0.282208626038179,323.77,1
121466.0,-1.30752774043255,1.44760644132689,-1.64472585884279,1.03392506747259,1.54707711739278,-0.313225495954563,1.3463567004525,0.108544624322965,-0.708548169832186,-0.459894085958353,-1.20383445324587,0.0251525641165195,0.919486963047135,-1.10455170668852,-0.132924723835519,-0.381254994888723,1.13046473513871,0.454454430892378,0.836950841217095,-0.0724710019301195,-0.0996077522524203,0.378207930497623,0.199087666300491,-0.0617695737271478,0.38084391183934,-0.341203375850818,0.493099352447852,0.166003723408938,77.39,0
61275.0,0.648775141655382,-1.26883156266268,1.50149500300547,1.31617872634313,-1.90152496014608,0.0864847509950717,-0.736908807448719,0.20424384552543,1.68884085460757,-0.531370744269659,-1.05333320112429,0.421552756266337,-0.846367579527737,-0.766114161633429,-1.00034698210194,-0.326800775763549,0.431218360186791,-0.308293135080226,0.111956891253173,0.317946737013479,0.0804108840085015,0.0751888542879379,-0.207460028319922,0.796200212157106,0.191228772991904,0.52228083451953,-0.0106064442599633,0.0703096766665188,250.8,0
143755.0,1.77910293908757,-0.497717088275433,-0.219455099367691,0.514721344707959,-0.944476443481677,-1.04450222035998,-0.241356972650229,-0.200717047311028,1.1718506794954,-0.29093953164128,-0.224541279535565,1.00332497848071,0.692160391696611,-0.0022418481453468,0.963833104905765,0.0708049145630052,-0.533379426263179,-0.20593167000489,-0.332270296462962,-0.0166851845978546,-0.0334829532025502,-0.151621072513932,0.31481528510179,0.422422417914839,-0.438913016425501,-0.973547706874208,0.0447026683575425,-0.0041647774126134,100.0,0
46952.0,0.961051012433912,-0.0336599609208604,-0.117842819192716,0.686358399390541,0.655209795661874,1.76029012117624,-0.466167438700439,0.634894123027252,0.257040629092158,-0.81932347932798,2.06836218896164,1.41923298545883,0.222583255763735,-1.3615642582083,0.125619266329983,-0.891538514556016,1.94180885023122,-1.36434801074339,-1.16431534822056,-0.122232479162247,-0.0144822725836799,0.302746595174456,-0.041990299222968,-1.39102512987467,0.256696745866848,0.539453013263235,0.0685964928539743,0.0188284932848242,29.56,0
55601.0,-0.778126071053601,0.49638595825342,1.52294574564923,-1.46987048832059,0.216147705593266,-0.127531002070308,0.409329915054946,0.282816908573055,-0.200254922495718,-0.602356550845433,1.07501521041231,0.422856759160853,-0.420578303596796,0.235976539649756,0.130292096089748,0.619276368944858,-0.744571360587704,-0.135632946051781,-0.632843445883618,0.0725974741528467,-0.0079172973941701,-0.0605235359270934,-0.0220943647550473,-0.274946880992237,-0.401371723795856,0.751678375224695,0.25683699028667,0.160482056888428,24.0,0
54842.0,1.12244281594679,0.208210191167264,0.541140366346045,1.47669085191398,-0.292161284346253,-0.363567408561331,0.11146560382056,-0.0588201313897265,0.218544476937727,-0.139213220362173,-0.188582978563335,0.810759934174101,0.136703199363799,0.0235009552306959,-0.152918390891016,-0.832792171952433,0.364623492829823,-1.12312092009361,-0.496454429546243,-0.160243547354691,-0.0704293727266726,0.0260456853274033,-0.0349567188794251,0.417648476096968,0.626539650946285,-0.334588901084882,0.0406195395898984,0.0216645168654113,18.42,0
42075.0,-0.278613255816051,0.761703603322447,0.846531982530522,-1.07146152423721,0.463609307592256,-0.0127546915898559,0.678380091915401,-0.0383448319930442,-0.575925705799407,-0.383861376450376,0.431892338397133,0.6141978703282,0.839864598078937,0.105137657705973,0.152611843697666,0.621121388074202,-0.975094850318424,0.283866615791253,1.03206682113,0.0641110776575591,-0.159298399090208,-0.544716948817695,-0.188811010090967,-0.770389792134911,-0.127940972388321,0.84634630522447,-0.189891126727388,-0.0172749815387041,24.05,0
134477.0,2.07033356595617,-1.14603485267853,-1.45633923617373,-0.952234399777368,-0.436633750933459,-0.434773886558143,-0.475590458271591,-0.232674898927982,-0.126079599065043,0.721686688376445,-1.65243297804171,-0.795883113427055,0.314641392267758,-0.273181941637687,0.0625034774844736,1.13041845256799,-0.052042668740731,-1.23013511672292,0.920606869148026,0.180328639874078,0.188107678061476,0.402321360587342,-0.0591986348231578,-1.03113624334951,0.0327427207114566,-0.104595716641135,-0.0331079047641989,-0.0506785702730476,109.78,0
146270.0,-4.97090655092642,-5.28304647730112,0.656540707710653,-0.99036154024577,2.89380687661229,-2.92589886518226,-2.33120635028438,0.924889810466813,-1.06507892222425,-0.156480769544132,0.152503646972043,-0.511470458307636,-1.38648966246616,0.731311256375127,-0.87802842782646,1.64817907539052,0.0863990426637418,-0.951209801792831,0.541053539596593,1.70930700898786,0.238420154957418,-1.62514902786688,0.0466892288118155,-0.469172152055683,0.345416649068054,-0.678346332731489,0.16828917401877,-0.7804764367795,101.64,0
43562.0,-0.537059072379383,0.549918170261692,1.39157168346713,0.264331434751146,0.189198248697846,-0.521192545914786,0.502385366901439,0.0501718070762332,-0.999424533058929,-0.0258243148147294,1.01112017754025,-0.397475867053745,-1.46407982420447,0.928345522619275,1.14403782276658,-0.271134771251944,0.183263950989827,0.174446417605996,2.55690131044652,0.276143492633046,-0.333580459777425,-1.21779241356303,0.0218728943526221,-0.0218428582484624,-0.216948101869901,0.914902060395787,-0.0451484765116348,0.0568625500240987,29.95,0
49810.0,1.13061908521559,-0.617061721852264,-0.39105220034206,-1.93770948140774,0.397537296590466,1.33667548966607,-0.526644052530946,0.55834494900006,1.2011227940418,-1.04089781623266,1.61211902822385,0.82176566412989,-1.06361005941794,0.810279249246395,2.27245365274197,-1.27825218594391,0.564926575609148,-1.1914213503377,-0.191291037132748,-0.220810906206364,0.063616145717918,0.341682016950062,-0.0393100846459035,-1.8567393721345,0.261533220609587,0.101547907936601,0.0581089223045504,-0.0196472019191064,18.94,0
37842.0,1.13803744059682,0.256343495263204,0.259057870590982,1.22582631501008,0.0232059505928429,-0.145136977645935,0.158372381670841,0.0168031224479244,0.0936426697041878,-0.147464339029422,0.113033976102225,0.597652282850136,-0.271240916195409,0.338000378958222,0.514489065084329,-1.10418989089713,0.587944367288956,-1.44027159328715,-0.92282735097569,-0.248657218415628,0.0416806163489821,0.360231126171309,-0.0463671797565924,0.11140840683942,0.65379040372981,-0.237131802255178,0.0445490930388035,0.0096456313226732,1.0,0
12457.0,-1.9545005253914,2.20518259563365,0.138084750566132,2.66299464735042,-0.203489473722484,-0.610872353182462,-0.325557233624139,0.964663970662818,-0.410002228655401,-0.0998412659078283,2.09473973493956,-2.21800677539069,1.23709731955006,1.48290650144641,-0.791909238740888,0.97615603176475,1.49456153299214,1.28372459660915,-0.403068725490952,-0.213078117617252,0.0647793009174794,0.0764468054420463,-0.143858943913186,0.382734545685937,-0.478691189628085,-0.0936163959956459,-0.542746867844674,-0.250145330905137,0.98,0
97468.0,1.96805641176247,-0.556916633591122,-0.110661344729598,0.230914035416693,-0.527964049022682,0.564502123748092,-1.19176633290691,0.260864328023696,2.54921006188615,-0.206553757179054,1.14403821457025,-2.09488485891033,1.10263975698315,1.41219858792114,-0.504081063124637,1.04837133779328,-0.326589766185485,1.09728277862652,-0.0090574746395632,-0.197363112360954,-0.1106955874901,-0.0386444663211367,0.292555681671948,0.138384663863863,-0.590020550107747,0.424126557037655,-0.0545828027609223,-0.0531576803714573,15.95,0
936.0,0.98737332748063,-1.02303120797375,0.295023730594439,0.347226540437022,-0.739013708073264,0.661733064319757,-0.577507690575287,0.0962648533963851,-0.750066007842887,0.762813538152001,-0.147795614827735,0.704244417482061,1.13219464093595,-0.236830515019068,-0.360102232220445,-0.923806326069433,-0.771706367127915,2.24655505969901,-0.447615146290045,-0.0830160402263874,-0.15043554322682,-0.19436966200534,-0.376601436618507,-0.829535842163766,0.608160081188547,-0.188824281826711,0.0433215559824197,0.0450421510759822,189.0,0
102619.0,-2.48836288474016,4.35901910783724,-7.77640985018266,5.36402677044258,-1.82387723220959,-2.44514013600669,-4.96422092061784,1.48489015991725,-2.94789885841072,-7.17534972178322,7.34365210856032,-10.178995535122,2.14215063066493,-8.98305216762269,-0.473746033414928,-8.14334226244301,-9.78567719982127,-3.08651950539248,3.37971333584943,0.792274684105994,1.32567239039937,1.02122620503862,-0.266476205063069,-0.370880444896658,0.365535186093547,0.081372023747405,0.184983040876449,-0.211582455539506,1.0,1
165625.0,1.83608759278989,-0.706390828065863,-0.658536005783436,0.316438106690345,-0.628568302603379,-0.272590650859629,-0.55520440764496,0.067706076781392,1.57742104647981,-0.214376144972515,-1.06859887624194,-0.354235458908589,-1.23307818088813,0.302993558131787,1.32909341545003,0.221412522662772,-0.574199933398342,0.528013126508582,-0.38682507802766,-0.12594105211316,0.257974047954394,0.650903369895171,0.101836690790283,0.639349461112951,-0.131424121877843,-0.593726542948805,0.0322167798293478,-0.0149459647808267,90.0,0
62236.0,-0.911292253693415,0.823024041067401,0.458115067458811,1.19333085344212,-0.388535545145984,-0.361484539976193,0.904460974152583,0.341154781116099,-0.615734892962505,-0.431602511401464,-0.352059940169456,0.560365727914565,0.247438829352638,0.501984824730851,0.237124495444335,-1.04961110808415,0.648901197334612,-0.672610088381408,0.129536524327227,0.311855045468653,0.269663899757262,0.706168922139279,0.332790522308398,0.410881176557016,-0.392349416662392,-0.320735929312497,0.304891712044995,0.184215771503797,150.4,0
158721.0,2.0129271704721,0.042369416904331,-1.83415798590598,0.573387041364462,0.354901758356153,-0.649382640496397,-0.0083232904695696,-0.114712842591606,0.592027076766431,-0.504888166360434,0.702876852516344,0.65656929706565,-0.137067501990748,-1.53797921055267,-1.09476316216641,0.446977682167333,0.815692230542049,0.821165633234594,0.344667858719526,-0.145513764541397,-0.0084529395340054,0.254349799234204,-0.0385215845198603,-0.55969815634609,0.123482393054307,0.648067472044586,-0.0457220298509617,-0.0441923921876786,9.49,0
77412.0,-5.32346308275128,2.61814229418264,-0.936924927914891,-0.280201488444917,-0.92275287979683,-1.18948703813099,0.0181191576355615,0.628246538916684,2.44727386384515,3.72950425722278,0.288845712813837,-0.221256899071582,-1.02310419120044,-0.860878077430724,1.5872556068286,0.0595482054031041,0.485788772477659,-0.783166923900486,-0.79434621604906,0.523160517519139,-0.898883373344104,-0.784747247710364,0.7957969363884,0.282496195872964,0.567142474347888,0.126808436535888,0.74234118703051,1.31232201533161,1.98,0
170093.0,2.00112430708855,-0.317214892887998,-0.707326674560984,0.365976460952743,-0.526469966883433,-0.971968701920487,-0.198737907029623,-0.222860153667279,0.876597470331853,0.0388087609278539,-0.826420745843362,0.346302071484908,0.0866921476090335,0.0494855491343091,0.303263710705808,0.131048307710344,-0.396222345459963,-0.389311597559899,-0.0903093536475416,-0.16831259892424,0.0065428908945453,0.152419336017315,0.205525263697339,0.090655904169012,-0.269953995472971,0.55287507911845,-0.0598681782235433,-0.0535719284103073,22.99,0
58067.0,-0.264868683737295,3.38613996883911,-3.4549969895002,4.36762905773351,3.33606042827178,-2.05391842272465,0.256890458421417,-2.95723544083265,-2.8557972336327,-2.8084555425423,1.84750351109611,-2.4148223375383,-2.57322454244165,-6.5991261303635,0.123470382678038,2.57237180761341,6.60936580903842,2.53066979960508,-3.60265725092653,0.482513022122587,-1.39450379366468,-0.166029306744804,-1.45208118338289,-0.251814670710545,1.24346054282121,0.45278677690471,0.13221807596169,0.42459946550375,1.0,1
76937.0,1.30737547138299,-1.26857888022103,0.809139178722833,-1.4538102278347,-1.58975844947347,0.0014559081371367,-1.28829471746474,0.104610654329248,-1.98408427061753,1.49098223886373,1.55626249641428,0.230017484374591,1.0488552162773,-0.34760615758123,0.31740796355905,-0.230783633610705,0.38082162024222,0.0628501786920932,-0.410970846682587,-0.197902626870214,-0.160495179645839,-0.181612586960391,0.10546025080453,-0.0094266052889109,0.0452884178172487,-0.327642974668158,0.0584340066444199,0.0281696959336232,65.0,0
148388.0,-0.0247005890330125,1.09456170929217,-1.9313907463648,-1.25452330089866,1.27242333507126,-0.474521168471675,1.26487544940965,0.110502977586085,-0.535901100216818,-0.686649296384646,0.0263763486882536,0.66220792924475,0.0077138003612865,1.15659360178933,-0.648187848153762,-0.290209926852709,-0.775599657922575,0.46719199199583,0.405018834602671,-0.321291783061312,0.353614034951469,0.917603161340885,-0.175875902417425,-0.0860160644612042,-0.108937943388717,-0.522713116104576,-0.148249892324416,-0.0042970367646734,44.82,0
162120.0,-0.0580677930771787,1.28868739165013,-1.2106043695921,0.498668930481899,1.0416842955197,-0.983624575889325,1.28198855033792,0.0021222933608025,-0.973162594218644,-0.3651978721699,-1.72957310167777,-0.297854182705838,-0.0733658591052685,1.03700807259603,-0.0136155189791246,-0.250568902441358,-0.473270159951947,0.0658525146054466,0.131410815006752,-0.218158453076669,0.250560384465082,0.608053666937801,-0.160360746334903,-0.660305862783658,-0.0443788043637254,-0.49740037370213,-0.0201996456863069,0.0223423766907559,34.9,0
70638.0,-0.872566632223423,-3.11548553710706,-0.928808350693677,2.00545795742713,-1.32721536343224,-0.564632769039051,1.6895231238652,-0.531548903933495,-0.183554067883348,-0.502735722015073,-0.339742140075733,0.363394926337025,0.440864680788159,0.587865615179372,1.03070348168154,0.183201406019143,-0.409390985942145,0.0439712795780372,-0.720641832426693,2.10405538268683,0.694134608328879,-0.432426985069972,-1.06858087359048,0.455406409069259,0.294201161126914,-0.44581983945021,-0.191742848853947,0.211684873243158,1100.4,0
38318.0,-1.55852278917748,1.88560990761428,-1.41520207135313,0.971888468881552,-0.864549880612457,-0.913685098513745,0.360130113729846,0.961679886109673,-0.652196457502577,0.0737286807971917,-1.21509458088514,0.369783518242588,0.359830035517107,1.24701261168952,0.635971713763544,-0.0598926377961054,0.179821035331923,0.0728105112844292,0.452318966722157,-0.115828188643209,0.123950309481516,0.484503774864958,0.270684979356201,0.0462230311665315,-0.45150723242839,-0.36775651961579,0.422057405399244,-0.0040249505961244,99.99,0
55614.0,-7.34795494690262,2.39704134824746,-7.57235581757844,5.17781925521834,-2.85483828261718,-1.79523877381611,-8.78323473517424,0.437156561210431,-3.74059750992972,-8.33286306292127,5.76318940883843,-8.70787929219866,-1.71694948774786,-9.57719439289905,0.146369002626258,-7.58649078643175,-12.5039309695675,-4.37563101237668,2.46519487038601,0.0731637913502985,-0.175273369741836,0.543325051876651,-0.547955067054245,-0.503721690122004,-0.31093277648824,-0.16398601754964,1.19789504657005,0.378186688214491,0.83,1
157425.0,-1.79375205985576,1.85372304382719,1.41499440657879,-0.513456104024545,-0.475125070887558,0.172850468051731,-0.647423081433957,-1.84977614518641,0.107335652292996,-0.869751927035036,-0.934663927167526,0.831723974602797,0.86271925672738,0.0818736741248907,0.549831977080339,0.0006771634645324,-0.0161060018739664,-0.0773753032746898,0.306634027335595,-0.425847140128759,2.11884825487541,-1.19091400069661,0.126646355529063,-0.142154085659723,0.471040071847836,-0.373124910963497,0.303795947576955,0.101177284621627,0.12,0
58126.0,1.11364972638096,-0.233325147374722,0.47843285180741,0.628399639710172,-0.389930744525512,0.310200582469071,-0.368808665706124,0.287030354383306,0.506713494849907,-0.0522167753187611,0.729579389962081,0.387542966504827,-1.51886909665796,0.382524942535961,-0.401047223571831,-0.115126833152518,-0.0107625627219663,-0.388758558780439,0.278240457580612,-0.173283094130569,-0.24354886838843,-0.657439099516874,0.050648245969586,-0.317369626395549,0.22047976464362,0.215309459088976,-0.016968229557337,0.0012214981762147,29.99,0
38872.0,0.933846991320663,-1.30250169933693,-0.233654883305683,-0.402712858020808,0.918132983480738,4.44266724865977,-1.36232255416573,1.18295005136004,1.61446410962562,-0.571578845646651,-1.05982776183279,0.612225513854126,-0.227872411964942,-0.898845017905816,-1.38659708139322,-0.196201491512901,0.0447490424234556,-0.271697685803855,1.04074130354981,0.318016591814146,-0.202904779209775,-0.594277086293476,-0.15132946282201,1.11326040292067,0.351483136086085,1.02885916820963,-0.0301144777156504,0.0343230007521394,155.78,0
77589.0,-0.571547418021491,1.07930455615224,1.72947942896607,0.0826382026350531,-0.425432822077353,-1.19331456738809,0.700979113610373,-0.109415318308326,-0.279304473137362,-0.191459407113945,-0.0127005320647762,-0.183848567944919,-0.635405066549886,0.252335451536055,0.880403217644796,0.0601241323660625,-0.174525139136959,-0.462272319559956,-0.180281701934154,0.0266298239628562,-0.182898486293737,-0.543045018457172,0.068381895897087,0.882085139988814,-0.293858432297151,0.0276009585071359,0.129582643225848,0.119893799448288,8.99,0
135392.0,1.8517437488257,-0.431373712586014,-0.89812647226148,1.20259593357786,0.258184352604884,0.847993707837612,-0.283044075851117,0.200026638614622,0.985656542655454,0.119186999809717,-0.767398291549138,1.05516046493961,0.0741359347164032,-0.156761436234177,-1.7743204641024,0.115467946732709,-0.747673039063176,-0.0310277175690171,0.92640276469516,-0.103099487009732,-0.515935233747078,-1.35062574572711,0.202745857619861,-1.52362049958647,-0.200583996203174,-1.04165593568967,0.0406439351837883,-0.0431020788703901,73.75,0
162804.0,1.68861572211306,-0.759253392867353,-1.78174291752107,0.967917796553476,-0.16110995338122,-0.210000933636414,-0.285740852565764,-0.0959242486894913,-0.417185443547519,0.0008067043179673,-0.743877286168235,-0.309165134924999,0.637080250032434,-2.30831024537506,0.449854307307786,-0.589093125068167,1.2589555892549,2.30812739619945,-1.59277786552899,-0.12804928302655,-0.328873206029562,-0.764961932307009,0.0471825464399694,0.173040089598474,-0.185025168037957,-0.705169327073537,0.0554148852307418,0.0578310042728299,214.0,0
74856.0,-1.28290364515434,1.12483951710986,-0.462093896243996,-2.60515083647269,2.36462950374477,3.07410964739369,0.183334454784241,0.710752065075263,0.254940878049109,0.220780007777073,-0.206356286021612,-0.2504226538416,-0.121535107312009,-0.0392992353808659,0.621634120854742,0.691059992014144,-1.15790400057784,-0.0277641875276611,-0.295761810155688,0.212395750980743,-0.0412868787682459,-0.427387333467998,-0.092831165185263,1.03676406330902,-0.13405903777481,0.717546868613581,-0.328887320502473,0.220297463173877,0.77,0
153494.0,0.292366877818498,-0.520790176541268,-0.0064713741508368,0.236876074053261,0.707816994569373,-0.524440326209053,-0.0564211298949617,-0.380067614314714,-1.38970200127047,1.38350639766463,-1.16877902718797,-0.934563796727493,0.343268082544381,0.200789814803846,1.75511600190117,-2.51435142309617,0.472282509619356,1.77443023949182,1.77310995070472,0.0903738266949219,0.0190085479063724,0.654886476523149,0.145467059153208,0.529513847302538,-1.28330044411479,1.01543385798456,0.075559251378489,0.0541644181446425,25.2,0
140359.0,-1.52421798750662,-0.363703591564161,0.635789696651168,3.12466978878808,3.57314079832273,0.662075728252372,-0.160138854751611,0.489329725205243,-2.04493078390255,0.888315884861854,-0.583490775939973,-0.0078841468146966,0.858238250459863,0.349657749491889,0.342473182576007,-0.28314476738684,-0.0192350319476021,-1.4213708125924,-2.4648504749579,0.319698134465906,0.581501534009369,1.21115834602644,0.238552231276789,-0.337024402758591,-0.436450481923711,0.184593513563376,0.139431386626415,0.225112695828321,24.97,0
80886.0,1.20496393930841,1.23180328816697,-1.57163029252829,1.53361922803598,0.871230919756644,-1.51221561613971,0.655056333744127,-0.224294065877812,-0.665653533719957,-1.37345684117447,2.47262673399174,0.0642802568981945,-0.491604918819074,-3.12845944333459,0.40011956393862,1.24515874823624,2.47145613844001,1.86207733616281,-0.545782450670452,-0.0428847505322735,-0.162021196641738,-0.415064868183898,-0.217777254588533,-0.0029313028012396,0.81864934701019,-0.310642089126803,0.0344069198745894,0.0861707061819688,0.89,0
157804.0,0.862941187980347,-1.88749019335918,-2.17087155786798,0.852340177395539,-0.621354181195796,-0.781277508071769,0.682628938147886,-0.201053970899531,0.87937039968048,-0.904076081002724,1.13762261571622,0.417394820666489,-1.37793888553869,-0.86467663176151,-0.585048920415896,0.222538462574613,1.00530597135217,0.656441242794341,0.135987224791507,0.895278671772378,0.147433546394276,-0.690343079415677,-0.295426478503889,-0.101920082758047,-0.371265073573484,-0.164802184968382,-0.122705562608091,0.0653487872328319,578.8,0
80185.0,1.16007840897604,0.173597595219352,0.40522644057776,1.46338928243094,-0.363027039099091,-0.642797208785596,0.175314907332791,-0.157259411339046,0.299446270574894,-0.0905919459983964,-0.765817709736697,0.418250277174755,-0.158305071191577,0.0532705146312531,-0.337161239385992,-0.425105136341581,-0.0109924805562255,-0.518008507482052,-0.0170015709590669,-0.111410381502315,-0.115021637056994,-0.187991489382482,-0.112623306924741,0.406178541465161,0.725188835009746,-0.344992582849919,0.018385054784655,0.0236523743007966,33.13,0
46915.0,-1.54173798985724,-0.109299235638349,2.0875180173471,-1.02108828054897,-0.228630770887235,0.706983285238629,-0.32587239471778,0.776657097068166,0.561748509368192,-1.00041570191428,0.898520167002392,0.714583405833449,-1.16761060835432,-0.196413823040053,-1.07479651745789,-0.219637062553334,0.269545260154824,-0.838028696387546,-0.590731190918644,-0.293265293813609,-0.0684741363855148,0.0184797347851701,0.205256572707931,-0.255144600619193,-0.308762680240725,0.797861505997759,-0.333670392918685,-0.253287137605647,29.57,0
35170.0,-0.165888147827171,-0.288738335837992,1.58566180170429,-2.27157336648337,-1.09068604811991,-0.80439666407672,-0.281607683428406,-0.0156562817562621,-0.179167025323952,-0.515486568579045,-0.0349619614135169,0.0104972559138633,0.0717320248475667,0.0532205611467249,2.15991022625642,-2.54137721788577,0.643540158505042,1.31304916288892,0.0883966388452837,-0.360120736762894,-0.0239625512832529,0.540750830425004,0.0054916459539978,0.431471038268962,-0.639880369488589,0.091679058731489,0.217281818265964,0.168950010364099,15.21,0
148948.0,-1.03235996447808,0.388395462420792,0.884856660363367,0.610017984822279,0.353145786871624,0.0221577569039873,-0.0287370433376153,0.732712055687949,0.401839908176098,-0.980371928917778,-2.02443707224882,-0.511391216001949,-2.07524995318857,0.357154567782868,-1.34111748765849,-0.286217061356544,0.181866036568908,-0.46092197247034,0.128381942805112,-0.247292611875555,-0.365344024457492,-1.27144269638928,0.204489020022412,0.540874491373852,-0.557419375687372,-1.17469318464222,0.0806089989936145,0.0505385527921455,18.54,0
13915.0,-3.64077569226582,0.740724911521712,0.832858105031757,0.484796125455652,-1.82998124135411,0.372553976631411,-0.743922789086435,1.29112008298887,1.70892977406722,-0.590541067434224,0.903755808449522,-2.2819007050009,0.202565143032007,2.02356613697731,-1.0849113403316,0.833281616104151,0.731857862139132,1.04204193571633,0.479195549610149,-1.0144934736592,-0.337707872314718,-0.260124834529479,0.196262999158082,-0.0351258652862551,0.357282033905844,0.327463564507702,-0.335828650993707,-0.141549292213943,136.02,0
117542.0,0.0631364599307366,-0.61417320386946,0.194134059096721,-1.31542522544745,-0.947799277725533,-0.57301997610865,0.810085939406503,-0.267088414295072,-0.93103733647584,0.0713787847397207,-0.974518600114416,-0.733765574366968,0.390676940699801,-0.402165606618939,-0.262532074879796,0.818169588337234,0.235862515709156,-1.20690039170011,0.857563872068528,0.522770475109389,0.402282956852885,0.83553968944349,0.502352119267139,-0.0220925095736346,-0.661026100138596,-0.263281450655802,0.0656059654048074,0.121714352296574,218.45,0
133320.0,2.05294937389683,-0.0722229445894162,-1.07008748115631,0.410826404886959,-0.128097830961141,-1.13315355352445,0.158575451753539,-0.299337632764652,0.566277178705473,0.0698218389165209,-0.720262171079613,0.366216873721545,-0.113533043328215,0.315695536245939,0.106470909335652,-0.155613060572765,-0.221757362710213,-0.937216776471263,0.0753467814881484,-0.241431753059128,-0.285269961328284,-0.689786295852901,0.348861154295248,-0.0179665658615893,-0.319392387452402,0.20162402366456,-0.0687299081408158,-0.0608373860533947,1.98,0
131356.0,2.09193555129475,0.148705393345058,-3.73818419962478,0.159138929845263,3.38635158375698,2.86936559543656,0.462436628939614,0.467049194851337,-0.437896049063478,0.415273534952272,-0.132048712672577,0.132293157206069,-0.441097456267031,1.11054035460736,0.0760076735730765,-0.935164623522762,-0.300612674274643,-0.590796255867547,-0.413209893467395,-0.234751226781111,0.299463890751374,0.955414101136824,-0.182722112241303,0.751729687760501,0.917921448502196,-0.174131643810551,-0.0342891096744359,-0.0857169202245993,1.0,0
66363.0,1.42832306916289,-0.220925231478342,-0.182173150709352,-0.662865253554471,-0.516344321246165,-1.35977774963681,0.0817304004586878,-0.491842340255209,-1.36487578806335,0.640207240542314,0.0044873632092119,0.123722862471818,1.51699134380912,-0.160638043330573,0.27184494477185,0.66441810285619,0.326299348847168,-1.76813632621214,0.624320225640099,0.17782594853185,0.212863828564906,0.591204877573039,-0.191310856514417,0.474142372620228,0.836920514805841,-0.0909336051612144,-0.0219286628258857,0.0069425974542289,25.0,0
87758.0,-2.89177007826441,2.60563953892384,-1.62924442725155,-3.13898185609735,0.207560481760802,-0.434497373228257,0.0283272191387803,1.38608378383227,0.473187159705018,0.106750489600496,-0.394981860465351,1.07419458530612,0.416597902120004,0.763028373306144,-1.1339816728228,1.01631070074436,-1.00065449514957,0.0053600522113128,-0.314518048323965,0.442631245092339,-0.350659523444641,-1.02906828051636,-0.0109405975902989,-0.362540254647424,0.429493446470678,0.417205756799098,0.470287400834804,0.329267445959645,1.0,0
7740.0,1.02387386852139,2.00148526626613,-4.76975183220974,3.81919458538265,-1.2717542273697,-1.7346624268403,-3.05924503160896,0.889804791975203,0.415382113237262,-3.95581234352737,3.57205481558784,-7.18645159050588,0.147242340802109,-5.24930454889762,1.67833367358535,-2.64147310915178,-1.31205856007348,-0.391716050952505,1.11826355175812,0.204137684042271,0.343282648722251,-0.0541956644068491,0.709653952497143,-0.372215866946976,-2.03206836614816,0.366777602071192,0.395170669257609,0.0202055389458413,1.0,1
82217.0,-1.22241042888397,-1.40583011624512,2.35814257562047,-0.349027305076278,0.171356109105601,-0.958798733251634,-1.22856974616118,-0.0612222614991084,-0.743057015928004,0.868640039413523,0.166834462341473,-0.948886247591603,0.0001623516776107,-0.587790937975527,1.80468416041406,0.528547624906696,0.737262191427523,-1.11257473525196,0.928513451122424,0.260720961543239,0.488967171982828,1.49657154106263,-0.161582614848504,0.478213292744415,-0.475965491352577,0.0092055079314521,-0.0653201074888708,0.0205744577998586,22.0,0
74538.0,1.28254023654952,0.153475566063446,0.114726460347565,0.684362417709353,-0.367477367215302,-1.03606851628073,0.194067041732024,-0.229845721638645,0.264229371606224,-0.0938243147734244,-0.660421445833306,-0.0291501037718618,-0.725360148008976,0.319287396566726,0.124485712818898,-0.299979074826504,0.0248520453247021,-0.555964097064375,0.133365207630408,-0.172344270006711,-0.0763758286593227,-0.0879330386279234,-0.0992702497381464,0.430031662375866,0.642807809120754,0.557192825186494,-0.0563110419258901,-0.0008526040620032,0.0,0
160183.0,-0.633281109823079,-0.846843192888548,2.29330442683427,0.238105125887956,-0.798162749350947,0.74837412535753,-1.17015060919449,0.395006930020656,0.614843572618244,0.0757723552776566,-1.94442496676893,0.716746432525691,0.891399654513073,-1.66667929687443,-2.35710112674832,-1.85305175969104,0.111280430793239,1.49284501814641,-1.22743060582818,-0.679685235885511,-0.0743452052180365,0.810156136826847,0.0574267373108867,1.16646958412018,-1.1558486657781,-0.725232343866038,0.365684314956356,0.26559388886412,50.0,0
145549.0,-1.23344012852512,1.65792569555354,-0.723125501598295,-0.730285614233765,2.2029221259174,-0.293025777372038,-1.8184703407061,-3.90613428214758,-0.0327890291382294,-0.246114828727906,0.749172942351747,1.35644712277983,0.653398672287889,-0.71732274465617,-1.0747151207566,0.534363761204552,0.343538244338326,0.273207796946112,0.151419291835257,-0.948671510490456,3.61153290151784,-2.19973093204259,-1.49119505013857,0.24322277399916,-1.10982626881887,0.0454252228278685,0.327218601284024,0.20748435371794,0.89,0
35212.0,1.31454034851503,0.308331869234123,-0.0490356152728622,0.50189363646994,0.0032081641737135,-0.608729495329252,0.0484028306459202,-0.133726164208971,0.138795773064825,-0.271961912543022,-0.870496608429436,-0.211744196720975,0.0512909989689192,-0.273576961234714,1.18969471246855,0.737640395710734,-0.291285971075701,0.0131398925987344,0.119504306388828,-0.0743339590296764,-0.34620169644982,-1.00968025120552,0.0287185825759461,-0.517191531146041,0.316713051136902,0.148101968138927,-0.0262153292875399,0.0215328280444456,1.98,0
160763.0,2.0211702869573,0.171539673653981,-1.58671430320068,0.337452438550014,0.451805515796783,-0.645531916270682,0.137839442545687,-0.145113461989848,0.104648715735441,-0.23185944985589,1.43008595883739,1.30776813237096,0.718907692075912,-0.790459939506849,-0.593775917881724,0.421863059756805,0.246683762987843,0.0316432637322245,0.266861672088008,-0.103246802840418,-0.292255565793765,-0.733985462919507,0.342021092801071,0.690896144112081,-0.286771204541481,0.140081271443488,-0.0610565815364587,-0.0372231980311905,0.89,0
128980.0,1.82600062322904,-0.257437828582358,-0.386600496997718,1.16183073420582,-0.212239662149535,0.239651488216304,-0.439100600602258,0.179825103872567,0.562270640925924,0.294945460638568,0.87341310509642,1.14051866324426,0.0832738223376003,0.208066762680559,-0.201311850124475,0.497021220466771,-0.858338440846998,0.212169414978424,-0.214684824927956,-0.130320321251845,-0.135205718160653,-0.433837850120756,0.38251709945014,0.627502785390193,-0.427891995135054,-1.03594728070415,0.04018367042163,-0.0206265005851522,49.99,0
134774.0,2.24107944292916,-1.3823001054409,-0.668047637202984,-1.68462397917203,-1.17624509138075,-0.0827731712519924,-1.34765959364052,-0.0133075525603704,-1.4654412547991,1.67869720284957,0.91012387839313,0.467006522381398,1.42737649371141,-0.564140570038581,-0.798527959689382,-0.334612138061767,0.17510790138082,0.311955853867326,-0.0069628200721161,-0.343703009192837,-0.0801938654600263,0.293738198240121,0.283800640670925,0.711899794494596,-0.277054697147662,-0.229538194993776,0.0285538920385371,-0.0461096109942686,12.4,0
113924.0,2.02273748970705,-1.12085972458617,-2.010344942939,-2.48539344718426,1.43384182317655,3.44857043917774,-1.31573687199349,0.958628556485462,2.23017027208598,-0.95158647096069,-0.0125971308916218,0.811049291021388,-0.0452288207411784,0.0203476372027012,1.44989852348904,-0.564136741304681,-0.345704198804459,0.166978999133768,0.442537210212263,-0.0975526099749954,0.250725011515176,0.934864982809645,0.0948452062094974,0.772483304130762,0.0132171702390375,-0.0438196303691354,0.0568270773559975,-0.0495671275170259,14.68,0
40733.0,-1.84145070691527,1.77464139725798,1.28521272867753,0.744954535319526,-0.587723507881892,-0.792890703282515,1.32324201977416,-0.632697828322139,0.421047783046446,1.54516396557104,0.265526281658941,-0.183463772319106,-0.216406862680228,-0.367438414926547,1.29852197751543,-0.634250645220206,-0.166216236284823,-0.214270647502281,0.215570981558883,0.184318899534675,-0.104958513625369,0.31857440546221,-0.207726248167857,0.925782387182801,0.587428018193447,-0.345986870528494,-0.891064951185078,-0.539736937210732,79.5,0
65936.0,-3.5934760029271,0.78144226309285,-1.82244751422669,0.605760683474701,-1.19465586719981,-0.517194856719497,-1.72252312325165,0.128889523769538,0.0149633080909052,-2.85611682977408,1.61826162043188,-3.58137450130299,0.623706919914784,-6.16045662030601,0.494733399107095,-2.54310504010287,-5.30127339068683,-2.19271270602319,-0.09472379272847,-0.478219313417121,0.351792125839819,0.391248950287018,-0.252874890557857,-0.498042480147132,0.0101721931231225,0.909928721553306,-1.47876724603751,0.722673039450917,101.5,1
130488.0,1.08479111350344,-2.07480618500842,-2.22295481984258,1.16305641533649,-0.680529273861042,-0.970505780388645,0.924724611593092,-0.556551505373469,-0.793048235380244,0.840855288459873,-1.43083722882309,-0.400546964201211,-0.630061282711008,0.650213218115015,-0.559614618751417,-2.05846037792109,0.111305180924788,0.99997074683255,-1.06104296155063,0.376412838319086,0.0039067123035685,-0.58942376927187,-0.411848013237778,-0.0549570034074299,0.141876362725738,-0.545475949920378,-0.101379946772535,0.0372415124570522,561.5,0
40766.0,-5.36221083398276,4.66404033774414,-2.92367175585813,2.7610370123775,-2.90587496964601,-0.851044601486549,-2.46613473942146,3.67488571943742,-1.26471301441779,2.11674327226177,0.182121711083013,1.3471993823958,-0.239871620299398,2.72135338745837,0.18444829521143,0.791438356967332,1.22991826591559,0.587960810357237,0.73718183707886,0.0197302642093806,0.113040383083301,0.0776824229608305,0.616439227283859,0.496078691793924,0.169408149072883,0.153085880414266,-0.321073111613799,-0.125432573376691,10.94,0
62939.0,0.915080674086097,-0.557339581130227,1.10424838992957,0.700868299904805,-0.69321256791811,1.05283064173693,-0.742705197452716,0.471939558745742,0.740260248099012,-0.278602260617247,1.33087716337581,1.57583771830644,0.125840967265556,-0.307059245670189,-0.606672771756795,-0.511297354499465,0.355866267160955,-0.940590656279164,-0.232193499431443,-0.0009110999287714,-0.0581239370616956,-0.0186726126978686,0.0388788032537691,-0.222867597480374,0.061982007420128,0.407781443646775,0.0271991899379257,0.0195064388516362,78.91,0
169702.0,2.05550982741367,-0.023821988355732,-1.05597274913586,0.403915595553819,-0.071684595932984,-1.11879311634081,0.199197800934619,-0.334281873429877,0.472517587966548,0.0521175112637693,-0.614533195917871,0.695949244847279,0.506342978086838,0.192047074958335,0.0383014397437971,-0.184843066209054,-0.25722322129742,-1.01351528519036,0.0715084566213505,-0.203923267524895,-0.278801120728154,-0.638428661706892,0.342379203995949,-0.001045507509893,-0.298011749766266,0.199662374917209,-0.0644704048056095,-0.0596954627696085,0.89,0
101450.0,1.80271563878855,-0.304729028381382,-2.09292106094509,0.191727277807162,0.553229538496724,-1.07947464781499,0.755030780282206,-0.537488915212639,1.23622892539475,-0.280493243493316,1.84612084586317,-1.46147612801106,1.8544074812887,2.36890687042344,-0.95448711291351,-0.361398094558674,0.127933143180832,0.220937405220444,0.192921125420964,0.0614761617477857,0.078571659893561,0.251564129802991,-0.165848733831566,-0.392507249841319,0.277480814327321,0.121610930807597,-0.135312186886982,-0.0685389505161216,157.29,0
115335.0,1.91543738643394,0.0096105710091428,-1.49695735651479,1.15593977808058,0.499983334237719,-0.343589973021919,0.334807666614012,-0.0954670885786552,0.0473970641647208,0.410663806048171,0.758546745851482,0.745536518170208,-0.710432502382434,0.78387956765646,-0.754731239359389,-0.202939513940539,-0.514314168874944,-0.0629891854605142,0.0037505705629079,-0.213131347034296,-0.0206118707160112,-0.0692852888070043,0.146824740434819,0.661509086011873,0.146196385595769,-0.74729406995101,-0.0205647153104664,-0.0507182782264076,41.3,0
31764.0,1.29178416761694,0.0768484804589781,-1.11991396746873,-0.0670193817121936,2.15269439557243,3.36634861582185,-0.47297238704469,0.811643714972488,-0.0796374159022159,0.0575098425922598,-0.137197587885622,0.058253251643017,0.0124290618897112,0.467768796417594,1.20691061575946,0.49882836564435,-0.976556699161911,0.275827085716409,0.0003893275150974,-0.0177811406300606,-0.108086601964486,-0.430490028500319,-0.0538862451040091,0.985250008628136,0.702820834694877,-0.423220467126175,0.0252230143614427,0.0185745299864789,2.5,0
145873.0,-2.50111478183292,-1.5241583561223,1.60876888420441,2.72637910212096,3.75030211536677,-2.04028535835774,-0.396217221271146,-0.0079600510350444,-1.19574692392736,0.748165436444683,-1.71553962932895,-0.938940436727098,-0.950301911990582,0.070859283909755,-1.709741730045,1.00462156253833,-1.25793329216066,-0.0335763811514755,-2.86036763776812,0.408192005691897,0.516008609452967,0.754823426005076,0.0304416960006375,0.0155896699934723,0.524362756060582,0.0284370594759246,-0.218181662082077,-0.0493011101527408,10.62,0
124685.0,1.96323086843214,-1.13643105685537,-0.0863854839218477,-1.5862714105834,-1.3415260532669,-0.031881846061562,-1.42589803282228,0.36920256495616,2.65870506104011,-0.788094542821684,0.744920005468959,0.560001059487459,-1.51347999674405,0.136776129373001,1.17212046795702,0.245176513545743,-0.625079301671993,1.23593015899233,0.583702282255015,-0.240036997954084,0.279918753161714,0.951342770023459,0.228819836964567,0.704239410123256,-0.422620799521577,-0.224218061817564,0.0535771546916544,-0.0356060574713768,9.99,0
84459.0,-0.590229267708902,1.3010891249174,1.09245863540046,-0.193575846644245,0.299027150982404,-0.476043860860689,0.634633270430942,0.0569929589710009,-0.571890629190419,-0.0563660726067322,1.36110666180542,0.976313703056019,0.96760734735166,-0.497315586609596,0.137268729624355,0.613810250191356,-0.422117946954016,0.340715059537891,0.28912334611504,0.313093691542692,-0.255812196765058,-0.588998073921413,-0.0758181123400141,-0.0328006824922097,-0.0667351003362996,0.0769723113682703,0.356347578537046,0.145319930897943,1.79,0
124008.0,1.91774083472235,0.0115093670310727,-1.97818378047622,1.09694723292436,0.955452573481139,-0.110112480535894,0.583054828425578,-0.189326959118334,-0.119105315181361,0.379190133063055,0.382742613446315,1.07931986759412,0.246474989623675,0.605018999325768,-1.18709390987992,-0.397087575133338,-0.593918135863482,-0.0272047211799862,0.22861671599423,-0.0973851574015501,0.106081450614624,0.354781179858122,-0.0913315617007937,0.241026232016195,0.503083558887803,-0.5205220077752,-0.0317456973887652,-0.0587594893480061,66.0,0
129525.0,-0.541030287692513,1.37061913057378,-0.678187192444816,0.700205205381994,1.19397432959108,0.0890670965930591,0.898483138033051,0.398625345540932,-1.10051057514232,-0.0715561011148179,0.0752632563555709,0.675954209670542,0.0345822870769071,0.924610779608624,-0.999622561778613,-0.744249938515303,-0.0889548190918545,0.331434135834089,1.21824276184366,0.0612326895473618,0.187988913747491,0.634570511761982,-0.254230572038195,0.241965020969519,0.109296845258562,-0.397950776514711,0.305975004502831,0.158214732280609,17.9,0
138287.0,-0.941499651502391,1.37423051610531,-0.745180000450546,-0.758488806971549,0.0234608159407801,-0.662021492259097,0.186687152581952,0.83040847370134,-0.41609279211992,-0.386443786193979,0.0763181228377049,1.00663318675641,0.146938285832309,0.844219352393215,-1.12608124582492,0.471878593243111,-0.50532476405013,-0.0361826080189001,0.342730540544535,-0.084762803451684,-0.181942148180987,-0.599176323076671,0.111438859220065,-0.502760673942454,-0.357926585143299,0.158591906194008,0.105534056212505,-0.0007372019804516,13.99,0
49697.0,-1.08194105134711,0.643986140610394,1.07653840745284,1.15447905113638,0.613565546222857,-0.384653230685662,0.747725367400384,-0.0009036185074884,-0.96676124468175,0.293916784556308,1.40323533019539,-0.225772383818103,-1.75892132960751,1.01608263473219,0.768857581878968,-0.736370266665621,0.231681121153384,0.0874841819766489,0.755624770830986,-0.248733172279554,0.14565147285773,0.457989344623144,-0.0906989995848422,0.201838365548373,0.145146390650451,-0.16664021853044,-0.10036391084792,0.109177735967442,36.17,0
83769.0,0.611727594660183,-1.44333524573434,0.724720896799125,0.959792597254141,-0.974503512170828,1.14874600419868,-0.536570178812808,0.186691904216267,1.51321794738856,-0.622529944349028,-2.27572503853042,0.853462400668676,1.34729931146689,-1.22437134641013,-1.06963094903856,0.0994123315466085,-0.300975248639663,0.0415037776077878,0.723310696503051,0.662728405660896,0.0386866073501587,-0.132650752687036,-0.516307876815068,-0.876675971311926,0.454649649515193,0.614185382313795,-0.0162452759757691,0.0712548251595012,333.6,0
50549.0,1.23876905980357,0.0634378552875678,0.360250696925313,0.445389079698386,-0.419585890079532,-0.522506737487263,-0.166559791225167,0.0618706840285285,0.0728783290469629,0.154966490422863,0.891597112239341,0.0187433950950571,-1.46324571465136,0.764779391919751,0.547452620544793,0.676790651259636,-0.692631708696754,0.274644991800457,0.305676578001983,-0.183388133427266,-0.247271434811546,-0.835702561530844,0.104439037360868,-0.0499417283426537,0.17169764386504,0.103275452370349,-0.0447858415264665,0.0017951500549672,1.98,0
57716.0,1.27590140725395,0.323440397775584,0.187562696259714,0.908252538542944,0.024530829073877,-0.401732368366993,0.109790612670154,-0.127382870027182,0.080537988143524,-0.0263000017665306,-1.0450674566913,0.06906001753753,0.332140912002564,0.261842106117535,1.08676311617573,0.469862186000284,-0.795174833441508,-0.0781314137347116,0.0250439223374631,-0.0909654204509018,-0.280064988256782,-0.817132680945089,-0.0078532220523343,-0.489031926305081,0.483397308577504,-0.580038578839609,0.0230835021066112,0.022731287338756,9.99,0
48194.0,-1.23047330594414,-0.607862060910106,2.38633813326473,-0.485419110006665,-0.714386736711542,0.838028956317678,-0.0519708081691802,0.527291647362116,-1.07003985209664,-0.0034433524873259,0.203576579744637,-0.554628566630739,-1.53946623695817,0.0517815587407844,-0.374345896851119,-0.94867077293082,-0.368817790047483,1.91281996810785,-1.62352793663249,-0.236954471092084,-0.184267554423502,-0.465841285667508,0.193127434929767,-0.426954552209315,0.238565357306987,-0.447306418052449,0.0452140757365761,0.0806921626673395,160.0,0
133724.0,2.00757278541928,-0.56867178894421,-0.0073487050115518,0.281361804356909,-0.682061638173283,0.428207964668886,-1.11112160022168,0.17579214959452,1.82927581709427,-0.237530812049405,-1.79314841603765,0.524487509402783,1.06225292674775,-0.680415783646736,0.879752813025873,0.692966854100639,-1.04134276471763,0.692980306364339,-0.0964389191195867,-0.14643768803061,0.174638527307838,0.817750643464141,0.0652493507732526,-1.03010564558167,-0.195873331660093,-0.193479311116296,0.0838352359364583,-0.0329000477619443,4.99,0
41991.0,-4.56634156694274,3.35345148012501,-4.57202780762531,3.61611930403552,-2.49313810882875,-1.0899997127127,-5.55143306976649,0.44778308394893,-2.42441402571208,-5.69992228265959,3.58682418337431,-6.63622904939297,-1.1281764439465,-7.24554959537009,0.638325536245456,-6.85681003898144,-8.85187850534679,-4.5918832274368,0.936939858866071,-0.249127726683026,2.67446587862872,-0.0208799797343963,-0.302447083877198,-0.0863964000107124,-0.516059779833395,-0.295102234035121,0.195985145691014,0.141115102721758,1.0,1
40730.0,-1.31574434178685,0.240071267066497,1.66697853899394,-1.68519935436111,-1.38623475937172,-0.46196160931453,0.23155992847767,0.501931587319156,-1.43713050868174,-0.366117943283201,-0.107433480206453,-0.779938455921848,-0.315930916819356,0.0479755835978584,0.574372175247607,1.23948256451021,0.529658702142636,-1.75394731016695,-0.519911873281032,0.351041290897025,0.160534473369629,0.0093396078477116,0.262022212693727,0.341476995434088,0.269897759655808,-0.46866215699467,0.11730520139361,0.0736391400969552,150.0,0
9026.0,1.27550761797739,0.303070654117769,0.100338621104369,0.328904250695771,0.591925273553301,0.65085239744671,-0.173712153194435,0.0298518531051788,1.0078608186623,-0.338626700222969,1.60675860791969,-1.27857562040282,3.09235997405032,1.61731368631795,-0.164987581055738,0.526812353563016,-0.214743531064776,0.0977221144129145,0.114952090870077,-0.0506629507392762,-0.407015396708909,-0.871480995877667,-0.0140067189861514,-1.38077326157736,0.30715267896449,0.149282907729749,-0.0381726231931264,-0.0127726696314421,0.89,0
114361.0,-0.476195836114067,1.10194440264974,-1.32455960754532,-0.867280346555385,1.91267324967474,-1.13517703432456,1.45840756734006,-1.26072456758414,-0.650717806221659,-1.11016814072743,-0.684893177339369,0.425225119310681,0.996765002577938,-0.956700344274711,-1.13951550285246,-0.114588267992093,0.445144522387409,-0.320877599353942,-0.817767752423096,-0.349477193884841,0.936676396436998,0.462024632040229,-0.152563118791775,0.610754945316068,-0.362689946658121,0.428951617278169,0.240391204123954,0.221206616426219,42.81,0
35771.0,-3.21895201068387,2.70853541135777,-3.26304158740062,1.36186594394607,-1.64577567536596,-1.85298187130258,-3.06995821412732,-1.79687585578416,-0.213356097435365,-3.55198400939375,3.77974953895486,-6.98477147722078,-1.14097718858781,-9.37787845231763,0.921463506707037,-4.65207119462111,-9.09423129737693,-3.08254995409724,0.132330776389272,0.571654488206511,1.80787725006384,-0.890421395077162,-0.325814386573867,0.123039596922715,-0.0930137472776971,0.232105969675678,-0.310518998304807,-0.745294626799623,60.6,1
35882.0,-0.202710270629482,-0.496876164589492,1.75707367418723,-2.00175290878265,-1.27171606294935,-0.0529945459713352,-0.0027858253649964,-0.291647640541274,-2.1069555727612,1.20184552524753,-0.3292922920131,-1.17518099139673,0.64354866511104,-0.807213766489316,0.807625962550904,-0.732364383585444,0.58431686424558,-0.0377794595723883,-0.615268734099206,-0.235184168716635,0.048121925918393,0.744983043312798,-0.113679483385465,0.0785805712012839,-0.0931718672202753,-0.0805324256496955,-0.143298314016679,-0.192811407470914,90.34,0
61596.0,-1.1362317032251,0.825319313241329,0.466206038801826,-1.29619479387444,0.493619465721386,-0.109541344461161,0.571838992307288,0.355681708576972,-0.873281403036334,-0.793266357661385,0.0299612409422569,0.679481155234027,0.933260867871149,0.408655135658496,-0.320386102544731,0.969510136253487,-1.10793016431506,0.488375747157958,0.299364216347128,-0.0584449920200319,0.100479309409305,0.0272850939800753,-0.329304204622346,-0.868147714108401,0.200414088571767,0.944677635910237,-0.269152529298134,-0.0133317386289699,51.34,0
162848.0,-1.83255220188248,-0.655433010406284,-2.26985525974387,-1.40662614768072,0.551222491150001,0.967542283412835,3.39352116254518,0.292230722884003,-0.990247720457125,-1.82440358156673,0.283522400450053,0.143827637863585,-1.40438322461179,1.6105533490761,-0.970580419672935,-0.941586365607885,-0.101015898137091,-0.649838184208074,-1.8401069907249,0.722150650416537,0.886939325003425,1.45583422986775,0.831855470006287,-1.67622939067094,0.775296354429881,-0.364223848389197,-0.197485514897672,0.0628717530855099,591.17,0
48484.0,-3.20443965063525,2.83025614271582,-0.951559514876672,-1.47554527567794,-1.80688922900732,-0.906187626183971,-1.34620949978448,2.26691497419478,-0.144649630238562,-0.0950558909755218,0.459033640220746,1.84806823949831,1.08458625020039,1.16307088071951,-0.368214415352881,1.41229687093478,-0.31137688909703,0.240722727664838,-0.528876296190779,0.170198438567711,-0.0078705552613878,-0.306813498124063,0.239349105906054,0.0425868310842123,0.163591875971269,0.757768322077846,0.0833039471162019,0.0342206740905188,7.68,0
77336.0,1.167917443475,-0.549000723689143,0.30748418882946,-0.0918953874984782,-0.955996882356461,-0.950837596577454,-0.086058394977342,-0.333958598163914,-1.18566002075201,0.657805676295686,-0.288670196394135,0.529826750203984,1.50526320799183,-0.0370147148163331,0.754205816901474,-1.29361194945638,-0.170434492270677,0.692505187485113,-0.879520607998207,-0.206948992799489,-0.495678213325143,-1.165208086312,0.0667233752005072,0.398988207134463,0.155060896322484,0.288183897141855,-0.0347388785036615,0.0400283130298513,114.9,0
122645.0,-0.831359954926537,0.532260013670576,1.55334758195957,-0.552735126250342,0.944203371082936,0.636412810289518,0.374904085027671,0.137241118307856,0.187263421472945,-0.155046660373798,0.0386995838233477,-0.312772030158347,-1.00424875139201,0.006691659349389,0.021632643841868,1.19090124575882,-1.70779865559575,1.05055632388059,-0.889064195365107,-0.182183449846503,0.0454862147378645,0.0249515199053813,-0.175942981639167,-0.0685194559748911,-0.28500354760599,-1.00591027014382,-0.309415555717346,0.0029884036328586,7.5,0
37053.0,-0.427705703979543,0.987231532617096,1.44728348707905,-0.225347655343864,0.131191121545979,-0.385688320190458,0.58989467362559,0.107764250576876,-0.615432484632659,-0.139323992069383,0.986958019112245,0.469104254267755,-0.112162577492652,0.341799210624218,0.183915890828352,0.495751879130358,-0.756370523174512,0.263544731729172,0.427593963362366,0.108400221010319,-0.199956286183797,-0.551546582669018,-0.0759547674455444,-0.0190827697793448,-0.184896899458409,0.0744736565792146,0.260710393154187,0.107085924013164,2.28,0
84433.0,-0.832142894585917,-0.649677270646198,0.579354133684093,-1.638680170868,-0.16792429045416,-0.105991243620473,1.04733332987834,-0.096353520210485,-1.63294505888495,-0.0386419624850045,0.0017093372794945,0.250015810905587,0.471183095975236,-0.000234695022144,-1.3956385496434,-1.18178784140163,-0.53970743248626,1.50921451160112,-0.485619309908523,0.0644912441935761,-0.187196043670718,-0.474371494703102,0.307519858276045,-0.480403195302085,-0.0350357474084777,0.912319300004156,-0.0511110193186313,0.119527234756063,221.97,0
93965.0,-11.3977267217611,7.76395304621262,-18.572307456296,6.71185525207739,-10.1742155991554,-4.39591833120843,-15.8937882429266,2.08301258152135,-4.9888371802491,-15.3460988468775,7.09318207259894,-14.9797547574476,-0.148288045224015,-9.93567958156078,-1.16199939019334,-11.6468338293624,-18.3838524599849,-7.40273080415809,1.94169681013401,0.208879130047717,0.339007373241803,1.34292261443867,0.239217367154604,0.534644166424257,-0.174964905765612,-0.500240426616998,-1.72206026726614,-0.574339363297002,11.4,1
97745.0,2.02935410124786,-0.268344142741595,-1.06016425352309,0.32524073085912,-0.0823989785589507,-0.517564865474124,-0.238225722335986,-0.157390954794055,2.3245181430316,-0.373874221965107,1.15658706391214,-1.84236836670059,0.636986317877845,1.83191075913067,-1.76134547363401,-0.354241500035775,0.369617765483572,0.53429220047016,0.485130580608704,-0.323836173790861,-0.0500147508589817,0.361210424990317,0.0047673403612882,-0.357842156288858,0.160694798214153,0.159029687304994,-0.0627233138039341,-0.0840213383864601,4.9,0
40502.0,-1.83133261402129,0.505320876832169,1.86516797195673,1.12186588795672,-0.764144525510756,0.537668971083304,-1.02367046168109,1.16933609847224,0.431951724927306,-1.23366176101772,-1.35617120043995,1.41344690952655,1.04781844323729,-0.529170048302003,-1.34179824388957,-0.742292496896762,0.802598977038583,-0.467221521849464,-0.0646395887958877,-0.318308552292102,0.270248581908474,0.972188188642903,-0.416733047107601,0.18184753771507,0.117060776885826,-0.1707947796447,-0.0536867519466151,-0.160765708984958,25.12,0
78731.0,-1.16166798955084,0.561186458616269,1.62917418633155,-0.0567159754894018,0.195269782954581,-0.867127589584023,0.664968582343561,-0.159698170766511,-0.125980953251226,0.540176727836105,1.51553131055826,0.31122186516822,-0.675541764540166,0.128589741286518,0.294583905362878,0.284537465062535,-0.676658337690529,0.101114761328858,0.268073488040145,0.0315454767435279,-0.318227351698562,-0.43187422710578,0.39474545311615,0.494591943112387,-0.142051643017194,0.0323211204660449,0.191292548448819,-0.134952946293135,3.07,0
75639.0,-1.01051446569912,1.0465546515926,0.976703132148618,-1.68519863390392,-0.393491082081696,-1.72883511800559,0.77411591860749,0.130065695770505,0.3431588124259,-1.79208153547782,-0.0494083104479737,1.38871289558347,0.816124883475172,0.229848808983755,-0.0870222658961464,-1.02666600561377,0.215288686577186,-0.506211410778974,0.0226021869580388,-0.0324242510891681,0.0632918272107413,0.344470829272778,-0.34891625342275,0.969378005499935,1.0972079427426,-0.648501992923058,0.110193399594565,-0.0385293647806265,11.22,0
115672.0,1.92531083249797,-0.584103734657167,-0.161691587782291,0.414863383761117,-0.919885356190346,-0.27149234077318,-0.835158077493989,0.164964240978024,1.1551004725247,0.19807727070975,0.667031315387881,0.547433964727182,-0.993378530206264,0.152479854694995,-0.199502468957355,0.477470987950754,-0.585142366562292,0.498222702848199,-0.0761498753380106,-0.253237277557416,0.21386965685952,0.758294546385021,0.180295021030186,0.0481716983210781,-0.373677825239212,0.552164195020878,-0.0266971542279389,-0.0584433743441237,11.5,0
76826.0,-6.61629292560656,3.56342789803106,-7.05890129814843,4.28434595524384,-5.09629887292392,-1.76861780360559,-4.93755412732933,2.74845954534783,-3.79675959454545,-6.8254901042394,3.25959475409854,-6.94389061823948,0.43597516308899,-6.94701030902337,1.01100406527995,-6.16683742461485,-10.564346602529,-4.01018815310236,2.14350179519978,-0.54163415582255,1.21597610572025,0.0411777442210425,-1.05909770217904,0.275662062254882,0.057424927985318,-0.265838484019501,-0.514636936427821,0.388590269335523,254.76,1
62016.0,-1.23340409855293,0.105574580074562,1.491587886043,0.304736366674577,-0.560759841966997,-0.295971776953158,-0.263763318300041,0.559813417408474,-1.77465939768613,0.15536806797199,-0.829585311157682,-0.921698794053586,-0.965703742366261,0.755857240496292,1.50430031249606,-1.78012009529401,0.604827951077461,1.22489140291108,-0.61446540842017,-0.321745128883551,-0.246574771039901,-0.681476940395692,0.0229244705237923,-0.0131371139962936,0.145792362193137,-0.29991943486929,-0.0192269337592551,-0.0550454166089925,61.13,0
159960.0,1.86076925851805,-1.13411842247127,-2.59095120898839,-0.446030011134823,0.270535601820496,-0.663940319241387,0.542759583179661,-0.519970857717781,-0.921625328170284,0.843145125368456,-1.62394607779955,-0.104917851801432,0.718404646437611,0.345201664368855,-0.401891911793267,-1.90811526630805,-0.108838938770584,0.797780202487153,-0.398987694305059,-0.111073940043744,-0.178759646902196,-0.361967780925995,-0.196256692400783,0.152502984009173,0.284605889322798,0.810893118210129,-0.141580533678789,-0.0420827065156779,227.0,0
62976.0,-2.4665404344346,-1.28970559118716,0.626498231478655,1.60487714509677,0.910353834855787,-1.71466844362982,-0.160914392318292,0.314073044451143,-0.38625393221708,-0.191994713100395,-0.801226834749029,-0.528133372895011,-0.925089618743894,0.78555879244089,1.29969847422872,-0.0199532886621427,-0.0167239564801834,0.334443906420963,0.567968828406203,-0.427939769690236,0.0393304714675984,0.420331634453387,1.59611993496979,0.333077701435272,0.425512289279557,-0.229700305793024,0.0726633332995152,-0.220835452726825,36.81,0
160041.0,1.98228596175644,0.123948910902853,-1.7531148948513,1.19417778857629,0.669993255003877,-0.588733382233813,0.560259235099396,-0.255990617069393,-0.0450711871006716,0.417482270422967,0.383967028198399,0.926183144811917,-0.19191709689998,0.693638514786371,-1.19702639334654,-0.42840322978761,-0.526677055729095,-0.0419115140201609,0.2104386439758,-0.239143647761115,0.0862905853659421,0.411456467618279,-0.0790165308581222,-0.457414296800639,0.477999645648269,-0.484217692366021,-0.0215468921939751,-0.073216027741833,24.97,0
61642.0,-1.86816972440951,1.19170816388977,0.766539433436491,3.01126111894823,-3.09775876022613,2.55010212984211,1.68354176289163,0.851424412993079,-0.843590449766589,-0.0668118691291653,-2.14229215177027,-0.334996451225228,0.37914823828803,-0.0836369853342328,-0.0101640736145901,0.317998463955309,0.352877908807755,0.378044638469313,1.47268096064526,0.333893327693991,-0.227842208652128,-0.386731596543567,0.244009714597686,-0.564504437582156,0.405380984853057,0.290061262800223,0.457328005758843,-0.0530053792556029,584.95,0
82385.0,-5.44174359578945,-2.55560703060359,-0.168055641318325,1.82790109875439,-0.165948691777481,-0.264348566538734,-1.24004586780714,-1.64927075428784,-0.604785016587952,-0.998844050501635,-1.3298270662982,-0.289001864501485,-1.41756431137926,0.991773216016358,-0.246079805875211,1.4251276533217,0.0190018242486631,-0.530660616640309,-1.80686689745736,-0.473804951880782,-1.48435843354806,0.460958232760848,1.31972675464966,0.126536830356222,-0.224277046671051,0.781899323243246,0.909529315615755,-1.51619742366009,42.75,0
141512.0,-0.627461444664973,1.25073531772831,-0.794529442925179,-1.13108802901859,1.21104170699022,-1.68592104618713,1.90385566731424,-0.838525141515791,0.116323913757956,0.36965882090159,-0.668590652050463,-0.0397813687159633,-0.0406382113244406,0.287286100617173,-0.0775814369841736,-0.865581253110207,-0.494956826302727,-0.578371870185477,-0.218909988666735,0.0248836959521096,0.203089757825858,0.967771656318678,-0.292680143622969,0.0492724683595156,-0.327730737584061,0.0291778778867724,-0.0576269457515604,0.150531943110353,21.16,0
66029.0,-0.498577706352267,-0.26750883855991,1.16107036861718,-1.66876713725,-0.267978700856209,0.118706867387425,0.242078994475448,0.230794641156578,-1.07104210699613,-0.0069657961707224,0.492265119170991,-0.784914379178799,-1.6352754665241,-0.0291133071637498,-1.48471550388455,0.682206521274294,0.46062507474491,-1.28430158332441,0.480717385730283,0.061748726205709,0.248496278901274,0.561439571475272,-0.0609990128115676,-0.313194057795225,-0.0747345034355245,-0.308302453454143,0.0926427790619718,0.114524697220455,72.8,0
156736.0,-0.326589160679043,1.19680006826036,-0.549680943415548,-1.3003742632232,1.25717956823839,-1.41171474580156,1.93936591223373,-0.719211668267842,0.114560248493894,0.747447189796576,1.02047223743828,0.0755676975117628,-1.15981654299636,0.516442256171174,-0.671548520169544,-0.730169759339421,-0.745878286904616,-0.0055040350432058,0.0026463519549083,0.272497336051731,0.137540613233948,1.02879698796427,-0.2985847953611,0.0451485923591082,-0.34155611099169,0.0231231470264909,0.27369598964864,-0.0664757187047799,0.77,0
63568.0,1.24567381944824,0.166975019545401,0.488305742562781,0.6353219207244,-0.562776680773863,-1.01107261632698,0.0149526614685896,-0.160210863301812,0.17036185217373,-0.0445745893804268,-0.35674901847752,-0.0734595173503765,-0.517759694198053,0.406968934383731,1.12414692288685,0.342469754110769,-0.374656440051376,-0.438992432436683,-0.116090785002835,-0.132079724302295,-0.262580846041176,-0.816263763157847,0.140304302014326,0.357827249299806,0.186422945723389,0.0965444707905616,-0.035866315294695,0.0184945729704665,8.99,0
135006.0,1.92273145769974,-0.421787435898091,-0.949374389867267,0.282269538614058,-0.216286674167991,-0.357845655378403,-0.230723751750887,-0.0361683056332312,0.876379251472629,0.0456519333079763,0.373720016262333,0.855938872231888,-0.217500904366882,0.348671491212681,-0.209874207063534,0.235602271879938,-0.837287393675373,0.534034664096386,0.373469293165448,-0.139773215327517,0.076394874254233,0.279542920422145,0.0620929721591188,-0.494031090976679,-0.0453286417373447,-0.33229118244543,-0.0016517001133054,-0.0524199475379302,50.0,0
69825.0,1.01081951524634,-0.319375220720967,1.21969866292625,1.21495853036855,-0.890393661406134,0.566050531675531,-0.794941134950182,0.44549288040781,0.832194547094385,-0.0499822641038067,0.895905613038648,0.530294904174906,-1.43323724874291,0.143947003731693,-0.117294473794693,0.0497601253920489,-0.141637005970371,0.157355539620592,-0.279707489231244,-0.184904369785692,0.0184054934745649,0.127292189779653,0.003353673477886,-0.0202989080199892,0.25522701707172,-0.394713071125082,0.0709201034296601,0.0266148849635414,37.79,0
151377.0,-1.07679856962982,1.18949919426491,0.390406013945553,1.05306586144291,0.824404276463248,-0.891518812973186,0.981899098182795,0.171808127864618,-1.17359278618217,-0.632707056551981,-1.21110540794647,-0.193429667382002,-0.529311151319644,0.900507136160186,-0.116227643520349,-1.08095904863559,0.487079388323249,-0.276815176958047,0.911125466003106,-0.0190547375939073,0.131364701855666,0.253273059487625,-0.545237088516426,0.0039861215401402,1.12021833429374,-0.18578591544356,-0.077772576447144,-0.069444408194204,14.8,0
155535.0,0.711155481810016,2.61710490740972,-4.72236322125,5.84296995871769,-0.600179298610849,-1.64631317703679,-2.78519836554505,0.540367735499417,-3.04402909749745,-3.92650993997042,2.75783745850663,-5.43735368941346,0.546878907367748,-8.39657296658687,-0.810715738936796,-3.01429397773507,-6.64248226272335,-2.58402822440731,-0.820354414754465,0.46103194379752,0.360500881641394,-0.865525509838014,0.139978107568553,-0.336237870703344,0.128449337645535,-0.155645815012462,0.799459945626899,0.392170236404553,3.9,1
67998.0,1.18694703762572,0.329961113432019,0.418291479797675,0.718727057175493,-0.319551516393668,-0.781813296802799,0.0379334323133148,-0.102977593975317,-0.0375486364570879,-0.336603342610386,0.495614176015894,0.581510982067654,0.438707337847211,-0.296808041403954,1.29056071714491,0.0778138329074884,0.374953719556473,-0.889437671996464,-0.68199544637418,-0.100851681670467,-0.234159351649055,-0.632841248416808,0.194047063147455,0.368061192122649,0.108952813428558,0.102764822323578,-0.0046126366599891,0.0316479825722462,3.59,0
150139.0,-6.68283191622627,-2.71426804459821,-5.77453045690806,1.44979237466742,-0.66183640822251,-1.14864974026029,0.849686456067088,0.433427022470355,-1.3156463890999,-2.79633153858609,-0.448793725596362,-2.56260240774572,0.243482526844698,-1.18166939064494,0.004372871675287,-2.3025956900034,-4.446191868553,-1.71046314846621,0.982728632705372,-1.92852719254856,0.22052629481591,1.18701320438743,0.335820816532534,0.215682964100827,0.803109991522633,0.0440333423786634,-0.054987627978561,0.0823370925160337,237.26,1
83750.0,-1.4560377306199,0.154478656524842,1.53017664181465,-0.615925197304553,-0.0890243446716737,0.166150130422158,-1.59774970647199,-2.43719622824906,0.677394365373129,-1.31109471061515,-0.888412891078533,0.871520686762542,-0.100542206717563,-0.307477007049564,-0.823579648508174,-0.105379560395795,0.266653950831444,-1.03168616810591,-0.600748386336604,0.253609558511245,-1.35370866224446,0.401608140932638,-0.452488250864677,0.193738696732084,-1.28377989159953,0.6607518146655,0.127745494876124,0.225785981095855,76.61,0
135153.0,-1.56259569016486,2.46698341185087,-1.85109118743859,-0.636058312008066,0.359627018292972,-0.848253227544324,0.427676853660251,-0.0166191728101385,0.750982307842391,1.12344903758981,0.940677586495075,1.04482306287109,1.0718622838291,-1.11969225030581,-0.0254729490717664,0.295738481208216,0.0210544492178881,1.11113491641897,0.105581345401699,0.288952003862566,0.402280739942084,0.960043072528642,-0.0927540912414862,-0.558613603877997,-0.0967182242594893,-0.231535850786353,-0.758484187230403,0.17027463877893,1.56,0
1506.0,-2.00323753320516,1.56811528381183,0.473886906198392,-0.735265693966877,-0.633108927774989,-0.387188715150375,-0.184267370108505,0.815683313390483,0.119291620639646,-0.299100704097437,0.131108474007743,0.597290368336636,-0.996438078086014,0.536858383256113,-1.34941849709429,0.295142852102606,-0.161185162231276,0.0884914629284211,0.334706609503974,-0.381636538878341,0.0076574354033144,-0.330896576642965,0.0263810562483834,-0.0002869665525907,-0.1614808875482,0.287249367207385,-0.755515019593912,0.0176396935774169,5.0,0
162480.0,2.08032989222268,-0.193007313962586,-1.71250043309638,-0.0615939876247989,0.430756894973473,-0.282876983371253,-0.0433421937992407,-0.0308832967676107,0.740820066987984,0.110753761336876,0.178121471606165,0.0534338956922879,-1.28709072834587,0.906766102977013,0.394347991445317,0.173196844265967,-0.944594089994912,0.974103889512674,0.34458132443805,-0.283419486716611,0.26037714669495,0.798492806041799,-0.0577641782004863,0.0774005531199739,0.357395571700075,-0.429293075502023,-0.0099443034209344,-0.0661892746962209,1.0,0
42497.0,1.28620873732046,-0.824774245853075,0.829653115339722,-0.85897109655106,-1.1423453894583,0.251987197723958,-1.21333126131036,0.254026257249307,-0.600934316075571,0.735048392073043,1.26342589632468,-0.106833808443645,0.0087743891066347,-0.18885130230247,0.720076918121798,1.492539511339,-0.0204729238907364,-0.665697090520837,0.275401369452703,0.0906266090488078,0.444080682054128,1.19521031566017,-0.133938531118242,-0.258744981962178,0.35458750288816,-0.0176266426536805,0.0455872111223066,0.0107401953428238,24.99,0
123021.0,-0.964684139572537,0.745641269195579,-2.98226934171602,-0.459799455212247,1.01298709932868,-0.893566642890879,1.29810584564988,0.434600810870487,-0.993919032830854,-0.243836132248954,-0.075914987160088,0.593055115961068,-0.345144295903888,1.58254127438328,-1.53153795780581,-0.256735246730027,-0.351677389791647,0.184539925193893,0.110606153572928,-0.349024882035472,0.56906681953949,1.64619972223484,0.345653412876062,0.384709615271161,-1.03711192863293,0.365888953810436,0.265143422472104,-0.0059550571443705,91.55,0
66629.0,-4.07979633002553,-1.64567560339843,1.37890730105563,0.804800518646229,-0.815274963433558,-0.34207774295206,-0.514976538733041,0.438135263585046,0.50350330569122,-0.10641038864877,1.01425111634676,1.14352645418755,0.172722193805096,-0.308885521089798,-0.317181016630206,-0.0526233895152711,0.44025350958546,0.017817793822988,2.19038131560657,-1.7644867432979,-0.631402319176576,0.109657061991936,0.990061527804261,0.692342573096111,0.220594646787564,1.12539784884038,-0.239326139948472,-0.649999856425839,110.0,0
131836.0,1.82087605817509,-0.765221444360345,-0.463702823092421,0.0715076135230553,-0.625830619465714,0.150469523204906,-0.727362226780226,0.182345222422175,1.2568768039427,-0.0838023568308136,0.777829320085692,1.07944154827496,-0.084765977963129,0.013542345319024,-0.0840427652291645,0.266170415099752,-0.654101188776915,0.581996096103943,0.0731309009184477,-0.0469311880679642,0.271808492525708,0.81433298503787,0.112614904832827,0.746881716302272,-0.228997799589753,0.068354101493087,-0.0028705538929392,-0.0339313070675095,74.95,0
33572.0,0.999956631364492,-0.996003222456892,0.0120150875340327,-0.43997856075067,-0.872106515022894,-0.323658216676284,-0.153236909528812,-0.0958990131051531,-1.17407457420141,0.658871569018348,1.45585216432332,1.09443685207168,0.56503857404256,0.188387498362479,-0.545516082220639,-1.95732784537352,0.391082905936283,0.54174766271914,-0.663315824641065,-0.172451659019451,-0.254600014893432,-0.461435822450485,-0.10869262849676,0.293577116055516,0.262936444220608,1.07309749644633,-0.0822214823295065,0.0150783851559609,164.99,0
49287.0,-0.509942123591213,-3.12550226522242,0.204708999522891,0.868625091574408,-1.6058434938577,1.19412487112573,0.147610083483892,0.303679649390792,0.853050090694039,-0.675251768897319,1.2581377261926,1.16155967748878,-0.548155434586821,-0.0079349089518171,-0.378130308277427,-0.342627756389073,0.492282264646472,-0.812910849924349,-0.296947585712446,1.49999768601796,0.365656558035747,-0.546899878046996,-0.587894300148749,-0.189631287936952,-0.357562614427079,0.866969292925423,-0.160588743955575,0.139817850616863,828.55,0
28658.0,-28.5242675938406,15.8769229879536,-29.4687320925264,6.44759140152748,-20.7860000418837,-4.86561341755669,-19.5010840750712,18.7488719520883,-3.64298981925263,-7.93964241937325,4.18467368942509,-5.83507521523889,1.21595964527928,-5.33014378246253,-0.118631138153322,-5.36777527618834,-11.4317569116986,-4.69692444373293,0.69268841200477,1.7068890619925,1.80576978392608,-2.11937616760819,-1.31744962200248,0.169845630469178,2.05168733506275,-0.210502000459411,1.30173396497076,0.380246181418509,99.99,1
2938.0,-1.36200586723335,-1.34032432723686,1.07871922003961,-3.31538801258665,2.80774774915131,2.84710609538372,-1.02571765182387,0.889372326386153,-0.886881429037302,-0.125058748453474,-0.330768313666279,-1.10495432717958,0.0663676949490473,-0.689877634725385,0.197111205828832,2.23581288009419,-1.12486877992497,-0.428907252139664,-0.896479916089452,0.477039012621812,0.415635608076114,0.69181867985235,-0.258077113851224,1.0173369883943,0.76038533726049,-0.305302450409139,-0.18151941910325,-0.151303509189505,29.0,0
17187.0,1.08837493830851,0.898474023721059,0.394684329076182,3.17025757451452,0.17573879687403,-0.221980885195245,-0.0229887284923858,-0.0108735366656839,0.860043617194172,-0.592472935320844,1.07272839973578,-2.54755681422931,1.23595005675711,-0.330305803751441,-1.02235437464957,0.335642172519614,2.29899822072815,-0.1620962094812,-1.53270721248432,-0.217358192249005,-0.423553904215867,-0.800852284805578,0.0776144554303444,0.167608452574198,0.350181817443194,-0.118940929478619,0.0129477659306532,0.0542542721018558,3.79,1
68789.0,-0.552302098993924,1.16473553832319,1.50293528217887,0.481874385012405,0.293344373536827,-0.548557255396112,0.880229061301991,-0.116315987490825,-0.67844598958983,-0.388008825916947,0.0368983535186978,0.374828034408746,0.448239841183562,0.198287365792912,0.839004070694415,-0.509406689567663,-0.0561157325156484,-0.600715372950083,-0.669273558634088,-0.107802389872033,0.208716619785808,0.634536071107279,-0.16050323461423,0.425312654392552,-0.114210806305937,-0.410263658287532,0.0195790605393945,0.136510061747299,3.9,0
83107.0,-0.505039058685425,0.815512358421467,1.62338827356168,0.724063950955232,0.272063521831281,0.160711416377614,0.696093604756074,0.176246881042883,-0.631657582836796,-0.429534746063087,1.23695049799745,1.13799079221172,0.0036927653486325,0.108838066270456,-1.05840288474182,-0.705215902546407,0.0878503687536392,-0.40868474572351,0.0035714240157951,-0.05856303411861,0.0596062553625077,0.308605460086184,-0.157184761700126,0.232918092779206,0.161215463377672,-0.385151910105219,0.0831652690841544,0.0504756833026438,24.81,0
122854.0,2.13683256568646,-1.12284146450831,-0.695538088153844,-0.869060629010242,-1.03994931007703,-0.399412659513338,-1.08257057447414,-0.0026946154807926,0.292385486654525,0.756162511391178,-1.13336428182714,-1.13202055225251,-0.817457124228041,-0.288532007566926,0.344449610243782,1.26353688634895,0.131545968783349,-0.941673994124849,0.499964410378926,-0.0215726642716176,0.310564085831649,0.845301805644225,0.149873113306642,0.670912516008618,-0.160301609404358,-0.115443862434056,-0.0058845078164027,-0.0403570991332611,34.99,0
87144.0,-1.17411799284191,-0.265364437829375,-2.66002458868825,-3.30223245423973,3.88643439741106,1.97680403161446,0.255876132415654,1.10086390158134,-0.0499574601051681,-1.25648104790313,-0.513120903876049,0.318362195813531,-0.544859352483668,1.01330373324028,-0.835639395051576,-0.469664219844561,-0.422730079058668,-0.810757433057188,-0.924783632620659,0.0362873528627649,0.319411028383988,0.58673682270889,-0.169645991367668,0.798822575772345,-0.275054516723422,0.546283000680965,0.246597293040878,0.0362084544746846,1.0,0
124379.0,-8.52977245809178,7.70783255032823,-4.02675327203153,-2.02650878954249,-0.953627081189139,1.47141289283325,-3.47450615112058,-12.5676797522271,4.68518533020232,6.86353378732623,-1.07586879875591,1.35620296294761,0.773920051724601,-0.891237442491478,0.449377851386044,-0.728703036854456,-0.0053048535364778,0.169338453615592,-0.435417669599466,-0.339826474024331,11.9156787574673,-3.05168646291901,1.81501101277024,-0.900560604830635,0.32462332133687,-0.29474828867359,0.201889726979473,-0.894567743254647,2.69,0
38662.0,-0.920723309349786,-0.558610531829825,2.10217174977055,-2.45481742235189,-0.780743642239505,-1.10640744419226,-0.0971599377888716,-0.246443280111243,-1.94569837432156,1.21196260556796,-0.738395410446329,-1.95379361984709,-0.99409118547447,-0.481936508519027,0.296187012723797,-0.144117495213695,0.209260654340672,-0.012404811949115,-0.62469241799607,-0.282477054883533,-0.536603718351743,-0.997542587856333,0.229040943071935,0.253061577388683,0.196869039953547,-0.567556285771211,0.0395298595620628,-0.134685055202603,5.76,0
158176.0,-1.26606901355895,1.18222279532524,-0.639260024705226,0.979701223245602,0.21088910053277,-0.251420666143987,0.337728234893128,0.770268794314405,-1.26347771948404,-0.325421411579402,0.368374088283824,-0.487256400217863,-2.34735485497587,2.0079508058581,0.783032176429519,-1.50497349525516,1.21568308044175,0.726266021331499,3.22826269271718,-0.0224660228809773,0.298573997056469,0.515922799095955,-0.531364737784195,0.736879856460892,0.896669297243601,0.44726983950878,-0.330023718669422,-0.142204613537191,37.97,0
172332.0,1.82083978569409,0.192132135040112,0.549605480371952,3.6535763276889,-0.318066274951696,0.8593465507967,-0.818711849865208,0.332640569440602,-0.469478089041814,1.51492356871333,0.196701542890679,0.652704051522689,0.612218814077342,-0.25094899279591,-0.907423135365319,1.79871867203268,-1.47751856669693,0.6303811477525,-1.41620151733507,-0.214885873091517,0.0876083015518178,0.290279436408393,0.277854913314448,-0.382924575528478,-0.500342527561418,-0.17434589374923,0.0309116801464509,-0.032064995618221,7.59,0
143560.0,1.81629829788651,-0.55514004820599,-1.180681285094,0.389862264807318,-0.101295882237386,0.248951710880513,-0.597776052239461,0.170123022289968,0.949521312950685,-0.343898236292434,0.557963345136853,0.562383135254024,0.0455073890831217,-1.24268722406585,-0.167473641555003,1.04253828307629,-0.009192040478654,1.25052204471808,0.0284004850954587,0.0764109042968624,0.194129906147761,0.52573821662119,-0.0065703522665587,0.159826338123696,-0.196673707936838,0.584058714247792,-0.0350980070491573,-0.0159604649621655,98.58,0
164017.0,0.925893065843588,-1.24854003785543,-1.23076052322741,3.6510364221621,0.744962028546804,2.61060758348138,0.0399518289843198,0.598631011106181,-0.809473358632048,1.27204288707796,0.28501686123851,-0.0069277252186978,-0.79940840901791,0.548629701146721,-0.323938404176798,0.658625858570941,-0.483222738445753,-0.702883250341824,-2.23477719475275,0.528614211395918,0.354717192461111,0.054165093290654,-0.126082038991654,-0.992579830139759,-0.522482870124067,-0.0603195578566135,-0.0631255801416984,0.0164141753003049,451.57,0
129322.0,1.88053785428223,0.0303366429658555,-1.58844418541861,1.33546449955334,0.406563758954266,-0.850925609808036,0.62224002443703,-0.300331898287002,-0.093728192265703,0.398224243535843,0.829556703327372,1.12717491135063,-0.194987482311652,0.715581729303645,-1.23621514620395,-0.568249497713277,-0.354253708635655,-0.201636328262383,0.0165812882584858,-0.178539375608503,0.14018708461857,0.488109021063642,-0.0510997515470062,0.0304643490757028,0.403171570552802,-0.518180357582506,-0.0270493674979631,-0.0620452487564142,60.05,0
388.0,0.199489410064961,0.705635828898778,1.39811484954494,1.21964719031253,0.14919613936696,-0.698932329542865,-0.551005698396897,-0.872024284341419,-0.370323732309091,-0.0321756360747781,0.506833953655501,0.949598320402089,0.689685776855467,0.394380415758838,1.41282878812276,-0.521319210332145,0.241034971608002,-0.989513273669933,-0.326511551542897,-0.203632496756978,0.64089036744288,-0.701341254902044,-0.757939044847434,0.639510058497563,0.14769593348835,-0.544985958374293,0.274527786395042,0.280554739870268,9.99,0
55862.0,-2.52586855556833,2.20260681912487,0.633063058362916,0.584093781378617,-0.668049926952702,0.20138281289038,0.207289471819885,0.336435871832713,0.751606042250082,1.59662294123342,0.533205436249431,0.604059370374081,-0.51618124694858,-0.172642258486432,-0.547823595218337,-0.450105354948366,-0.137874087895594,0.279327664306325,1.22877146134467,0.166092128105871,-0.191501043999871,-0.238654152170568,-0.115595078533184,-0.02480916880425,-0.158275754623097,-0.66932294254296,-1.50685203512526,-0.739474199332458,34.12,0
121102.0,-0.535121153439712,-0.431501706587741,1.15378062942601,-2.50779229787712,0.41655649305067,0.0512994711707693,0.079779770284788,-0.137137410764384,-0.744886440919485,0.236491913953566,-0.150886478404577,-0.403023229167951,0.490540286631986,-0.786698459297202,-1.17187100317385,1.71525412976666,-0.898257236569569,-0.302669882390078,0.489971709924979,0.125569240761757,0.350120658370978,1.08200526979546,-0.424687655394715,-0.990870662194728,-0.0093570748856914,-0.195308339403269,-0.172320155998928,-0.0606642874518155,34.99,0
926.0,-1.53695801321944,-0.0414224787415122,0.62984626092522,-0.687015226838279,0.796080076464064,-0.485756781898135,-0.302744299755159,0.737426722720755,-0.0691305348354627,-0.634663333507278,-0.473710597551837,-0.133042215763372,-1.3903275426319,0.684565150875787,-0.748776762108716,0.720440435912289,-0.693531266389031,0.535849870974585,0.498871943021947,0.134666058443787,-0.1079574811124,-0.7011709151624,-0.184521418903787,-0.851564421049734,-0.129500933612316,0.345511067831457,0.17853391976928,-0.0541527599784834,1.0,0
160339.0,1.9488131675716,-0.302201646868586,-1.00965889717213,0.286403196038032,-0.236407843306296,-0.950699152784391,0.140564623772601,-0.317247423945926,0.943849069188376,-0.265443123807669,-0.735728342569154,1.10852871606167,0.853819958499911,-0.0766608676719629,-0.336186372461319,-0.611529347983087,-0.0957721864146182,-0.853580642781333,0.261473360025721,-0.0999066994982148,-0.12246940943462,-0.136310431327506,0.17220307665636,0.0296061473672995,-0.063783685076463,-0.093497981036194,-0.0233243036512074,-0.0466521798798183,48.94,0
135857.0,-13.0447096834797,-5.14178614765029,-5.04315230688984,-1.67205219861408,-1.62154064153213,1.15601152900102,0.419587624995162,0.79365864289634,3.32106348839816,0.54952257294606,0.789840941779419,1.58877413670644,0.692690432504155,0.148404260477039,1.84502172175428,1.32225503155268,-0.449534440304836,-0.710160709791228,-0.48892097164687,-7.12812200367168,-1.5893132016049,1.31966961392683,-0.0156260247354742,-0.552430964275772,0.626573052524978,-0.365294271385598,-2.91163267629448,1.1451440828069,252.21,0
28909.0,1.28585508500134,-0.859713051109423,0.81962561161047,-0.85428467896587,-1.18538623210245,0.240512881633652,-1.24605140668137,0.281425155109605,-0.527910333464976,0.749213289005596,1.18118010274054,-0.363327238201037,-0.473502552761803,-0.092872210367197,0.772990966710095,1.51516214290814,0.0070864986389989,-0.606527504834358,0.278657505184552,0.0597268767572121,0.438535666885121,1.15571293609491,-0.128149783308108,-0.27194930670268,0.338269401230874,-0.0160104984111413,0.0424344491094324,0.0097044196416885,24.99,0
49504.0,1.3502015853025,-0.387770308996195,-0.0143044759202622,-0.587398454897771,-0.752221422149424,-0.8453113799294,-0.534113879548811,-0.178597220899598,-0.748024280739095,0.143575859991251,-0.292952842117053,-0.757447799374091,0.618612552933813,-1.42203276033294,0.986223793111128,1.74958099451965,0.827183963418249,-0.718667313962596,0.484058392967516,0.227270957367606,0.0420340151770502,-0.0232678965644793,-0.101182485797689,-0.190366560917418,0.42727784385395,-0.25659884927051,0.0233066286833726,0.0481404748516703,49.9,0
35585.0,-2.01900071938148,1.49126972926361,0.0052218157286719,0.817253270463702,0.973252233873376,-0.639268312778292,-0.974072997078786,-3.14692889107659,-0.0031590736890201,-0.121653217684609,0.0243696057661544,-1.07381224038496,-2.00276910919169,-0.895433620751722,1.74893630108012,-0.103527023620705,2.03119574973193,0.31759835677742,0.38676063692414,-1.02996468249782,2.83959610796444,-1.18544284096841,-0.142811875801854,-0.0861029384113329,-0.329113253522425,0.523601226377288,0.626282771397878,0.152439938058669,0.76,1
155054.0,-0.512348993642627,4.82706041999945,-7.97393924909553,7.3340585164719,0.367703644775346,-2.0551290853684,-2.93585569967936,1.43100813095171,-4.54472224374179,-5.25809597551632,5.71631869503674,-5.81040712597652,0.723292646283101,-12.2891333850899,0.378773196301938,-2.02073438121173,-2.03970261739192,0.658182927257658,0.832574035012694,0.804101330337598,0.535619750720892,-0.459495920284509,-0.0093636678425974,-1.1404357941897,-0.0064452687432379,0.527970329614587,0.55888099608345,0.126516761960086,0.77,1
64404.0,1.16865703839306,-0.171520092676094,-1.2175478175914,0.304762944259633,2.13812845448293,3.62448248853506,-0.374084432218354,0.836439078626404,0.166686675142347,-0.0410950178956298,-0.541632031805656,0.238146998818914,-0.214082542429375,0.202575710515775,-0.144994598272707,-0.094836135692761,-0.509379512123644,-0.0662883396570488,0.34792042524129,0.061005087836829,-0.15374170641637,-0.506675358920008,-0.169793219651499,1.01239134790825,0.87521282140885,-0.331854817511692,0.0160810499082541,0.0209895589518529,57.4,0
55122.0,-0.727630441053077,0.934631957453318,2.85946899192875,1.68569871518774,-0.114428533940452,0.201565095940308,0.263309571922626,0.204592649967046,-0.640490654935079,-0.251266949057191,-0.966730221104344,0.429229439021019,0.981201069149699,-0.791967334186478,-0.953082013791753,0.737313226144336,-0.682770788161617,-0.243434126703755,-1.33884468255824,-0.0465216911460006,-0.0294987014124434,-0.0287105315946668,-0.213727943476163,0.395460826177624,0.412820752001977,-0.118340345406248,-0.0059512723312706,-0.0059855427520922,13.08,0
33813.0,1.1072996440697,0.57342949752499,-0.379033589790601,1.13734425896079,0.509859427335598,0.0214232625111332,0.048782046978947,0.183412742425608,-0.349856508013151,-0.599819979887825,2.26503124582288,0.716119225944627,-0.243186415820682,-1.07065904708266,0.901780139194186,0.204766950056644,1.20986663762341,0.189118975788803,-1.05956035738545,-0.154794029768359,0.039381301950582,0.217283377175649,-0.0750217791534757,-0.421915266987704,0.51151682422294,-0.285341455969214,0.0642345397981401,0.0404076077495888,1.0,0
164036.0,1.07862927784218,-3.30959883981807,-1.63236728518452,-1.25512694375117,0.10985362938952,4.64222990488466,-1.5940504702544,1.12631235310226,0.881582762355172,0.264940313085133,-0.840966449985159,0.434321612226044,0.230967824695042,-0.795056668792036,-0.602576224903332,-1.52241401263456,0.227130008341655,0.838221841986915,-0.632918596106386,0.52368121384836,-0.173486815883828,-0.875646464197824,-0.0157230110008511,0.77439080080145,-0.869008804503325,1.12708324939624,-0.0846661787551168,0.037063882488392,514.9,0
65644.0,-0.496936245246138,0.795496925335117,1.19890300551358,-0.0706521735939965,0.470826148935588,-0.365666821746265,0.68135928836466,-0.0780105131124413,0.0830362652047071,-0.180514039471796,-0.473878634058758,-1.01859216704722,-1.39150432397067,-0.364765586263694,1.38688060505053,0.176810721133505,0.129767372705854,-0.312793791528058,-0.284014057451441,0.0284802949278769,-0.321959385079926,-0.728416793519247,0.0791789784757571,-0.382509280307547,-0.244351451764313,0.0931425029429161,-0.0291625985265098,-0.152597835008682,1.98,0
149309.0,-0.839653480152672,1.22631068703197,0.416551270578618,0.633722157229808,1.45143182667868,0.0201598279631356,1.33001989364388,-0.180872631676657,-1.14506903882401,-0.0235961692093242,0.0773688289186895,0.310278602475258,-0.106960874002697,0.554477811777123,-0.760767621360218,-0.83442393343996,-0.246877710955975,0.337494179206074,1.49889542341922,-0.008219863610051,0.0892239873023178,0.306317404750823,-0.673843108555656,-0.773510647921076,1.17124574532718,-0.182103228072378,-0.24369832540157,0.0819169147468686,11.98,0
52517.0,-4.45745531467392,-1.17730825613105,0.576979981089284,2.05323600946614,0.761594998462108,-0.956883632882884,0.0792715399983978,0.137613694212395,0.489415810629512,0.975259473635149,-0.238962953090192,0.364863417198331,-0.0141751313186422,-0.170753048290419,0.609334362779563,-0.953108584804712,0.720863796321063,-0.891072646312365,1.00595714488716,-1.89606956237037,-0.78425943748484,0.54515797825819,1.80783675769798,0.447099593796511,0.855699751444235,-0.0690141161771456,0.702808431611178,0.233572252370024,10.1,0
50772.0,-5.61351221763509,-0.944200759130905,-2.9192775410815,2.02568885748941,0.0031104572197368,-0.562240075535459,-1.47961067824591,2.12818206403975,-0.14591815729011,0.19219382845757,-2.3830664542965,0.603000872261067,0.552244136108616,1.62393464631551,0.768669832774113,0.0838524879986114,0.794677638034408,-0.0389314178855811,0.891650786090389,0.0182471825810372,0.0107936447079273,-0.197965785577714,-1.66702550839786,-1.15733223193347,-0.372300190098882,-0.188963090161089,0.631896401317383,-0.506274718118703,1.0,0
36020.0,-0.483270453934771,0.0885459547376937,1.18349151546954,-1.51968230381586,0.382375510160656,-0.460090898168593,0.282475063844787,-0.462533982771457,-1.19151010956919,0.626555262280831,-1.06658555267138,-0.719242356625352,1.49421614159143,-0.829010490060935,0.468949557308095,1.06298655287954,-0.281169920204952,-0.908626132040625,1.01922745291502,0.263123397657888,0.328276991602941,1.03094877647923,-0.444536182803416,-0.530203568842791,0.109560300154244,-0.10842977221763,-0.330515980707467,-0.0230328328855044,9.0,0
77720.0,1.37285228301584,-0.600069481773746,-1.98224172265667,-1.65259626385957,1.8759889599485,2.8503275319669,-0.650838982431639,0.633995915315747,-1.19547757647127,0.310625568047008,0.274893875201137,-0.937922483348395,0.0752719594351461,-0.787505959386649,0.800437597453002,1.49648494778361,0.591162720145895,-0.674473283527139,0.819934798218484,0.336575147792809,0.0859689760554669,-0.0903114583750521,-0.211466733036336,0.957720245024697,0.811914782312582,-0.137129510905972,-0.0133795695239448,0.0313417752919126,69.79,0
137832.0,1.71434988317387,-0.806304161542783,-1.27680970728554,0.195393909551816,-0.240002284159003,-0.427987273317216,0.0918132083498625,-0.106134344525572,0.884666815256596,-0.110586045068072,0.455556524745668,1.02236830066145,-0.41517238815075,0.376343839248842,-0.860283361833742,-0.245530716838385,-0.390573875932259,-0.0735721928074839,0.647987078816449,0.0663235697737656,-0.0398269005224358,-0.246061187385101,0.0367671665260499,-0.381557064711843,-0.13336664042371,-0.098161318824605,-0.0567273009183339,-0.043604749794396,159.59,0
33067.0,-0.697801355643856,0.790364203485281,0.644431961355717,-1.5340656126507,0.0001059592341492,-0.183414849116324,-0.0012055210727409,0.640967207548012,-0.15133973873171,-0.696445461974875,-0.0554439266710254,0.136023173265899,-0.421937322593263,0.483438867170885,-0.0696162644179646,1.33831864337685,-1.16471138211793,0.618341040325809,-0.0334035270460257,-0.0734963171710293,-0.091447912318496,-0.425885603617612,-0.112433538505429,-0.814542469411341,-0.124208218320437,0.781728368858506,0.0411910342639985,-0.024470422296073,7.3,0
117527.0,1.96470843540354,-0.518263260849633,-0.418802039340407,0.311286495963713,-0.597332657084671,-0.0404331506763069,-0.756152891575187,0.150547421108532,1.34388358503004,0.0238295164456354,0.171289153134494,0.66129113165141,-0.556796891488034,0.103529246931265,-0.118377509268849,0.439186293826609,-0.882570704410909,0.928450173355647,0.239371732754085,-0.238209461337345,0.206756282882485,0.788804233285317,0.0559546870100239,-0.485660308021048,-0.086378188764055,-0.200913139566965,0.0329347610810278,-0.0526829907343894,9.99,0
70651.0,1.14236264608838,-0.168479164030094,-0.339461410772332,0.182313233605468,-0.39704465373412,-1.41936542059773,0.478361362818341,-0.354884066979437,0.0226465375743426,-0.0893499337699833,-0.4397785393006,-0.470949348416544,-1.16152086895696,0.737460655315706,0.900863567190894,-0.0252064721495807,-0.0866674032553534,-0.527453049773288,0.0969363767189064,0.0347995612959772,-0.0055311896224475,-0.259288148094819,-0.153040160203146,0.439900246087829,0.475745143924912,1.06474770010631,-0.138885129510592,0.0044850213130993,99.95,0
138412.0,-1.99570303483612,-0.410558817532822,-3.6971090582889,-0.306906389763076,1.1398844447339,1.04268654521576,2.02393181487338,0.344850392501912,-0.440548360269663,-0.0930091319177984,0.419277891594118,0.548085726625077,-0.501195997829627,1.44450798443735,-0.185403072645223,-1.29115896081145,0.31211478426866,-0.784409912244044,-0.165707482187838,-0.8712522116401,0.418591900298765,2.06405228669112,0.440859815304419,-0.83121151573013,-1.09949619739679,-0.0882223833490292,0.247457770852673,-0.447057939541747,243.41,0
142033.0,-0.474161265776229,0.787339779797896,0.359564110004125,0.0337816456038616,1.17621756196964,-0.456449292249579,1.15042627855608,-0.383271128670215,-0.365440617215641,-0.610550424979896,-0.49484840203961,-0.447227107227533,-0.0794857106745998,-1.07503120543062,0.610201286542746,-0.290988359110053,0.797826312894644,-0.126363644992681,1.05808150674893,0.113283372233009,-0.341039852305416,-0.770035196081773,-0.142893268817786,0.532123867772107,-0.302197906445599,0.327275401336827,-0.163091950405295,-0.0877747756470169,49.99,0
60261.0,-0.73098486973034,1.02904717917262,1.50896661072144,-0.19319567545472,-0.110979035559041,-0.268077064364593,0.420761977959497,0.301239184391615,-0.257506581134506,0.163738945608454,1.47141511795535,0.0077858795607884,-1.5998167313135,0.605324848696627,0.562450060375525,0.0916495046668605,-0.215109613441752,-0.206159028623933,-0.152162759869194,0.100148550024812,-0.182875707763643,-0.473868899505463,0.0465121244462278,0.160200995917556,-0.323812284988258,0.080380788696517,0.374424936106864,0.166570057052569,2.58,0
146422.0,-2.14771933007372,2.13979633024363,0.26467963036019,0.862714724095424,-0.760565360906757,0.563570299363891,-1.14964927464095,-0.283985575989941,-0.597753731988018,-0.756818525052203,-1.37170826044248,1.07543347427854,1.41795810686471,0.635725848944766,0.520705629947625,0.27758733609975,0.188437782735031,0.214654043894547,0.622522866315851,-0.624761748237695,1.56714653182586,-0.761597555338341,0.265423840303417,0.612863348720932,-0.208479003769223,-0.789405323786535,-0.332998821432216,-0.0610901743829937,20.0,0
73564.0,0.971344113780984,0.107844134081402,0.0599594285778716,2.41534482266622,-0.0488945915018122,-0.223569091223434,0.287544770753816,0.0466965061068374,-0.833584822988936,0.894620785734476,0.487884891710484,-0.693387919638551,-2.23427521335728,1.06149586081482,-0.125269872086269,0.871971681468403,-0.765309563261809,0.452986483376236,-0.524370634467985,-0.0497128375226473,0.0254228002551588,-0.352956638639661,-0.178582747019792,-0.0635983878773927,0.505224547675242,0.0050708558488582,-0.067777461836292,0.0171906839450801,117.28,0
36621.0,1.14374944330597,-0.244852025338363,0.191969656480754,1.05693028519862,0.297494167593982,1.60042909904538,-0.508853456671193,0.441909909330752,0.775317336369886,-0.0873011096120976,-0.754823495373692,0.613779395118907,-0.314573904995305,-0.228439319204777,-1.23871399191017,-0.100333019936537,-0.420713751671235,0.215985507408152,0.678867798146799,-0.0967528238970281,-0.134052873738729,-0.118527570653023,-0.317296546367168,-1.68215540649143,0.793578076996038,-0.170301501975,0.0596557908666132,-0.0008944143028338,36.0,0
44393.0,-4.61746102917986,3.66339525318756,-5.29744641020372,3.88095965427288,-3.26355091342907,-0.918546733700683,-5.7152620778107,0.831039550183167,-2.45703377841015,-5.72681709632961,3.52572598717089,-6.48911156043177,-1.01279063167124,-7.05231095228929,0.78444540329242,-6.77397674966222,-8.58807007314333,-4.51089174541971,1.14787783834912,-0.34645583270524,2.69817489528664,-0.0270808907137453,0.366775230313112,-0.123011441662663,-0.300456526768528,-0.239996239629945,-0.183463054061235,-0.0733597031884566,1.0,1
147261.0,0.126844347675516,-0.417853044024962,-0.660484402740156,-1.64418681535708,-0.94882434877582,-0.329278424265305,0.0563567395430732,0.380473377931529,-0.626626649551457,-0.0933835930623869,-1.43919438030582,-1.30534123146451,-1.03459183321593,0.125691604081376,-0.361917211678106,1.22628108261143,0.280466535391942,-1.12816722325932,0.254892019908543,0.0985083273985174,0.376803773927527,0.629449904199661,0.563426208118082,0.557238296580142,-0.773758592058201,-0.391690489299131,-0.120145752815299,-0.0347867149064722,159.0,0
37328.0,1.10931340250606,-0.631090569453572,0.687518668386176,0.390089953260439,-0.842664638612619,0.439421279056643,-0.765696467364361,0.214877112188266,-1.01277016196335,0.935760343750861,0.939697772498609,0.490151802628047,0.281469298421131,0.200449267449296,0.661923475155197,-1.03443978717459,-0.442162470898721,1.71791850987997,-1.35309606518181,-0.402370691055692,-0.145718487421307,-0.0719652163214475,-0.0690031916677506,-0.33944618776058,0.30060763494863,-0.27414882048114,0.0679068155625662,0.0327327471614252,78.0,0
140796.0,-0.590885832734692,0.44006299976925,1.58864788221117,0.922444834869356,-0.393274328427651,1.92108773756279,-0.911917572463783,1.06675996954566,0.525686108954978,-0.613840722214264,-0.692856501270341,1.02901429001623,0.728099883754547,-0.548842709320394,-1.02457312662509,0.216902085160363,-0.44044261713985,1.35364260481628,1.06804130831642,0.0281045332182001,0.361022222088062,1.20669728262669,-0.0891270637675469,-0.0821397712315179,-0.56701167681527,-0.42608665456109,0.191764184959991,0.146526706423324,41.6,0
151687.0,-1.14731656592762,1.82907498566354,-2.31161272162708,-0.26099479569553,-0.0515564405565671,-0.927918916224023,-0.0474306858522041,0.995487190946983,-0.0196846220895776,-1.1211904844907,-2.02548429070198,-0.764465627400866,-0.831489123853448,0.0546569335294625,0.821587507762862,0.780117497288867,0.677820483495636,1.30411546753544,0.164526522237066,-0.442269866774859,0.324763137151739,0.659806882236249,-0.0899272994696197,-1.11161337824215,-0.154858068506603,-0.100285381195823,-0.385686311045102,-0.0767965045448602,35.0,0
160271.0,2.03178272342171,-0.403134538350378,-0.817893917110018,0.0332305952246723,-0.0259579935817277,0.345494756565411,-0.595488979841646,0.157383763574696,1.15194336045522,0.0145879607981603,-0.377933654641155,0.632015337420454,-0.0043740695354244,0.12962108877746,0.0786966645113232,0.799178516911054,-1.2753460524538,0.777394982023835,0.730036022501858,-0.183029066054339,-0.219539864636129,-0.525947229303472,0.191779432482856,-1.43749583243321,-0.28570174772407,-0.556333927017809,0.0273950442834988,-0.054741040209047,10.0,0
68016.0,0.968423714273567,-0.727057303946335,1.14501385856031,0.421393161645127,-1.49175967882923,-0.537610921958216,-0.511226617564968,0.017994373970245,1.20751174163512,-0.498187140530561,-0.543125607928099,0.555595049021422,-0.311552466776999,-0.460527634617124,-0.285017980945762,-0.188689137069371,0.280843717764787,-0.691787742951351,0.308083859996908,0.127624281430204,-0.146366163440143,-0.433120310493508,0.0234881932902049,0.797515140412627,0.0426379356586224,0.91062703190565,-0.0564363424334825,0.037008830105621,122.34,0
97900.0,2.01204497779745,0.0402430691348752,-0.855593833037787,0.523293327542326,-0.0184796777962261,-0.883844150141763,0.0246695139508338,-0.300799463562898,1.49135842284908,-0.14290568885656,2.06600196087208,-1.10712968114079,2.05764679727803,1.82231284481265,-1.45430545269536,0.0137535511507524,0.201482904260216,-0.186596285341316,0.193530124960509,-0.226094500259231,-0.375403795255257,-0.719622287027858,0.343703293497558,0.0289867689534737,-0.349474933912929,0.132340620217515,-0.0986003529908514,-0.0742296933991633,3.96,0
83385.0,0.839015348549872,-0.96686938612515,1.05271669835746,0.414173460518434,-1.40973431236797,-0.0675315285017145,-0.576632731470428,0.184055500474243,1.30237957332888,-0.542853579941816,-0.438439785135011,0.277923914562263,-1.00889733365362,-0.285735539088331,0.0477295824842631,-0.443040460848541,0.599590496285769,-1.04741279166785,-0.0597295371758766,0.142375948251118,-0.0997393963615322,-0.398358111426773,0.0220635018048393,0.469576039506267,-0.0696466572306187,0.9379054542753,-0.0528239828924914,0.0398529916721305,166.74,0
133502.0,2.14667679178399,0.179386142350764,-2.35801501391891,0.544015966062044,0.577375742348868,-1.87043794553267,0.953708988742299,-0.620130048788255,0.0208290201452964,0.310005861525613,-0.988586738058276,-0.499143159325653,-1.39516438898529,1.0810242261702,-0.142831319024782,-0.757812990500747,-0.0318114461797913,-0.548710278647961,0.0066357645285205,-0.341254095162874,0.252343242629376,0.876999432032525,-0.164307715793054,0.116829556548215,0.642594415577128,0.724595439608789,-0.130772169085125,-0.0959033992388096,0.11,0
34380.0,-1.59636499488995,-0.600011270692752,-0.657045227345234,-1.65189327036639,-1.54141934684709,-0.123707165225403,2.51773068585329,0.164090930353972,0.258791713189943,-1.92853754559839,0.57848057012619,1.15300116989488,-0.0460040836588237,0.682623617545749,-0.78577266305259,-0.433267413932845,-0.422351879692371,0.643803696404431,0.423108095123932,1.0601032745917,0.483879106398773,0.585999177179848,1.10030393023162,-0.0322924904978275,0.19958679866495,-0.832828974710889,0.119214378535505,0.20675888220269,560.84,0
48674.0,-0.465082770391324,1.32157092478166,1.19665640670676,0.765782641332019,0.807289862453847,-0.844674373096206,1.11169985057244,-0.354649599743432,-1.01124572635262,-0.85430901915284,0.871758265942236,-0.0718637850133924,0.518365981098382,-1.62955562558838,1.55637097063401,-0.453633295720709,1.70995668316361,-0.105142553866985,0.346109132581053,0.25175635292047,-0.0812898639206421,0.0234381184514574,-0.335769413637253,0.318768477349666,0.237932856459198,0.527756848279295,-0.107576791027121,-0.119393856013408,0.76,0
150138.0,-2.15085504470997,2.18791662800118,-3.43051589218087,0.119476214172018,-0.173210022248717,0.290699943542092,-2.80898761953492,-2.67935050574045,-0.556684932588288,-4.48548270396242,1.90399926160786,-2.64421945060054,-0.982272877372442,-4.69115085524464,-0.6930797524851,-2.55325078310516,-3.48343626722796,-0.0648523857005649,1.49032876283779,0.53214542192165,-0.0732053058243562,0.561496277430611,-0.0750342624995709,-0.437619179374193,0.353840756362622,-0.521338535540234,0.144464860203719,0.02658811547881,50.0,1
46578.0,-0.509095388354828,1.34218461186089,0.488899343456874,1.12279851610311,0.161886375711955,-1.00676173150043,0.898407680197272,-0.174099317737211,-0.305799230186165,-0.659179751865576,-0.323561549180519,-1.49481709884389,-1.99474861329199,-1.06444015256294,1.42209978938119,0.30711143254696,1.22436094125838,1.08298634370856,0.19749784322143,-0.143771061566968,0.0610728872133092,0.101157376026889,-0.132727870107997,0.205052447019697,-0.336282520263689,-0.351128728080994,-0.0655515806282362,0.191591392310612,40.3,0
62584.0,1.03937179768503,-0.415151290042578,1.27519890113414,0.777698255404027,-1.08779666788351,0.343789833285287,-0.861263422918332,0.413130052821994,0.849420462399782,-0.0868935377015393,1.14733483316613,0.587038412582701,-1.40211509332616,0.0957804285674973,-0.118080505481061,0.0709906754519457,0.0033657288760128,-0.0916426981391569,-0.184318654350687,-0.169529026714997,-0.0012784122064544,0.0769264785147554,0.0705119932011244,0.225205853388738,0.0719431305043285,0.318760888356186,0.0173854221428831,0.0165254374791214,29.9,0
88614.0,-0.584693347979717,1.2441005466941,-0.690252409864118,-0.249935816663408,1.00252906565258,-0.881175825962015,0.857759635615885,0.216281097778327,-0.734483831015584,-1.31549734554743,-0.935766168537404,-0.302379134921305,-0.142717548841249,-0.634929503245775,-0.0404847679177089,0.126772568228297,0.950037601278266,0.120602044711067,0.42317952149943,-0.0500631719804857,-0.0920250940849718,-0.413668136618341,-0.0746249159780625,0.495936145780934,-0.281177626906111,0.367262037085431,-0.0284182250732684,0.0986701032920201,17.5,0
167338.0,-1.37442438802593,2.79318461104641,-4.34657205544607,2.40073141993213,-1.68843271426041,0.111136092520939,-0.922037621262745,-2.14992997529601,-2.02747375610927,-4.39084192218279,1.24195817554592,-3.91052150018815,-1.22563629923953,-4.69799687128777,0.676108304106939,-2.07706554161602,-2.68352089790884,-0.525949332550218,0.42234244481934,0.650195855719888,-0.870778521555015,0.50484915999462,0.13799426850986,0.36827456897565,0.103136654803567,-0.414208828090744,0.454981584858352,0.0967109642319915,349.08,1
136071.0,1.91127083107443,-1.69955673894838,0.269437891634475,-0.59440680807608,-1.66328350793343,0.674685653469438,-1.76832047771369,0.251748594429957,1.09519851482182,0.424944166319067,-1.50597980785414,0.10030931806636,1.09567207781879,-1.53802875371337,-0.778866163690197,1.19575195385419,0.196825120069515,-0.874487081583787,0.677813106215639,0.257165171305132,0.391432136342371,1.22904076490141,0.0522802189525677,0.559613427978011,-0.268315245384932,-0.056849908378121,0.0590308408450027,-0.0088173930476415,112.06,0
139547.0,2.00117990912725,-0.0086174284163644,-0.685607020828576,0.62339221104045,-0.559503431240575,-1.72005691649817,0.216831591051957,-0.403808288866697,0.448930669213971,0.0662512803227488,0.0924888459417851,0.84385676635069,0.115935646761293,0.287306744583774,-0.0481970056415336,-0.375309938148412,0.0243926616602774,-1.1864856962749,-0.191336390879577,-0.241617827483313,-0.228691466918923,-0.517276705811639,0.448729572188034,0.936734412756635,-0.410125626297708,0.139988533496343,-0.0680496111692412,-0.0505805457295353,0.99,0
170998.0,0.374790185812196,-3.87204999289945,-4.97178147484906,-1.17667264326796,1.68211935862265,2.93385587383691,1.16674338576116,0.136091427397031,-1.33257149981092,0.498064092986705,0.072141835833465,-0.602543029767358,-0.0624021713413216,0.854530065707668,-0.0024832051377456,0.11141803242574,0.496478460466925,-1.69060646701435,0.30864203705393,2.01702613652582,1.07473026294766,0.82874129482596,-1.06110386527907,0.856918498893796,0.440331699060772,0.215423402082581,-0.262651693322894,0.0725599656516631,1000.0,0
116994.0,-3.63093696089843,2.96395438171161,-0.396310618771763,-1.21834836957348,-1.11237415982589,-0.012801015928239,-0.463841523131467,0.437043835693802,3.42641224972093,3.0089015280547,-0.733680596550311,-0.432563302331457,-0.292358623639479,-2.63804197019972,0.941953005750785,1.02470067525236,-0.0423513813662043,0.926160100278364,-1.13143807248836,1.2610946821309,-0.119839869945052,0.377718670510836,0.126202493248103,0.537097048952531,-0.065127320693064,0.404068144133203,0.347309787871793,0.671762708921623,29.02,0
71295.0,-1.3787370249741,1.10596877698595,1.76304750779283,2.57393072229361,-0.938865559329594,1.62187387310848,-1.23192650825058,1.50532507749489,-0.191949360880743,0.0329471720648346,-0.47791600779013,0.392548123019373,-1.28280839143261,0.0575558307738963,-1.95478180436707,-0.0777330037116381,0.602087183592619,0.365888667346394,0.329215204765215,-0.386005384810313,0.319584475799038,0.899558678552697,-0.121193613450723,-0.276494762459794,-0.451193906862377,0.233523907293072,-0.292395547869903,0.0207423761565864,7.07,0
209.0,-0.572010633445768,0.374980871055565,0.923823032724171,-0.954005872315245,0.753635444187849,0.139494795433016,1.45074773940628,-0.551715607125337,-0.126158540017941,0.0684448790819131,0.351181327339534,0.224943615111342,0.448234261671864,-0.362391077337668,-0.29747225625761,0.828896267295928,-1.64672970977544,0.559570501457162,-0.203285080352878,-0.127564678412084,-0.0303236511688595,0.334778622363673,-0.192455176036111,-0.790313074175178,0.110172912071476,0.309764577305615,-0.504722784068263,-0.498287038830461,95.56,0
51435.0,1.04814978734318,-0.747197082934759,0.904006620478135,0.064860245621423,-0.993258619160105,0.575743998828321,-0.885446491097019,0.442702871313617,1.21174038622806,-0.301594550479533,0.54791063249477,0.354221135604265,-1.73527180311753,-0.0058734844074203,-0.537457135943342,-0.0353682242481395,0.149997185421363,-0.270073662703061,0.515455017865805,-0.0902770164361873,-0.164297557203336,-0.410310591653874,0.0318294107665198,-0.264520403914785,0.0018488031155149,0.9748799620022,-0.0421204089528319,0.0028450507733305,59.84,0
154557.0,-1.12007650191965,0.680069348149158,-0.619411284797635,-0.261808280453032,2.42926946304992,4.23092551988905,-0.453367994318334,1.55631208083403,0.23604910030059,-0.416435754766807,-0.858064993064314,0.488526103136226,-0.419834447008757,0.112202442721248,-0.958092601182182,-0.616474997681175,0.109255107459816,-0.760467769335496,0.442259037925605,-0.10517704067244,-0.398645664053963,-1.12628732804923,0.158078659213441,0.627835862784902,-0.665896628441731,-1.09638248576061,0.138927773127164,0.184274361176743,18.49,0
159367.0,-3.14278091915851,3.22945129593598,-2.70546354915112,-0.828898221710085,-0.579779875572812,-1.01771592486695,-0.635520048568455,2.15623745865282,-1.53090638955328,-0.7931880400607,0.006683940809036,2.00097314526929,1.02246635568009,2.10676037825489,-1.70274244401519,0.103555498281861,0.491195724766238,-0.0486416192850726,0.257953693516396,-0.513015103676127,0.513009314412415,0.693861421520381,-0.0327073262617266,0.85970531274171,0.453507529941676,0.586900094799236,-1.05594768644104,-0.137946158592299,0.76,0
134589.0,2.07911759720524,-0.0283244400224682,-1.56449990323315,-0.0804506412125991,0.378175507707882,-0.805268614802827,0.323178799176637,-0.295062712443417,0.311881447197876,0.0349430811262895,0.676726673421043,1.46448231118906,0.80226588394877,0.427747790008824,-0.667891335513029,-0.203577458491567,-0.673508176290704,-0.164834475979799,0.740118220585191,-0.167955708979605,-0.114083919980444,-0.130588389303173,0.11052667144011,-0.457110018877652,0.0940498519634514,-0.0708826882561794,-0.0483872050871299,-0.0765416988405801,0.0,0
133514.0,-0.57506928148157,0.634274133907156,1.30393415587414,-1.02843800451452,0.49497912276678,0.340909829253219,0.372472478012177,0.203308594799636,0.233683638687379,-0.760804893741227,-0.285444059076819,0.252180441896746,-0.309190039888024,0.0437397233269642,-0.320612840439603,0.665516717306172,-1.21733463385401,0.827839339191203,0.512368404845521,-0.135539573904495,-0.128431567303892,-0.406849202956587,-0.243061140988006,-1.08818297441482,-0.177193084253683,-0.582557053973145,0.0087626923108236,0.117334593049861,8.99,0
150011.0,-0.24893107715084,1.20879491797068,-0.701301296796854,-0.581213764120766,0.553324525685678,-0.649938471097811,0.497579733469597,0.475589522634009,-0.429074918738312,-0.879606147675161,0.913970878370856,0.577864775763137,-0.407687233558365,-0.423272371891101,-0.947777156183539,0.629605814154435,0.352223742153635,0.321115363602863,0.008823081680848,-0.102075530551447,-0.241897879532849,-0.739779053328796,0.164397137848282,0.64946301276722,-0.455773261238357,0.0902623077938886,0.0901940426091926,0.0119474412545257,5.99,0
124578.0,1.52150166323583,-0.905270947694489,-0.281750831803919,1.36392647835463,-0.568406556713095,0.500129429528225,-0.490047033563892,0.0909173249965679,1.03658887912948,-0.0026307841921097,-1.07304295510286,0.802570950219262,1.31146383727986,-0.432854259431264,0.692489222793929,0.630192332746289,-0.920015225763039,0.275987189137456,-0.71320829157103,0.305761534259746,0.205227328604139,0.285126310400094,0.0627032634157042,0.411391885994503,-0.334846895771808,-0.770349630630609,0.0437556727729499,0.0246756329734863,227.7,0
161354.0,-2.5320432729636,-1.28930239341336,0.645309399483276,-0.588635190546053,1.06054479502073,-1.05374869877956,-0.641466003984264,0.643114004924425,0.288832679271504,-0.713925319598604,0.158084669330194,0.852169803889347,-0.0132295142990974,0.415958251291301,-0.320383099427364,0.653612961358519,-0.819853571943762,0.539805200928067,0.402108051505769,0.212860779787351,-0.064061080550578,-0.572638581759388,0.191936836210524,-0.513857957894856,-0.38083971496567,-0.344294842772062,0.10869269913717,0.11750219937066,33.9,0
81093.0,-0.308471970182571,1.04530218627027,1.0469832325763,-0.0533703364340655,0.202096659554239,-0.693306618607374,0.649797924990654,0.0109486937118842,-0.22407808003921,-0.487015959032126,-0.844208360039966,-0.732487718666899,-0.681427615723588,-0.283359750443991,1.03133780476402,0.581621928174564,-0.135902406809451,0.147289228896547,0.116672715748714,0.0799161348930999,-0.307738597086778,-0.861483187526577,-0.0640422738211382,-0.22899954430745,-0.118042977622219,0.108098889854015,0.238143487291548,0.0911232872263775,5.99,0
64684.0,-0.679584610444423,0.798529808851653,1.54253439261695,1.46115747912941,-0.117298111265993,1.4009898206133,-0.323038831478273,0.824370771579053,0.371246038486652,-0.834488546074867,-2.19662073722194,0.674923011705969,0.433659985774081,-0.59597227158107,-1.41610693639287,-1.23533202880814,0.910237472064758,-0.729736585611852,1.67747250364957,-0.0537588853626638,-0.314897194084902,-0.534973373005794,-0.0775948917079364,-0.946015157231889,-0.211619577478934,-0.373263825980183,0.113825590465155,0.0763522693764871,15.79,0
147288.0,-0.684204636566848,0.878091922328852,0.0901174175520527,4.42868544737479,1.8257436799987,1.40545147394113,0.945494353017297,-0.107311143990917,-1.62951689942912,2.28562031223874,-0.333185137011245,-0.302749610087399,0.367482881403497,0.142128174425834,0.939465020406414,-1.56311196514247,0.96578834536198,-1.81644370920208,0.227436969123113,-0.220787230228604,-0.0388323696401987,0.815884575664602,0.694382289670762,-1.03524801337446,-1.47940054798552,0.184866420316162,0.211165368230384,0.061983287048344,34.6,0
138485.0,-2.7079037722484,-0.140949931812843,-0.738099949684394,-2.6099240425824,1.12731530012896,-1.33755393727093,1.61889542927062,-0.911227026200533,1.67650184427611,0.0922146184214715,-0.514715455381142,0.0945886622142478,-0.0648685055804738,-0.273660875890784,0.856480350511966,-1.14805417336551,-0.440153682043976,-0.377329189843762,0.799708538465095,-0.542556890065695,-0.21072131338219,0.593560033053018,-0.252777257724316,0.691687314223442,0.588543347393442,-0.258977405980488,-1.1753076964985,0.116024892236774,50.0,0
149668.0,-0.148592968140627,0.937424266951251,-0.229947563687994,-1.00531124520974,0.905469007458965,-0.148224803128388,0.838772317877417,0.0654128314069284,0.0178404108448284,0.0706405288649176,-0.146491808477703,0.292178280879791,-0.318924157348922,0.265762174607661,-0.920958378116516,0.343018430166906,-0.961709649295507,0.0283968150897625,0.493817034140547,0.0973417184202766,-0.306191477351479,-0.680403839690246,-0.0511280651528259,-1.11884186244331,-0.360890103975431,0.195712916843226,0.348936347953095,0.134630940024052,2.68,0
144592.0,-0.574047973544929,-0.154094670000786,0.164580106224549,-1.37933605039214,0.0971075347827238,1.80821041474612,1.17756079544384,0.224143892313887,1.08808966730994,-1.42173083265854,-0.744818854150945,-0.90926875862412,-1.29549940103723,-1.57718922388406,0.65012811147422,0.783038426843699,0.259326105900568,-0.47736254648121,-2.81869980637716,-0.329040760380328,0.0966849694035011,0.540018807632781,0.408343930445912,-0.690034224360127,-1.7275497375784,-0.013874860126264,0.109771277535954,0.0029087853266395,280.1,0
144480.0,0.0997516358390829,0.934457753232864,0.0280540202603451,-0.759970025898263,0.836798691695912,-0.703730674937875,1.06869393754503,-0.223715246124456,-0.157781574504676,-0.440355170856916,-1.3635048676774,0.474615966394956,1.19339235873691,-0.140998124948949,-0.469655359913971,0.058277098186865,-0.720527039367399,-0.654069477759057,0.169667313176091,0.0472859468890916,-0.295017272333954,-0.611175095519116,-0.0328171582626289,-0.632362481055058,-0.36188793075168,0.177625368611468,0.253895350249825,0.0924807110856252,1.78,0
40687.0,-0.275683921334473,1.11240286511215,0.942716313673428,-0.136235475448822,0.427004769606129,-0.504524727893614,0.686810074966867,-0.0141060030193886,-0.322820416913113,-0.506742534469509,-0.978478624052058,-0.407786859473999,0.167360923792578,-0.460737143017989,0.965509057724427,0.631607711933137,-0.291044980952806,0.146258644211631,0.226161793337683,0.130042708293939,-0.321392662684179,-0.851228817571674,-0.121963796917958,-0.509255181435806,-0.0527422530403122,0.124297176420712,0.244629049827446,0.0893492704615968,1.78,0
147135.0,1.23618455691097,-3.12539355671187,-4.50916052889478,-2.1699548777587,1.57430156844125,2.84272293597963,0.237831455338242,0.221244838927326,-2.33999340313135,1.48768887971695,-0.161852302734555,-0.91255959622488,0.165388586176327,0.612582574520089,-0.204177052922543,-1.44470621056442,0.7408534742342,-0.427177648745432,-0.328526102701653,0.820474078736717,0.477373326284284,0.46027953229686,-0.636722864843747,0.793653898702438,0.472675523576763,0.258485289377663,-0.163241711462679,0.0097113917263613,611.9,0
168324.0,2.06356519779202,0.0179905405851439,-1.07107589180423,0.489534430333306,-0.0990324456717366,-1.23291882602493,0.164579530672876,-0.392189737588769,0.332764870641418,0.1717840250879,-0.555794411529266,0.599123956003035,0.852252765527392,0.231326908822245,0.601399118882215,0.0938350774026812,-0.589966626907866,-0.334104002614228,-0.329512407342219,-0.172032170039885,0.150171134291261,0.58542202143527,0.10440346830398,0.108975253644494,0.0063114753886517,0.38055737427946,-0.0535923305102822,-0.0591420057269589,2.99,0
52991.0,-0.65300420346974,0.314075910970137,0.865394056559049,0.232590393022283,2.03583048583058,4.25623304437332,-0.647075092675093,1.23906881771704,0.0588615637054845,-0.110523885586082,-0.645198524944235,-0.0892760258485583,-0.0148812863385592,-0.267991831651881,0.68519484076648,-0.0550909290829274,-0.375522591069201,0.684384653667564,1.22101709105601,0.435239287969755,-0.0393570862215932,-0.0442346519296109,-0.0933118782655918,1.00128348207848,0.0604096377353738,-0.248255220012269,0.417678484757543,0.199753056977963,31.7,0
136218.0,1.98032746842716,-1.01775509177473,0.0899879702294715,-0.816759720881767,-1.38815991189268,-0.0514562414792275,-1.44331942366368,0.356889989187525,2.13185686502746,-0.237377567937284,0.312219863720178,0.0575340292961968,-1.72051208968855,0.100643042050532,0.808197623639902,0.839542332591077,-0.793176384739029,1.10068930486566,0.328426174141768,-0.276285396101342,0.216383733172548,0.74880477406522,0.221762405904194,-0.379512094376782,-0.622193917475036,0.69292236410997,-0.0105243594993767,-0.057642771518307,1.0,0
25198.0,-15.9036352020113,10.3939171427504,-19.1336024646827,6.18596883540498,-12.5380209157442,-4.02703044708406,-13.8978265981985,10.6622517826007,-2.84495398482036,-9.66878891236125,7.39441941053863,-11.6356300484755,1.42327692545531,-8.64045910049478,-0.674719538892936,-7.69556878829619,-13.6841395944616,-4.77740603940726,1.26834277321029,1.50156541071894,1.57754822493456,-1.28013712313136,-0.601294526869194,0.0404039214626868,0.99550197117886,-0.273742711729157,1.688135896398,0.527830799573719,99.99,1
120372.0,0.107478583188062,1.27281173569643,-1.93415870210092,-0.46687908463297,1.23085815447402,-1.19763556056336,1.16531241544739,0.0445882795917842,-0.578390807455653,-1.11582335876278,-1.20881348098704,-0.359036263673036,-0.368265361589157,-0.384563351092033,-0.707013169922239,0.0089852300707402,0.712334787040042,0.0804899893695613,-0.190018832837223,-0.271971974524031,0.177878565185775,0.492413963210779,-0.0992654671929028,0.440286799320014,-0.329209944002414,0.52789472694773,-0.0917895745490356,0.0374355656741151,13.56,0
61876.0,1.06069516818082,0.345574198935298,1.05189236074732,2.79671153736437,-0.547335958654198,-0.362599206778054,0.0203088391976121,-0.0382478972782647,-0.321792150754657,0.503009307265761,-0.574129417183617,0.344388160328978,-0.0485992851728697,-0.10118512356329,-0.663426403535056,0.181126941924003,-0.125430233826043,-0.791142108374239,-0.717587443985039,-0.101338347224781,-0.245456194565985,-0.67709093223399,0.093380988777579,0.697087859916257,0.322237799201958,-0.204619908488578,0.0031779354019212,0.036527829259605,41.14,0
127277.0,-0.306051757511871,-0.83978903883036,0.155792167770093,-1.38102345277422,-0.412765723412095,0.0395413228280327,0.30258552810545,0.0161310144223395,1.46902845968737,-0.835726937537685,-0.116859926490157,1.17323998698632,0.148898466537905,-0.494054282968563,-1.66964237169843,0.0442739492988439,-0.656688352200224,0.231110680640578,0.943472490910322,-0.274106571680824,-0.0182001310173665,0.348431827733743,0.436093888407522,-0.426706293550246,-2.40375467644901,0.058096784763198,0.402521325743269,0.265868530563276,200.0,0
152307.0,-5.22296817637504,4.64182734988813,-8.85820420925725,7.72350199432307,-1.50703495625849,-2.15948357376289,-4.20516409588397,0.979334284202064,-1.50563737438727,-2.23906626105695,4.23139330449617,-8.49348798082106,-1.09281084673483,-13.2375585139603,1.1840864824863,-4.18641517783122,-5.49253578625626,-1.21610811302066,1.04610451099676,-0.176673248133323,0.561892173950775,0.624206816460912,0.536428910734314,-0.628333712411096,-0.222651230551295,0.382208361920644,-2.6930356893785,0.407935125898827,1.0,1
62888.0,1.20544338297549,0.289451215514098,0.741620056716745,0.746449665317911,-0.682445338242212,-1.27686764289871,0.136545507170455,-0.28482763971325,-0.106272096358316,-0.0928539979788115,0.388966130830033,0.944906247802881,0.974313204836109,0.123923488835983,0.911656537842453,0.113381714066371,-0.271921864830932,-0.806430204011816,-0.32778431333547,-0.0435904277121079,-0.208168891889414,-0.589664842310856,0.185182789180019,0.933687280522431,0.168354562920644,0.0580525765964894,-0.0251967177968592,0.0276456871171451,11.04,0
53404.0,1.25763307881332,0.281164665585179,0.283018634373584,0.701694623685261,-0.461925014467868,-1.09549144542933,0.0142778464010797,-0.14365642998149,0.191846036493394,-0.25142560305247,-0.249858669853365,-0.324882343016372,-0.822598566455368,-0.079207040441824,1.20935241848472,0.529193303922895,0.0527149905966225,-0.168889573081028,-0.189016258669576,-0.149635712193302,-0.300565055834295,-0.916368918785983,0.142074094829847,0.311039477634436,0.181637325246477,0.0983587059594687,-0.0297701036199573,0.0283589438775365,0.89,0
152697.0,2.02170625128451,-0.0377981485095402,-1.47749576905722,0.450149763325461,0.182315483677092,-0.554208108732633,-0.176534828971309,-0.115017686434454,0.804995584288608,-0.479963195799378,-0.740353138698852,0.0035718864680418,0.176163402814301,-1.28845918258444,0.482942241074066,0.6544720630063,0.441132959815372,0.331354991621459,-0.18729407886678,-0.0927245635317417,-0.0861255426364664,-0.132099659545229,0.176679778103061,0.401725008536351,-0.179721339433372,0.424656217237561,-0.040166071544055,-0.0196925030199021,21.48,0
52774.0,-0.122771941149167,0.757838767607048,1.4478461244575,0.973702297539776,0.0839088293195102,-0.0702168453069252,0.325181184407278,0.231154869536333,-0.690221743670673,0.0184789618260173,1.56339487813708,0.468917578601364,-0.771645327941926,0.636036469414099,0.714757630902889,-0.144468662917272,-0.134886020191102,-0.127659695011607,0.281916840496972,-0.0750108961204313,-0.125845883000698,-0.451509382919234,0.222658860984842,0.148120690790724,-0.723480082450804,-0.713013410562429,0.0974036535362507,0.0443678664384793,9.13,0
133508.0,-3.25115092649552,3.99125543936797,-3.30860298795339,0.659791001868437,-0.890013207526164,-1.69919350843057,-0.297674825844595,1.76040013539918,-0.173896773847286,1.61654821344179,-1.4332921091537,0.848964624871925,0.50062688962891,1.74669178027518,0.134011905591825,-0.453504952028795,0.574434254435613,-0.104574351789358,0.227223734594224,0.505172296417222,0.232882053664681,0.801871270946372,0.238860321443289,0.0303109040818177,-0.227162295887103,-0.471709920387209,0.740247169788895,0.521605348557063,7.18,0
165503.0,1.9249290426711,-0.272267146293496,-1.54978214004695,-0.0418759262041762,1.05621006399714,1.33404487985795,-0.190285129490473,0.364633180750609,0.293135098407271,0.0709872387540497,1.20739572724706,1.35079404293741,0.184822414417292,0.442264029987862,-0.0580428022457599,-0.866838451405198,0.262890252629618,-1.70136074280699,-0.485161897403945,-0.265241566895832,-0.142125917293886,-0.178920847097871,0.346207889419215,-0.709120411434605,-0.372434849344149,0.34602557187027,-0.0272570999450676,-0.0818198019307446,1.0,0
41305.0,-12.9809425647533,6.72050777097643,-13.4556359425571,8.69861009281133,-11.4795517833437,-2.68151865053833,-14.0192907576919,8.21819051252864,-7.93089996826719,-12.6959474039839,5.58936163192341,-11.9608660326622,1.53867076186333,-9.88721406724695,0.6339792179337,-11.3502438549644,-21.7101876525534,-8.85945192496352,3.62971365041526,-0.84330261969681,2.54962823474498,-0.532227763596568,-0.235096473604284,0.673209169467055,0.22659797207791,-0.0061678581900246,-1.18569550568181,-0.747361321404312,59.68,1
50920.0,1.08664008417849,0.148384990495537,0.120522198059062,0.974415008770645,-0.0359249436056334,-0.40600744418592,0.270339460514169,-0.139679466848923,-0.411854448133012,0.122069938778889,1.18085382608506,1.29455229620397,0.96584174152371,0.38676997366517,0.144288113362929,0.304199883751495,-0.84995782548412,0.344589961340125,0.0127882618366068,0.0867925406732303,0.112404586555686,0.221430152027988,-0.226960049618386,0.04624578772716,0.708183008470886,-0.336475207829508,0.0023635202718329,0.0214631646245274,76.1,0
160776.0,2.15496752779485,-0.718356857339003,-1.19638743873283,-0.151912353102921,-0.571920680018691,-0.811486723291345,-0.323945755436354,-0.304727777673743,-0.232902464186905,0.830706434983657,-1.39742181497234,0.136248114659899,0.329091382437406,-0.124754333771881,-0.774369870227273,-2.05037995657929,0.213165708949654,0.7353369000061,-0.648314722728069,-0.623703468655502,-0.234607145479041,0.112333956605106,0.0635204381837387,-0.1177986715959,0.102014195128506,0.738962989574794,-0.039626158803171,-0.0676924402849885,11.5,0
79451.0,-0.642402736752374,1.09950257972381,0.182619031380284,-0.370463236704102,0.719901183495811,0.404890208606791,0.635896893399582,0.478126724215987,-1.16453209618233,-0.585271860417206,0.355948138355748,0.894632685700105,1.00939144522174,0.636247529364623,0.0089931629257129,0.205019826309062,-0.571463479306714,0.0752767242903281,0.398197770963856,-0.0217799147248912,0.146443713249168,0.287048802158889,-0.134629399948581,-1.09816401021396,-0.207309630572777,0.337085834598174,-0.0271049280701389,0.0646309091965632,42.81,0
89624.0,-0.106410149532191,1.31160861434817,-0.368132157173193,2.44369168605395,2.34134578771263,1.52710261619596,1.43858012192632,0.278216297232363,-2.32549400553176,0.856381699827864,0.338003038268539,0.178968796649997,-0.140422782259349,0.669703463473964,-1.62441858816595,-0.244668074954657,-0.302826604175432,-1.25327647007849,-2.09521315264233,-0.265133159639231,0.302187846022946,0.912726580824613,-0.219164057347741,-1.63246234344292,0.0238949383512595,0.208157841765261,0.0308772048886137,0.0027082637369753,35.2,0
144183.0,-0.227491415203412,1.69537560610727,-0.162098005758597,4.38019082865812,1.38136565522698,0.367423671089,1.01160996326162,-0.234256099917932,-1.90510092762635,2.15100936370979,-1.28665612534353,-0.455807017646987,0.563964917602721,0.243139200171079,-0.236273213414241,-0.800631177689943,0.28513550540268,-0.316116977508999,1.43065407815553,0.146475981556112,0.112793203815095,0.600728337107573,0.153413101511183,0.686974335033421,-0.931873619499693,0.242178134579294,0.13045338473943,0.35524854027345,3.94,0
16719.0,0.95775681135044,-0.0120663534916068,0.891782434312376,1.7419557346403,-0.521546263124185,-0.163656385633184,-0.105017797288683,-0.049453605118765,1.7035971377655,-0.565108386010699,0.71111108643158,-1.89411588008367,1.36485194041051,1.4652270597749,-0.678946757429745,-0.626533717728479,1.05165034632297,-0.802808428495936,-0.715786796615519,-0.0724358821675569,-0.320688156552755,-0.675310502556916,0.050336014303814,0.316004504976624,0.313032818466642,-0.566726217496161,0.0113982185292351,0.0365159137608553,94.48,0
48611.0,1.16199196205941,0.227536702241071,0.602272529114019,1.06411166677272,-0.317341810265156,-0.374142427059113,-0.0547969458976966,0.0196068010012203,0.160358308993431,-0.0688420269336709,-0.167204070763966,0.140572558691035,-0.404721660709637,0.416658656289446,1.37694625162523,0.0228261084871834,-0.198108424903454,-0.740619937782611,-0.640230130322882,-0.181384453999315,-0.251054747230783,-0.744507102704613,0.175791856611335,0.0142925932976222,0.195887648740367,-0.663114140571317,0.0417696189705638,0.0299692925787153,12.0,0
141088.0,2.28149430502489,-1.48589056011058,-0.70790388933338,-1.64988263542168,-1.42385937667765,-0.396862944384879,-1.41874722108224,-0.002461479931931,-1.14341449154785,1.75269384721532,0.191631432577155,-0.62673836469049,-0.357299572551735,-0.215543972168211,-0.658982525244471,-0.0970245739501238,0.0967734396093747,0.724458081078682,0.224449076615834,-0.487144350631262,-0.133105449420371,0.103697565103893,0.218211931776933,-0.448697884325749,-0.284890501464174,-0.167728781455239,0.0191561434718167,-0.062017892922901,5.2,0
159921.0,1.78310110768639,-0.429710781024411,-0.641693908323689,1.18781608877258,0.440035221039078,1.74657632206933,-0.605894773783205,0.60096379222624,1.03808666035941,0.0382884668827392,0.36136355462105,1.15697042433674,-0.801418532783937,0.0900323337927405,-1.04299165840615,-0.889586525910812,0.330430820569743,-1.45481227700123,-0.328059859062413,-0.368061305425589,-0.432291063449651,-0.927253394661665,0.427299571056958,-1.73112529294036,-0.503110032964437,-0.992621102940381,0.093782056259275,-0.0564751064110369,20.49,0
62676.0,1.29637959590908,0.43992528509307,0.161127835490879,0.900621894192242,0.176511635239292,-0.381325915353393,0.202007530202515,-0.228710039543739,-0.13800274549456,-0.0496389886844978,-0.833786033001448,0.827345085930682,1.84357462686378,-0.0493808212257934,0.900060294990727,0.339634429272985,-0.874722766392058,-0.0972788803537554,-0.0673768081352844,-0.0100787897379201,-0.0910162831037085,-0.144962170295967,-0.141947541861368,-0.429018121901345,0.710431061191323,-0.391746991800278,0.0325545501586217,0.0203161473469053,2.5,0
113138.0,0.0173043491537676,0.848043189368033,-0.230993468687986,-0.59371691218928,0.917514179900216,-0.109626925269948,0.764684534780001,0.0647395106918475,-0.0495201285451422,-0.161058112821394,0.139078991253087,-0.190694425712841,-1.12418759186729,0.821312526648024,0.359928159077706,-0.241107057156383,-0.719027043545268,1.17922760517741,0.988796511037724,0.0219172436674935,0.360353441477467,1.20642513451428,-0.283199460364512,0.195374098643365,-0.374832663955379,-0.420608152629822,0.482815991474879,0.275489405482481,1.0,0
111343.0,-0.401473919949205,0.50466681702405,0.489783288450506,-1.44344737355491,1.23860332354557,-0.863268670451712,1.28194013157686,-0.677438527052857,-0.485654502487053,-0.161656808539875,-0.883143374431299,-3.52436619190322,1.47794596692416,1.57066756900297,-1.33236788959197,-2.10309735961599,0.57874498304691,1.23211242645553,-0.440040735588828,-0.415272327263882,-0.50875881386905,-0.549393012143754,-0.690017296405922,-0.731618185240734,1.07667886520554,0.942940956843208,-0.265999090861181,-0.215097026463142,1.88,0
126966.0,-0.0431322540560948,0.235831492983495,-0.721057738458965,-0.071988497482486,0.59227729764846,-1.03051015472621,2.05189526647839,-0.654702208588425,-0.341600283873775,-0.891155799226471,-0.508921790350981,-0.0348316429107153,0.581098449542461,-1.25079752169114,-0.162325287854649,-0.0747668631086839,0.572170656216174,-0.0936106832769796,0.25679886388545,0.527843022770042,-0.0348957087401088,-0.185954857423474,0.483625849286708,-0.189160968631492,-0.637221096038843,0.394052248863757,-0.170467131393876,-0.0867356506860377,219.0,0
166238.0,0.0324324543352703,0.845049887711819,0.161689643179373,-0.798504315204253,0.695579342173505,-0.56511649398538,0.933764515599799,-0.0627159584904338,-0.349653334602418,-0.255273958239804,0.504579086049177,0.951402617133848,0.471139368956274,0.190258281346303,-1.12779570592091,0.194477602325314,-0.828441984571064,-0.184734453641714,0.349511782992854,0.013429508220609,-0.229609184889063,-0.49137382646569,0.001259200126344,-0.400305517337517,-0.451544137605067,0.143433739735541,0.246292546642658,0.0841993718879143,2.58,0
147266.0,0.316050279038647,-0.528414955072736,0.0287700798555496,-2.28021290709241,-0.486519104154554,-1.09849451227521,-0.27378723959337,-0.222303689117052,-2.34802707711118,1.52608249039995,0.615564021976907,-0.936777122304345,-0.43061267977873,0.124656757765673,-0.652196581927315,-0.603497939867023,0.271267171225828,0.786214506323069,0.203134397497985,-0.460073418693152,0.235195563330317,1.05403565351847,-0.129064698909347,0.0795836158704566,-0.632726944704319,-0.0180233727716364,0.0135189063962794,0.0782979936311296,0.01,0
143962.0,0.227510293256109,-2.79389267362054,-2.65832473870593,2.16199464687328,-0.573159462174289,-0.901785843625565,1.86331820875158,-0.65504931266412,0.181301412158947,-0.153011377202496,-1.12223364418368,0.0310472814821093,-0.665575643046153,0.854061859445311,-0.383726598626539,-0.525422058691075,-0.128231941770359,-0.303598660829094,-0.441077818709328,1.57683441969995,0.60430157774029,-0.194239583369951,-0.829793502648173,0.0588674859720812,0.111657207077405,-0.591618075039771,-0.198718606470586,0.100335401771324,945.9,0
44016.0,-0.813492540312694,0.107852559459562,1.81753743669633,1.48526599625096,0.494443678782481,0.108110199875097,-0.0340151474046606,0.310180658585368,-0.420733552696271,-0.127183774740403,1.13566272644218,0.999581057102246,-0.202901034806815,0.103710024782728,-0.60715564725384,-1.06439986953931,0.477622554547481,-0.0878295069264108,0.933795205391526,0.200688223434174,0.215519545207002,0.673159539031729,0.0003821231209973,0.248606877417112,-0.221900350717189,-0.20981018254575,0.175008883169435,0.156657478404183,29.74,0
142848.0,1.83811704720442,-1.33608612602261,-2.14080257808048,-1.03091974534756,-0.0161487070481453,-0.319927491424743,0.0110366491394246,-0.250342426387043,-0.907721633969173,0.913618723725321,0.602482051590226,0.0172228231084734,0.29349161306858,0.26940666714696,-0.668474560708138,0.948878140354402,-0.0875252381664017,-0.986908206630525,1.01961319195381,0.430128996031849,0.421184015395865,0.732964603379037,-0.195735856276548,0.197475446043486,0.210246548168593,-0.0605050260112673,-0.0957505430288133,-0.043449834518701,218.6,0
153306.0,2.38883606385471,-0.989990430039284,-2.32801120005962,-1.9138196429058,0.0093057817859815,-0.70236497036634,-0.302614530289638,-0.372109683862897,-2.31089113066156,1.89090040005192,0.555379152797645,-0.282253754340014,0.610797791681515,0.327112565847693,-0.832755695331217,-0.790454597271674,0.214271805516705,0.188267870086014,0.29339596867696,-0.407747025978393,0.0065397865573438,0.468496185751583,-0.0100535967611808,0.248000504043756,0.385079953252624,0.0609368009092986,-0.0561871453857533,-0.0850291865240425,7.0,0
164060.0,2.03035182940125,-0.0654756970723417,-1.45874179189171,0.155270258978001,0.280202137779949,-0.716435224885846,0.180468361032881,-0.239426937578236,0.285817703876545,0.156749514310812,0.783054421248336,1.14161298107862,0.549652906997458,0.568698633333061,0.0629669899977332,0.0154062728935707,-0.870623269766106,0.412287605537816,0.129515725944018,-0.174564006195132,0.288564926956282,0.973952121569403,-0.0704293260327834,-0.414477000868433,0.289404598242518,-0.10103545012137,-0.0194727932764927,-0.0705141243079419,12.1,0
169773.0,1.98098926703161,-0.602947670204498,-0.60613683954355,0.391313344030043,-0.599785898119226,-0.208599949787721,-0.675628990758759,0.046431215820432,1.71797209552142,-0.133858505895965,-1.88982651062076,-0.445554873900186,-1.00741738048479,0.0059072770124562,0.669688183052702,0.342582153155912,-0.698624560859612,0.658027769953238,0.021206789124805,-0.228850336228227,0.200031999365883,0.734944926334323,-0.016662250860754,-0.714007283309489,0.0018130213423737,-0.108014124318641,0.0279286023200569,-0.0434715590289024,34.1,0
128090.0,-1.70215240894346,1.52045853620738,-0.331685563838158,-0.632821221346073,0.189445100275619,-0.583296360590619,0.644772835528356,0.460953687064942,-0.72874674134882,-0.773757058876614,-1.1230235429019,0.538841863433708,0.845472565775636,0.62169111654613,-0.0818009236737343,0.232531320274609,-0.282943178073937,-0.571957254568689,0.0248108914994154,-0.44821345915927,-0.106195181071913,-0.640290505426052,0.0784334146731562,0.67167221499375,-0.129942348101222,-0.0749132741804205,-0.681215557182298,0.0112638804971138,50.4,0
43821.0,-0.158312327272958,0.38300949928942,2.80067839793426,0.70586219248162,-0.842051654218656,-0.0010797730112219,-0.240885478366173,0.0674907732019963,0.251562600595577,-0.0745342291162685,0.246554842638558,-0.196743573493859,-0.207438626132642,-0.351851128164316,2.20290618701216,-0.128525789651914,0.0675009349274706,0.0921265065509237,-0.0826501752774806,0.106367321282056,0.309221515917517,1.14290725739829,-0.0906027466961531,0.648965894772354,-0.533227795482352,0.549535840932543,-0.071546751800092,-0.171872895561457,3.92,0
153653.0,-5.19249642644832,3.16472117285823,-5.04767906023322,2.24659736005894,-4.01178140454907,-0.638908044905701,-2.87346326933044,1.57631757306221,-2.86198599107206,-2.12045759469323,1.86359573670074,-3.62025176254298,-1.48071442178696,-1.58334340543936,-1.23046922211011,-1.20229796977375,-6.16763653803023,-2.65153904856573,0.0135877061935761,-1.85046996353398,1.16724379365826,-1.00661749345659,0.774561804390922,0.063396916565373,-0.390657771499997,1.8847406746985,-1.74255751463748,-0.08221593472572,247.86,1
58983.0,1.19027621165158,-0.98774050751679,1.53876814886642,0.260535452495916,-1.8912966477026,0.0869767989168093,-1.28313805231828,0.158167345305221,0.330298972009482,0.414791018643661,-1.232225560334,0.368257475539599,0.427888792494375,-0.971520641658866,-0.679630671751141,-1.57282735887097,0.321819375966197,1.09864170885786,-0.629530725825486,-0.420691800052904,-0.376944097580654,-0.355945136006932,0.0167258535410505,0.42044283687675,0.180765123820359,0.577900638909891,0.0482860042076155,0.0383492828205501,48.67,0
137207.0,0.60995954512294,-0.292380209806514,0.417882732003976,1.43765450836789,1.01492015449097,5.6674550571885,-1.92164785296117,0.620964181923946,0.973248140997571,0.158534613761555,-0.594497722370098,0.368531643845802,0.0318514245733122,-0.431396710486318,1.16553511834306,-0.872285292804826,0.501870186410561,0.620022913392234,1.86346869280273,0.188331885899992,0.995313718912107,0.691923670848872,0.0493059706332911,0.739170689140789,0.111600468991838,-0.0317630205897309,0.41906139031831,0.324206728715331,59.0,0
69383.0,-1.25954972136773,1.21678318969479,-1.04006363432567,-0.312195510265231,2.00517162435868,3.547340179597,0.143628886038137,1.17275832197347,-0.50849352872934,0.308685951800628,-0.378866524270724,-0.156122212884415,0.0490189884875001,0.608233330557951,1.23013218911232,0.118095346987188,-0.564790689689217,0.556494155109853,0.757740516332243,0.124952773183012,0.0487174006055981,0.167329574958598,-0.0017684511620355,1.00531619589902,0.0567877232591663,-0.311502477339095,0.188250006304563,0.226400503883335,78.3,0
158922.0,1.95091132799156,-0.117260930193632,-2.42211401899477,0.130679694652968,1.07843921124219,-0.439875941621359,0.802183392117554,-0.380292619903498,-0.07422554118231,0.0805268961905011,0.500783017906612,1.53051560341337,1.23110163836619,0.547432929317939,-0.958575748611147,-0.537297449513522,-0.683380150997214,0.0147843585553555,0.66472469252504,0.0505564556694315,0.203727890792661,0.626996536149082,-0.224607499587063,0.18229092882265,0.648955844772646,-0.0963442518699757,-0.0695678166446772,-0.0660987750682104,89.6,0
60416.0,-3.17810983371874,-1.40879078001667,1.21119762362216,0.719541322054712,1.3660405212746,-1.16679569232903,0.363007284099061,0.0045968727694611,0.181749877428957,-0.547341039533318,-1.11732787943692,0.699769596818169,1.00810951777939,-0.508418227451793,-0.765041948897871,0.196976722228219,-0.622632682723697,-0.454532823532797,-0.212575815220689,-1.20901818994527,-0.558821206069534,-0.0961459330886416,1.81843730440294,0.0101456148964741,0.57818291948452,-0.658734792000799,0.168896034204507,-0.526815947603607,29.99,0
36250.0,0.920202361070862,-0.164416845514618,0.364340182673361,1.38457464721582,-0.521824099864234,-0.577707686227353,0.163998713606638,-0.0607335600376219,0.0939309290708848,-0.0094594123049049,-0.0702952371671307,-0.153499471849359,-0.994793726151281,0.599784408415192,1.28783576529524,-0.175906426750849,-0.015416276063241,-0.479399649022278,-0.990759964771578,0.0128867867365187,0.18558181117067,0.280866217421994,-0.140478090243757,0.383664724066327,0.477019510664299,-0.281313388959718,0.0046912560958333,0.0420249926281542,131.99,0
118830.0,1.95474692367101,-0.354010418949532,-0.400202901003678,0.197057497477046,-0.460113907264418,-0.101593788699948,-0.641431590397967,0.162557197146519,0.989471605280897,0.0498785555317122,0.916730452357387,0.883482055173975,-0.373201814382855,0.311562909065719,0.375535817951685,0.577194874271355,-0.898935615518833,0.497005856171123,0.0941106837508836,-0.210019218889856,-0.0851284107375184,-0.229595242384087,0.401078232203195,0.704963207588709,-0.475726735818764,-0.661150335012608,0.022078730858339,-0.0336009454051885,6.51,0
68058.0,0.852235678618974,-0.457842521424183,0.865579548738078,1.40671659904313,-0.767072665448953,0.0834512883433119,-0.215738671324467,-0.0100794251967927,0.532516946218116,-0.204459401494173,-0.934066465199729,0.769718499084242,1.25166911281974,-0.42871827252385,0.513248013509441,0.419005331423248,-0.647244862123003,0.10569214765944,-0.278750293884672,0.315685438257092,0.0635825036992125,-0.0271132285705365,-0.226715556753381,-0.0860746580498883,0.417031779714232,-0.389422259157117,0.0387743860286003,0.0669542895769702,186.3,0
47380.0,1.24447335893086,-0.868940826219834,0.344591006440393,-0.520182065405444,-1.09348126167247,-0.261500262027965,-0.73575679028203,0.177025733926075,-0.461397676732119,0.684518653021879,1.11626605177594,-0.693700156362429,-2.33023660858803,0.272078422469045,-0.78581183334959,0.421014312431597,0.948835617591618,-1.49856153281966,0.795957522867239,-0.0664744417466053,0.138012216048686,0.329592714825913,-0.0617562889821304,0.208641410844652,0.471129823626432,-0.141731850302478,-0.0011145487429427,-0.0026389891593561,39.71,0
46149.0,-1.34650881762975,2.13243062687771,-1.85435531823997,2.11699770636107,-1.07037837875552,-1.09267135682306,-2.23098606430574,1.03642490791919,-1.89551573571367,-3.36401057980002,2.88704787664695,-3.78445965821089,-1.28890425847532,-3.98562600822203,0.531838297985603,-2.60370264991872,-5.15759639749234,-0.696010004579956,1.28596139472532,0.221918669151309,0.609508181503446,0.202874284952422,-0.0607913872259794,-0.186733353366053,-0.0174012274970924,-0.283751034119116,0.395451049081013,0.233138575967241,1.0,1
45794.0,-0.768708114577748,0.670635925092601,1.19565125912804,0.163948478646892,0.0871378531320436,-1.16260314627149,0.516553005472467,-0.0168237496496345,-0.0623951269633976,-0.338581691820175,-0.468321792080594,-0.914009073435655,-1.43867579928161,-0.157793177288651,1.09878437879626,0.45931579946562,0.0827905063923933,0.0593214864696775,-0.0491189776549699,-0.0415335209483647,-0.285687234100264,-0.793920071840471,0.302496044214027,0.284983289852582,-0.15133739748253,0.0765951387730428,0.138977567709679,0.0686419605951947,8.02,0
97442.0,1.92337483320108,-0.645473518396338,-0.140805027568464,0.251646190509483,-0.569143108093502,0.567879491996912,-1.1752023431973,0.266623995942217,2.57779108368094,-0.211218945765843,1.1091202580385,-2.20386121451622,0.900059145630431,1.45855091261458,-0.478503936271785,1.06110692044446,-0.31409521953745,1.12736382402108,-0.0150239328926543,-0.163665445473716,-0.0991053166674488,-0.0677374296008754,0.274720315082031,0.133908420150842,-0.605477416984973,0.422360855064318,-0.0602892136844977,-0.0495881704345108,39.0,0
119277.0,1.81336806388386,-1.59395351391978,-0.246803525435643,-0.945789336579987,-0.646955753780542,2.25795282682234,-1.84418370704439,0.768752075991441,0.5420241070597,0.577055703419997,0.534381457695334,0.75745898435153,0.450887636725672,-0.326938982211591,1.09833503494665,-1.35366831004199,-0.144630098442626,1.26853779717638,-1.66159661667044,-0.481879774926171,-0.0066006985060596,0.534120927878111,0.255370343144275,-0.958904149100074,-0.707737010890209,0.141695155151736,0.0994249521391726,-0.0311008917185398,82.5,0
134879.0,2.01705667089416,-0.383632673288502,-1.23622531347524,0.61079511716197,-0.109337339561503,-0.443416328798406,-0.169418800641684,-0.0401888042191095,1.14602559559067,0.0796702247607957,-1.44885807396059,-0.631385581939799,-1.97467472256606,0.388154822727079,-0.305872366739226,-0.366018294977469,0.0272315251080171,-0.323252700786983,0.044731820359366,-0.315224138623562,0.0494725818121314,0.295541429410614,0.103708829292002,0.687398218615175,0.0709059039978324,0.434320223522545,-0.0640059688811875,-0.0607374342584234,16.92,0
112373.0,2.08339960882297,0.0272539538173025,-1.4428650706074,0.171837353163653,0.275763093321506,-0.893689289179226,0.216269149788045,-0.336307091619259,0.638656485911795,-0.121340989125647,-0.632606317204491,0.688251118816129,0.818340785817964,0.322793785410457,0.818811138661071,-0.294278764480114,-0.601501925406352,0.0263843735649333,-0.180834792825948,-0.177481757291877,0.271743895545534,0.968208439799798,0.0018541510790439,0.777575262103539,0.380911907432382,-0.455401572763357,0.0085275781740027,-0.0454890726509628,1.0,0
119721.0,-2.53676405522301,-2.84349152162381,2.09424352699697,3.09056708537878,3.36840099614159,-0.757548188054474,-1.76910107110901,0.550190985944779,0.286378300443562,0.655067197703941,-2.27528060324321,-0.25345883089597,-0.39614200914069,-0.963527021235016,-2.59630098312678,1.25874468384665,-1.25177323582883,-0.0496179741464488,-2.78020993571903,0.63584751114775,0.364876560038189,0.281157402156404,0.932501560603573,0.520282191741504,-1.27147378807836,-0.587146526428947,-0.0058872176786702,0.14389104802459,72.6,0
83903.0,0.88880701271113,-0.723894798018431,0.478078375395071,-0.038841450930042,-0.949909976754795,-0.33986452844557,-0.297552849858574,0.162441802385428,0.357127942639001,-0.108883224847924,1.5895049029441,0.169190132825888,-1.68056737894744,0.739187983294044,0.992690819842726,0.349513924759636,-0.160073619681911,-0.200616721451028,-0.154569728610988,0.106589050958392,0.0311405460527573,-0.32647201415562,0.0257856296814461,0.235407636668597,-0.125960633136888,0.894110907732699,-0.0974281388070791,0.0205376786820922,153.67,0
120016.0,1.93169491432313,0.473077816013397,-0.717996093985502,3.79513516445918,0.594340934568686,0.441383690419532,0.0577702951139307,0.017173145122947,-0.644858481635665,1.36664838455401,-1.57053404378298,-0.156002192081384,-0.0401754435625331,-0.0337774522526473,-1.4352084934512,0.449413659411134,-0.523527709525973,-0.545020691786805,-1.35491631338366,-0.290961978791707,0.0645643570581327,0.353920072670072,0.113126012047425,0.598715211021879,0.157131119746717,0.0745451838095075,-0.0270780227732078,-0.0462941699361124,1.0,0
91407.0,-3.95120850670532,2.88180518239049,-6.42149029451106,2.43418142416554,-1.32732453838007,-2.12210598673342,-3.2275333300383,-0.68556047558208,0.775985124963588,-4.72309174576035,4.921657447038,-8.75277008726404,1.52019774197935,-8.5520227319441,0.351975957711389,-4.5340297530839,-6.46540863418339,-1.89030997911689,0.174840185624481,-0.669351428982036,1.41047856462921,0.279402820830601,0.570821171370176,0.65627101478476,-0.298600548903483,-0.407571358894306,-1.37870253026193,1.37913029153249,52.69,1
147448.0,2.16330175725883,-0.766804672308826,-0.926405710782182,-0.789437276611369,-0.758304320356068,-1.08283188189682,-0.458923329486598,-0.373136063687078,-0.374478335877871,0.728374058629817,-0.605612741946425,0.1795795149398,1.39708542931293,-0.489382534392586,-0.20581969351117,0.83142751427882,0.1756674432997,-1.63461277273411,0.637261248890614,0.0747774809583999,0.213776555110877,0.705770406131596,0.110524199867489,0.038401944726586,-0.0120608662350178,-0.166730258376284,-0.0117849483140798,-0.05115236874348,30.76,0
136477.0,2.01912000877887,0.212323245442363,-1.8640058499241,0.438014560298126,0.636515768311063,-0.791344572241432,0.355041806210065,-0.300760793468786,0.534807037012181,-0.653993402662188,-0.485733983819266,0.773415930289313,1.14782332053437,-1.14218528168756,0.242832711241195,0.116932744019961,0.447703244954516,-0.119231143854257,0.108821578464643,-0.0492347303471741,-0.320666418030423,-0.79338060233364,0.235014549002425,0.364961340629306,-0.0261217427038225,-0.60688186600526,0.0014542036307611,-0.0113257243703673,29.97,0
145960.0,1.97889495381132,-0.366807280939115,-0.591433808628011,0.120791209287342,-0.15453129717639,0.33285825914227,-0.641874860398667,0.211676784420678,1.04707203176917,-0.0060299452920107,0.501650413322565,1.0117258986541,0.0429248570436298,0.136020319781312,0.0823235896297187,0.493058312886906,-0.923347928402501,0.403273176760447,0.327223098754043,-0.186085893171664,-0.160453482867192,-0.373389666470389,0.34905411068379,0.172738318527786,-0.395179332420956,-0.641991384480863,0.028969156124514,-0.0394813661403327,5.0,0
119576.0,-0.164135998871209,-0.123955045299557,0.651508061420755,-0.615477345157338,0.62498676441029,1.42940983573499,-0.32172890365865,0.623857014195159,0.884429402186571,-0.615521351885592,-0.562765770361888,-0.182752704550275,-1.06429177328719,-0.0646214801200214,1.04682345274284,-0.875382317710606,0.593105649199079,-1.64208435524479,-2.00239224133035,-0.40001381751666,0.407875619849118,1.40138632630829,0.112392569517852,-1.42730533961976,-1.11923653751784,0.60773516505623,0.0070194573075834,0.0564559055160441,18.99,0
129389.0,1.82405719306687,-0.21358581001857,-1.5698287040917,1.34349530027986,0.260993348548376,-0.799138828725043,0.54082668168587,-0.30552064700999,0.388520962436432,0.215850200249575,-1.32625711801512,-0.141863937069294,-0.745838386726631,0.621351895349155,0.0199918824329092,-0.230241196833028,-0.405670551025166,-0.414354276934254,-0.164998573890799,-0.0932241945399675,-0.077183486616482,-0.350830484339684,0.0320894284791934,-0.469180817184259,0.127393946101942,-0.715895860986424,-0.0257102855082197,-0.0369458363232601,119.29,0
160068.0,0.865081634178573,-2.70107602205656,-0.953108989510398,0.386521783767366,-2.01322406660793,-1.1794717209675,0.243806667698235,-0.482395996742536,-0.393066592219746,0.538629811696186,-0.142843238208694,0.716938201773081,0.987596538226374,-0.0516161058349126,0.107217974821081,-1.56052420070914,0.15465549871757,0.709211227026602,-1.38396231366127,0.686772747226378,0.0670679382640538,-0.572623208435886,-0.137289659803663,0.977991920294511,-0.725944942099539,0.41347334471055,-0.14270219922219,0.0691059747747739,635.8,0
167.0,1.32177832458389,0.658048334909082,-0.793312359445155,0.429647454409031,0.417966106211182,-0.927679462659904,0.180923439759177,-0.236763419350955,0.0201429657349104,-1.12174278594274,-0.149294237370762,0.0825837520258835,1.19395105781767,-2.38081950169804,1.24125762669779,1.16357167497705,1.09711121461693,0.788934571180824,-0.10934006822543,0.0698727793744155,-0.248708574015414,-0.599279667151977,-0.138226450009265,-0.58757703356812,0.499087023203694,0.589338792193903,-0.0139691848034838,0.0555063725794108,1.0,0
63267.0,-0.351722929289312,1.14059752452552,0.117885438836319,1.06516634743305,0.0285129348012337,-1.44016776367586,0.746559745105002,-0.0571590642241115,-0.334200442536888,0.343252963095731,-0.464819865805848,-0.404866131651234,-1.06541216589525,0.785635962341161,0.764610543432805,-0.570242441503912,0.0840898502389423,-0.0935158565366324,0.284559635708331,-0.110832430339096,0.138863280369777,0.615958759838425,0.244741634454524,0.695105389545852,-0.764373788438231,-0.464322084799374,0.0326035023123874,-0.0748128975592487,3.5,0
135691.0,-0.194022910637262,-0.157354605477765,-1.82383794025378,-1.00179000654117,2.88900963326805,-0.0918262356802435,1.6294282622523,-0.482394792054396,-0.20229046572663,0.578154560922093,0.774471909445473,0.258174861790991,-0.699977989213529,0.621758403869811,-0.721284401463073,-1.43582286180014,-0.158530231721406,-1.24243119782729,-0.777386196536179,-0.0646580340332431,0.45782108268112,1.95130893362358,-0.0730309634752782,-1.51928937416503,-1.43092109864665,0.716434548674393,0.074460941137231,-0.0298890767081033,61.0,0
44713.0,-1.08853217574235,-0.409204454929936,1.7185138029214,-1.71164535844184,0.283459080916419,-0.881341821620713,0.0452008392251285,0.0538463908588583,-1.78608884258552,0.0951612774807529,0.712982566401925,0.149857828775236,0.115389786105187,0.201537773797414,-0.35106868142592,-0.827587369696878,-0.586848664896853,1.4275983107817,-0.712299424847578,-0.215949221804541,-0.441821951905508,-1.1953380970476,0.0167782650055767,-0.0267723613638919,0.118957692845282,0.739944309921955,-0.0804246507272416,0.052671960494703,34.94,0
75473.0,-1.72315881562759,2.18110055117648,0.255516498070087,-0.0204070100537494,-0.6581785585023,-1.11534891024868,0.0414629385875096,0.753391017425801,-0.304006242364104,-0.0646995868481641,-0.276640492134051,0.78422808441202,1.21272697193601,-0.200257375435067,0.759168130201632,0.525163318050557,0.261105641095224,-0.229482883048485,-0.196362158484278,0.33189270047297,-0.262376313520101,-0.704303404357015,0.0869318491293235,0.344703033146633,0.0688433040862688,0.0869540377335734,0.329767677559807,0.143149831811346,9.56,0
79090.0,0.0770218253176639,1.04447697501554,1.09948318262977,0.950744496014223,0.115922297143226,-0.79441784233428,0.733691916739594,-0.200307528158783,-0.620811931815768,-0.154889145707741,-0.38918296197155,0.246729960271381,0.651380104498481,0.185307881808895,0.950447920080068,-0.301170115301982,-0.243347686619783,0.0020833970081323,0.344706299031603,-0.0070253233442561,0.133977949762723,0.483023215419823,-0.138275234881715,0.414766423391359,-0.140942507047413,-0.332279311104531,0.0886699547570077,0.0444611912416496,0.89,0
27784.0,0.288028928428076,0.965681439446855,-1.45949519977085,1.92186300234526,-1.91241402974899,-1.13028190025527,-2.81426265960526,0.648663224885543,-0.695262639845074,-3.46568908576121,2.35161910622909,-3.82670531942496,-0.767569849115369,-4.8528669146236,1.66486300420352,-2.61736133003734,-4.83555830647772,-1.92175160139324,-0.385884175181753,0.330916894188196,0.603127128021142,0.380690182113136,-0.0641251755885565,0.271380100640141,0.33721953478356,0.626155869423677,0.565124825956713,0.305925255390835,23.36,1
12095.0,-4.72771265581559,3.04446910225824,-5.59835426695611,5.92819080241929,-2.19076972938784,-1.52932296564747,-4.48742195988547,0.916391814103266,-1.3070104231933,-4.13889121357616,5.14940878300581,-11.1240186070579,0.543067765541171,-7.84094220494304,0.743633944785042,-6.77706923974191,-9.93176515376766,-4.09302112201074,1.50492485905709,-0.207759445103882,0.650988236282379,0.254983288954681,0.628843468802127,-0.23812845429317,-0.671332331960485,-0.0335900627800998,-1.33177732223058,0.705697590023144,30.39,1
86087.0,-0.44502165860711,0.441118522785686,2.02347477555241,0.677606102145673,-1.27050401895539,0.647553880032162,-0.82761337322982,0.777296096746011,0.499065844208247,-0.771937561885427,-0.755950339068952,0.873973740572203,1.07575945961193,-0.626368016274614,0.434360565349892,-0.225760352162758,0.401610114725471,-0.12880377895596,0.163159704139066,-0.0023840996761714,0.340616136167965,1.16394886130884,0.0634696341271162,0.183996188357547,-0.562118070473032,0.667797383398922,-0.0093891573443165,-0.0084484256606306,38.89,0
66145.0,-1.78306866020962,0.307307616671796,1.57915539024478,1.3573025988032,-0.109013334699752,-0.126471466658558,0.253925615213935,0.552381835896412,-0.963096900038351,-0.478011599146289,-0.131372678100586,0.678607847084538,1.25978188909045,0.346595629773136,1.68217195441968,-0.278679830899685,0.241772904034857,-0.375466680191991,0.322823837482183,0.701161954987951,0.0545468455678076,-0.322184571032291,0.244702607517335,0.0613255492412051,0.178456360990382,-0.393574106120732,0.209449741333216,-0.0227748428622605,148.0,0
51279.0,-0.484528290451436,0.516927316966786,2.08754264949544,0.953747273501794,0.21215794730016,0.356239383040599,-0.052284322500087,0.150212622587267,0.0556714346882623,-0.487262708841344,-1.4054391366192,0.698421021581188,1.72133349540546,-0.747088976472242,0.201305975657147,-0.132767160773303,-0.382385462269684,0.29436806315177,0.918342400774046,0.208096805069851,0.0370514380303289,0.316271545260556,-0.175622940580234,-0.412342467887815,-0.192675660125304,-0.33895121001465,0.210440871070009,0.16301739635446,9.99,0
131947.0,-0.303190565742039,1.30301922567044,0.0809183893926162,0.897788153567926,1.0314338480317,-0.858928105589037,1.57821694348164,-0.486211555262736,-0.279606981119281,0.534259656797903,-1.01217203949641,-0.309251118908637,-0.532949476196733,0.258347873506017,-0.242192106965529,-1.30517767181836,0.0947870658039361,-0.380519582355932,0.73624013354736,0.215949592569831,0.0210642966292518,0.655971150841325,-0.27383262227125,-0.0060997601694498,0.0549367338410775,-0.395448510505841,0.391699161018022,0.0755861146766619,6.68,0
122614.0,-1.80588999534588,-0.77632803615581,-2.89934020039922,-3.84011432789796,2.29472031667006,2.46379973579183,-0.415922086199461,1.26932453780195,-0.555578087154778,-0.82743381006177,-0.581986394787963,0.408719743975463,-0.0364706899852828,0.955343454698098,0.123382019599713,-2.65233092900712,0.523429838987609,0.802840063856151,0.1211606715329,-1.2717936949358,-0.330815193216878,-0.16946495130709,0.254788695661475,0.748849956703022,0.463525193020532,-0.0782612009111217,-0.298625115536528,-0.281477388038157,57.07,0
52878.0,-0.988400165620219,-1.06855334032144,1.60779026107209,-2.3590938848241,-0.35995061073764,-1.20177814619586,0.449281124909877,-0.314497203005675,-2.86927751204776,1.01891896726865,1.21990565679875,-0.936731427685692,-0.706721806267035,0.0115495874664148,-0.848766517043489,-0.404279038521824,0.207704353119169,0.0993417778417315,-0.260799912145136,0.0964796962683786,-0.336523302159828,-1.00709486762746,0.232062354654469,0.422775150903881,0.315976660388604,-0.592342001007875,-0.215445762288075,-0.157337389471759,129.94,0
58397.0,1.09540027419049,-0.954271665893699,0.526155991206011,-0.586482893303896,-1.31363632581788,-0.250193630684963,-1.00827669924002,0.111037955333895,-0.604315176096825,0.311568135370157,1.36399994023388,-0.218812461559158,0.218212884449814,-1.24184982999447,0.576095055371349,2.17351681532247,0.406140286967816,0.144460592026659,0.48954040024191,0.393600274623002,0.338523549655097,0.607859287675111,-0.201315416798863,-0.0411915990891328,0.260821518272536,-0.172993180481077,0.0280800415274098,0.0594444055550568,136.97,0
58768.0,-1.44692642188963,0.886800343553811,1.5427428421654,-0.218123165781858,0.0583664543273936,-0.795702049544085,0.896821268500891,-0.347650070761853,0.494984284804468,1.38161182710367,1.55141453727862,-0.0987963724525708,-1.32782154799638,-0.103223241468175,0.425718353297849,0.199749566057771,-0.765923214029555,0.105588382435378,0.214146857667888,0.244460411987567,-0.461616066264683,-0.5045870784211,0.256281607774962,0.47786500578119,-0.111801605653767,0.0142224798558794,0.253129692712286,-0.223623331779895,16.99,0
155873.0,-3.45570419447883,3.56001788281514,-2.55950417318658,-2.26173813546709,0.939004146292497,-1.09757188467534,1.67506462578922,-0.308717133771673,2.81747680419939,4.86421146227589,0.132301782197214,-0.569785717369839,-1.67012208557777,-0.342980691437813,-0.346843517438777,-0.620020255803227,-1.27814951520904,0.322462531137357,0.138497208328271,1.84374239503466,-0.435672903963519,0.580153005707964,-0.286877764123991,-1.08278898923821,0.361255411256378,0.009813290310434,0.335327997311178,-0.663109708710216,0.77,0
20583.0,1.10766705485439,0.0910194699724569,1.05536016557901,1.35696926689125,-0.629724199219521,0.0446311766009625,-0.651610374009167,0.238418069259239,1.58219956911535,-0.150843229024415,2.26063269290325,-2.57805432957101,-0.414648706461224,2.19428674378559,0.231344518839574,0.354607554668324,0.340581603158959,0.696402231467395,-0.959300447164373,-0.333971358962024,0.0410717891693702,0.319433203104514,0.0075019378681601,0.107576242278617,0.292078813020965,-0.322147055968431,0.0166006085339178,0.0091585456013431,3.0,0
58564.0,-0.971433626724609,0.246019217607601,-0.764204103718056,-3.06446362056571,1.79534162662837,3.14423495518361,0.374588505859067,1.21978180356127,0.517752471574117,-2.06723466978171,-0.572299113576129,0.466001388611531,-0.248141873690404,0.506644199719817,0.210670007050513,-0.146562661425814,-0.643023874395012,0.282652676763946,0.363024147129895,0.0828857160106927,-0.0296808832301766,-0.451522778724117,0.121422768337004,0.97034482482136,0.330325213180543,-1.02796598023714,-0.0212404398042571,0.0710939229910973,128.96,0
80488.0,-0.418409105119749,1.0753241698667,1.57111801628613,-0.0354433482522074,-0.0273147262383588,-0.880894921401289,0.747880230018713,-0.0967547317912395,-0.475640094676898,-0.329473504778145,-0.313410478387172,0.228556321988085,0.55913265594818,0.037456164835001,0.790823212566334,0.175452472071053,-0.424998724098687,-0.41451308132176,0.0113181898073102,0.137138071097477,-0.22047604000271,-0.552686599042113,-0.0222812334668716,0.374840109142683,-0.174487232649313,0.0696591279008441,0.267749341638663,0.122323420151492,5.38,0
32107.0,-0.751218857670953,0.451492660770079,0.307772712833431,1.18218523459011,-1.07699988358953,-0.380576557970001,1.36962202760937,0.158607034188373,-0.83409732451015,-0.629045909974538,-0.619481261661147,0.0772586856793728,0.28988510676033,0.625909410937428,0.983497863789186,-0.0943173622561672,-0.0713293258304737,0.217215039604127,0.269716508208338,0.503894512353045,0.345956808060286,0.412510549999665,0.623689056685007,0.364873467491556,-0.0102693521523953,-0.337643488318709,-0.143656052537629,0.0031680271945445,299.0,0
121629.0,2.33240638199919,-1.50569014245939,-1.29125703490803,-1.6591200460075,-1.07471077765109,-0.392215441622589,-1.22580013313722,-0.0262562880828434,-0.851465627098988,1.63795553980724,-1.79286566406153,-2.23998814119974,-1.92588286997034,0.0569568876042456,0.166933619676676,-0.415537284405079,0.528650634845433,0.238139843472835,-0.0022344517204263,-0.563428665896102,-0.226937184815731,-0.270020554064183,0.24409197076026,0.183496371297045,-0.184370371044945,-0.155121232169093,-0.0092824622851684,-0.054716409568828,15.0,0
34102.0,0.983430334614414,-0.12352387918098,0.193736021478839,1.26828687853528,-0.0175755469208948,0.36127932904534,0.0644089389912892,0.13528309509197,0.0543645897810668,0.0077362808638196,0.857758169791726,1.0764309152202,-0.212682124356275,0.275376180600381,-0.752266251347422,-0.416633972003578,-0.100136539369539,-0.350009506413212,0.0193931608615939,-0.0026962653221755,-0.0218507287194159,-0.0542278720357243,-0.187865895730977,-0.285041706635777,0.6439086307533,-0.318584258255191,0.0193783827871878,0.0169404249335688,92.0,0
140178.0,2.13029447836855,-0.111782554317422,-2.06059359140631,0.397976105997451,0.578805633809379,-0.803651894272903,0.433925026717769,-0.324693745569469,0.619036502701566,0.167981954284131,-2.0528127999162,-0.675420573778079,-1.23023849305305,0.619939336420104,-0.244194548479668,-0.215574408602101,-0.397204105091122,-0.306709536222716,0.537577154850518,-0.272766037577395,-0.103998927680307,-0.164377443254399,-0.054426906872352,-0.98671927944702,0.308901008651332,0.445031426600919,-0.0948598237854588,-0.0851837717827764,16.76,0
73270.0,1.30802290827838,-0.977350597525078,0.878426938000809,-0.738886661569406,-1.41882631236549,0.0933394625712991,-1.25235656893502,0.108269127916828,-0.103621870384819,0.611915668646044,-1.54073161164025,-0.662592433795258,0.419296042162528,-0.392743100217125,1.6179672377784,-0.303774870702029,-0.703966515567458,1.99843161658361,-0.810402946391354,-0.333199140650528,-0.204333646075173,-0.19293701784329,-0.0859171175828702,-0.577479560659121,0.0652580978869833,1.17230414452204,-0.0143210683208553,0.0250489062360096,56.75,0
148457.0,-1.84941218359593,0.940435414730571,1.47984696647048,-0.573857731258604,0.251732927702482,1.3051559632711,-0.100820681127182,-0.162025211477497,0.359101004197502,-0.700226714549838,-0.227076524702207,0.551771473635129,0.239508894892252,-0.0499380855537666,1.49912351753035,-0.943692479918149,0.610690205657923,-1.44394826253415,-0.729631861182691,-0.266427761710239,0.617032466855084,-0.355944414443268,-0.0216347823708688,-1.07022949555183,0.154691862696389,-0.34400503204841,-0.120146080734016,-0.131169771988082,41.1,0
140234.0,-1.56752915118928,0.128719833840803,-0.127359397606652,1.33330628417878,-0.347037787063344,0.467089500810691,0.269584544349696,0.32555167464141,0.568725134350863,0.214128865135215,-0.264968871271323,0.583093635028533,-1.08610787899177,0.225231548518694,-1.55696461751973,-0.39306091588152,0.0390505871343626,0.0164101452822497,1.54876677821605,-0.919047323723003,-0.396843206569334,-0.680193117543362,0.209753277864472,-0.440665167277566,-1.69141000952795,-1.18586846253101,-0.140162501317613,0.109114453072964,141.42,0
80077.0,1.18944033896221,-0.170430011454943,1.38314364171719,0.680080699655966,-1.26956574035385,-0.438493222163397,-0.824713161600299,0.0959624439256499,0.804857611106364,-0.0879573713889776,-0.488852614854291,-0.0615434287971482,-0.147476922492036,-0.134287518735947,1.64372022590093,0.865080325652564,-0.670089195150971,0.474791531922702,-0.6167731784889,-0.0956036839342181,0.219634617304308,0.66665251392408,-0.0305203656436627,0.421297611083416,0.194866649204047,0.472624989871588,0.0186087887823603,0.031853083501374,8.57,0
110584.0,2.09754057186628,-0.117958225884467,-1.38322669381966,0.263751676057965,0.390993476520097,-0.256736442729986,-0.128535874863711,-0.120159391569967,1.85160898669691,-0.0859516840774329,0.701301995466471,-2.47649715799991,0.41656982178686,2.11884071067249,-1.16618354277745,0.442381523484411,-0.119779806553661,0.422420274213397,0.649073833102782,-0.310769503639512,-0.475118785410156,-1.08583909958491,0.222681767821006,-1.19723306954525,-0.254502400418915,0.211546277145526,-0.111798238292847,-0.0904759904800917,1.79,0
125155.0,2.31306612337006,-1.38747627620201,-0.931554073758215,-1.45821639276636,-1.46820890940811,-1.10569964134624,-1.08268005829817,-0.230676171190957,-1.01831990034511,1.62582383297462,-1.29257051090471,-1.54434160991269,-0.996603539447272,-0.113425058298414,-0.0664955270408636,-0.550206212908247,0.584478375422786,0.0337384548394372,-0.0990903733930143,-0.545856911401754,-0.191891402201275,-0.0766258531433231,0.243383502380385,-0.079580482138055,-0.205510419142111,-0.153841790055681,0.0006518724757374,-0.0558112839560769,10.0,0
78210.0,-1.89079299084546,0.411318839695079,0.96139470930439,0.77280324102183,-2.05725117824722,0.250751415367504,-1.30363989329867,1.57787040782222,0.565325394458571,-1.03861763713915,-0.0729556451083581,1.28129034888895,-0.734221241507156,0.185610236752851,-2.16713844445504,0.0664560240729486,0.608912617336759,0.474505015072904,0.580597746502844,-0.647580021369253,0.275004296248482,0.852707752787271,0.206377087344842,0.61290032006624,-0.243838856765778,0.44425265996656,-0.384159856086718,-0.407280743926113,51.89,0
75880.0,-0.167687909242193,-2.60594800159869,0.467385843309182,0.677721733178597,-1.76729662346252,0.507272835593178,0.0069030767468285,0.189672862946726,0.947049905407765,-0.616823145670225,1.20968610090397,1.10577128134658,-0.686270642045155,-0.0412487227735911,-0.613895930695329,-0.159226867065998,0.303091141828646,-0.446338932295181,0.112603635486118,1.20084405010806,0.252474574433274,-0.548563377274958,-0.453260655153681,0.314742468737602,-0.258663182756684,0.873938173122838,-0.14987216623403,0.116588105551712,670.07,0
37694.0,-0.704673760413405,0.894510100737672,1.55440306250923,-1.47694797786958,0.16579585103186,-0.76513076822578,0.832102138955262,-0.24580458834008,0.306456293394133,-0.218723363509224,-0.762370613021003,-0.11899371362712,0.377989991978401,-0.42369285969979,0.554117541216671,0.626478090919182,-0.986385823622712,-0.268194639356051,-0.52703361606283,0.267026952276924,-0.193751076943287,-0.24832205768221,-0.167158196600545,-0.0756679379711672,-0.240538232806302,0.725072768544851,0.201864734755033,0.0103437933393631,5.3,0
79552.0,1.16579038331414,0.0751953711263898,-0.0814989237019465,1.01689240858567,0.476537967123828,0.824873331684452,-0.0213257964716609,0.191611535731195,0.0821174166443022,0.0313934377694382,0.147765177135333,0.927688567641939,0.169398205322103,0.161553654414543,-0.725901934007953,-0.191683601651866,-0.421388316929904,-0.119303009302143,0.354578228561233,-0.0894017808722871,-0.112823375047434,-0.155087602254419,-0.238495209535756,-1.12262339411488,0.787702013590053,-0.260541198786861,0.0319222379649472,-0.0021362880032983,28.31,0
68031.0,1.3263380597734,-0.490010079481951,0.182968768723872,-0.643049332083844,-0.663669332022311,-0.415313394932814,-0.418614661000041,-0.049951648366662,-1.10276760365469,0.693885458130356,1.68710907800367,0.590169496279365,0.312204990354639,-0.0519536199541624,-0.745742185309479,0.347059659334789,0.698293645997274,-1.73985407833321,0.665713408380363,0.045222509749953,0.247928755565634,0.792424453285045,-0.127141722597477,0.28820413125534,0.673823406610111,-0.0667188578043336,0.0067617745916071,-0.006814249484381,10.0,0
66369.0,1.10274778316542,-0.185053393297764,-0.280225041944724,-0.030514091277842,-0.186279814176351,-0.842371170148428,0.377313999701525,-0.173203360870339,-0.279158236395157,0.0221591108364183,1.12920796136339,0.488947303545841,-0.647573251061747,0.796625010895316,0.19206551557159,0.364590731253153,-0.501919029055894,-0.295596221614867,0.66643139208154,0.100642268371685,-0.301481317876441,-1.19380637069463,0.0188523972177709,0.0194316286011414,0.165614291264251,0.699023122003167,-0.134331798864454,0.0017323352616875,104.0,0
120415.0,1.92039115959274,-0.363111792377686,-1.45598106496442,0.264832676738767,0.760191237893647,0.985597424238609,-0.186736769511803,0.213443651332841,0.755322889463988,-0.127829109573802,-0.4443505464024,0.794135229595446,0.246148781287377,0.0511256237674712,0.160766896378153,-1.42942216495344,0.7766304693084,-1.9805010017783,-0.979744406411261,-0.267966073611109,0.210712876631664,1.00346671795557,0.107282334312703,-0.245527416624646,0.0141101931960789,0.791117354911203,-0.0187073671601841,-0.0749499333384116,11.5,0
47790.0,-5.85997006552988,-9.48807178453187,1.66402609417621,0.688098863561095,6.51076883165006,-4.85195435655541,-6.30870281481606,0.868979827240936,-1.9062678238709,2.11940596741132,1.02732582306178,0.492924682917309,1.65339965303481,-0.0811868027342751,0.861812348675271,-0.853287493117878,0.71006956684246,0.954085787739763,0.716703501602638,2.30451021225175,0.920955295477126,0.469713521155441,1.88648408012628,-0.333309343850464,-0.592719519250328,-0.0926753758008699,-0.0574300971648846,0.37231573307015,118.0,0
63367.0,-0.42411285902044,1.30057497478002,1.18275694552111,2.07732059224122,1.12409710712501,-0.0963720856541812,1.10761096836516,-0.165308227834015,-1.84301411314001,0.364818310689195,-1.0432785657984,0.239517336424933,1.74667624306013,0.0631048311371923,0.308800599414234,0.328087418968749,-0.661597771600829,-0.464629435126859,0.394582049127827,0.226315435832684,-0.297436929049303,-0.977991345316032,0.0482230064440247,-0.485066979258723,-0.31714310372456,-0.308163921897734,0.10487024815818,0.148794333897784,32.7,0
84873.0,-1.73782277762912,0.874171339633004,0.948868583901386,-2.16840350788086,-0.030638257941226,-0.063800281558492,0.541179957546439,0.0003060924303683,1.62315169562143,-0.470523596552398,0.841540854132241,0.819289907117101,-1.09808451161082,-0.145149198741575,-0.441713683091034,-0.914627666549232,-0.226678290846967,-0.143524335089307,0.43096790633289,-0.202862681297364,-0.0981246304043637,-0.105298248029537,-0.233072160667808,-0.335932036884905,-0.0294219014405258,-1.07798344790127,-1.02745908450356,-0.26967130161351,20.0,0
140740.0,-0.862772625491431,-0.794495632850022,-0.126491942410253,-3.71656899336679,-3.01841409880255,1.11451964802793,2.58625093615933,-0.426878466753092,0.50875866752297,-1.4281842468274,0.552926421079737,0.443343867957099,-0.790514995735974,0.0067579914528325,-0.260755560058885,-2.09926034633934,-0.143864815051304,1.73732892132379,0.729998233668273,-0.889307829055909,-0.743027106751236,-1.14320747129001,0.247993030421523,0.69780107554441,-0.473405197870326,-1.34985250827382,0.331707034815876,0.0057496389922984,600.2,0
109061.0,-1.75111405506121,3.44882453841343,-1.16799477477051,4.8278046169207,1.67236346876039,-0.100749984228892,0.376387205191333,-2.30800819480458,-1.89919832345709,0.27510553295391,2.2767050581676,-3.43100311055809,0.472343451291755,0.0696914753514379,-0.914062303456269,0.193520596992917,3.7309669698565,1.98904011539877,1.01067677962757,-0.500754133164198,2.37793792394378,-0.435297890464988,-0.478800541698549,-0.21844054942332,1.05083097639384,0.870250886341693,-0.244536104788824,0.0206624124070148,1.0,0
117535.0,2.06749155553188,0.128643410183662,-1.87550942383809,0.183059904203185,0.749886786706915,-0.268442919159786,0.10186585362805,-0.08361304844135,0.200101917609747,-0.221473380746281,0.773241186312033,0.91232374187578,0.510213798557851,-0.765714761584702,-0.508755233333414,0.633253272262524,0.0210028445159912,0.291074522143771,0.522268924455889,-0.101569630859536,-0.339959636794721,-0.884716923536234,0.262499234500803,0.0087971324131115,-0.208262563848267,0.18281410000806,-0.0641474550687306,-0.0446711174567481,1.29,0
121795.0,-0.798173079184519,1.25254835909983,0.735297076569961,0.784498930708259,0.696743414564395,0.940499964899667,0.563246249949068,0.262218980500741,0.272274480983616,0.353203201534492,-0.15438225631609,0.719406971629746,-0.510084727582242,-0.230385075353007,-2.02214533287032,-1.08481680334631,0.150838578015887,-0.0510009174613016,1.66995950600063,0.195035635824953,-0.281193261002779,-0.430981982567753,-0.177497736434289,0.260813738301528,0.0413233509170729,-0.682563482390588,0.273200671270874,0.264734084123321,4.49,0
33283.0,-0.415987092631475,0.415883486545098,0.941168025660142,-3.0282027814584,0.0150344425392874,-1.80071177667888,0.952195925808224,-0.232021477504264,0.903698165460594,-1.85848998881825,-0.565098663309821,0.0937454586232479,-0.828785312013787,0.313777777071917,0.33671775113516,0.0715117011772739,-0.756061405657521,-0.311202248164154,-0.810210437990403,-0.311720380653434,-0.0553035251339759,-0.205380343530133,-0.019817459202064,0.378388212484318,-0.466821212141663,-0.549684896664773,0.107074380989444,0.161827591058467,3.05,0
54187.0,1.31692258169421,0.331245612016842,-0.0456783693559833,0.496062904204995,0.0341436833228574,-0.594102521317864,0.0646783996889684,-0.147254938132271,0.0970617231267402,-0.279725702798163,-0.824855223998205,-0.066486872338382,0.327029765800967,-0.328936576571561,1.16026389298084,0.725423261595689,-0.30789569056875,-0.019815917266399,0.118592250566351,-0.0581044055628999,-0.343815306420162,-0.987866111009546,0.026818028264687,-0.496983277839402,0.32688674697849,0.146717171550251,-0.0243222515372983,0.0220715635489305,0.99,0
85109.0,1.15229080719483,-0.951272794456791,1.33888974875403,0.902165399415737,-1.1791904473811,1.45287339849383,-1.35178748991867,0.427215573081904,0.547616046074727,0.347935813629072,-2.11061048518582,0.592576793015933,0.733963678006897,-1.30573301301069,-1.55190398493407,-2.15058821214417,0.547812533499598,0.772843491708289,-0.581670637609013,-0.473641918440813,-0.494034767096138,-0.473121444251861,-0.100899633919631,-0.760094532993142,0.479856615707677,-0.200703067661554,0.141079149769644,0.0379020896088293,46.12,0
152660.0,-0.896803300072088,1.0347974089938,0.65371158968896,-1.08241379542602,1.13170675691718,-0.924292584510511,2.54363760264122,-1.74927756905323,2.10763659855652,2.91449925280155,-0.131986626897176,-0.290506638172342,0.201635469292809,-1.8693988893573,-0.0964568126267099,-0.750508468592814,-1.25249688182774,-1.06659335303177,-0.185028304053421,1.05189370645479,-0.883265419374034,-0.474385117756236,-0.0062231932674499,-0.0373018979904856,-0.290618961771033,-0.0179442448322817,-0.215774981998162,-1.01988795895848,44.99,0
132189.0,-0.664990042478581,0.226921423088963,0.744669657315694,-1.37637197065488,0.80390595926687,-0.210589294044716,1.0325891627925,-0.358241706637961,-1.87829239125943,0.526088345100987,0.632298010375298,0.0556291038778816,-0.145219910012033,0.152557364361836,-1.10110763008443,-2.22232274060561,0.0709179124513433,1.10422035738061,0.22610420307278,-0.367348755795493,-0.3928685485289,-0.482042193281599,-0.48091204965096,0.742331513481193,0.700723831469377,0.793762947937837,-0.302165894764831,-0.210595375536956,38.88,0
96135.0,-1.95293262584861,3.54138524292281,-1.31056140773257,5.95566359407,-1.00399266347247,0.983049267722507,-4.58723460197373,-4.89218360319852,-2.51675203271071,-2.85032390160027,2.02467408050134,-6.48774641306604,2.37646259977422,-2.24151634571345,-0.566869734947616,-3.93685691797738,-6.12719357199364,-2.32855196140235,1.56212955232854,1.96502978343686,-1.99809122812016,1.13370623369264,-0.041460872197789,-0.215378738296157,-0.865598577097396,0.212544577403768,0.532896738259478,0.357891632792824,18.96,1
124685.0,-0.251784820728301,1.02760248057,0.447392210608687,-0.569312089475013,0.924633556278997,-0.506824957774594,1.10226597685993,-0.289944023738039,-0.458824286311308,-0.523584221894656,-1.41360914064788,0.279633650960371,1.10290685698491,-0.0512808342445195,-0.134618346481344,-0.174790693826645,-0.513017054895193,-0.5277900485893,0.839014679555844,-0.0082247433958082,-0.224287517901179,-0.570335101356019,-0.169374324177454,-0.679511700155411,-0.359285136114967,0.267609932409551,-0.0347109081903627,0.139873325033391,1.98,0
80892.0,-4.31578567592198,4.59599121984537,-1.71567306168839,-0.151419082495208,-0.540263525336765,-1.40353728962782,1.0061681370806,-0.111650227110364,3.35999965335222,6.44959910333463,-0.0210694137912108,-0.080964577850804,-0.188264526742429,-1.1622816454751,1.03566705994047,-1.1393608719655,-0.473948366801639,-0.452031670408977,-0.121170423747046,2.43069567710446,-0.661842425376609,0.428060253928423,0.109342200114839,0.321527569994795,0.0119609682864394,-0.611216640231358,-0.0488292226656955,-1.28528686814989,1.79,0
129757.0,1.96253733518682,-0.336480176599963,-1.2807549875887,0.255656670202193,-0.0460303714663996,-0.678997574846718,0.0489359471551536,-0.105643151533661,0.486027881257382,0.258019194229585,0.40371155441875,0.359171857920948,-1.15015206649534,0.6983070689928,-0.494222639276124,0.267221359800066,-0.610446063117137,-0.0902462134222263,0.577000664689669,-0.189964297078778,-0.250899899656023,-0.779983150110576,0.255954289223342,-0.437345212230938,-0.333089759874283,0.202094973613336,-0.0911049554040308,-0.0691383896657275,44.99,0
77198.0,-1.53237863676411,0.13828289951704,1.88977852383313,-0.487848154347458,1.07283860672928,-0.613411663663879,0.702325468441571,-0.463085317322958,-0.111716253810893,0.362463083277512,1.86902521958157,0.777885640064129,0.0444212826583253,-0.237635828885493,0.077276083389895,0.112326143457224,-0.817442600933317,-0.572889901904974,-0.710023453325505,-0.316526685791079,-0.198329515467354,-0.236535739594337,-0.0506788211893009,0.225782292021208,-0.489919671082499,-0.175929109839142,-0.793373585357669,-0.113393348038588,1.29,0
49912.0,-1.17147777808407,0.0036669180457729,0.789829268718253,-1.66351115782996,-0.39137317954378,-0.580504455806054,0.360404063104754,0.342103433660103,-1.88639626298604,-0.274267274959742,0.339189358747992,0.653465441466814,0.542055628443216,0.294416782662876,-1.50335576293904,-1.1862400556239,-0.204778449605875,1.30069188482746,-0.738094306274233,-0.309960044884206,-0.215608372281306,-0.505708467639606,-0.0332288293777667,0.0538960900188923,0.22864810162928,0.927792882852095,-0.165593066475339,-0.0405892840993147,94.99,0
54620.0,1.40512274591784,-1.01075579206319,0.553557584136113,-1.37603945191234,-1.36204319648038,-0.487571644295225,-0.917318115004751,-0.141959739679295,-1.99877611775235,1.32643247645718,-0.0042201889484996,-0.179290303541361,1.5353472493197,-0.483537397736174,0.801523972617966,-0.606445267843275,0.691786654929909,-0.809873219275696,-0.529929513441829,-0.226308587025578,-0.395474236097651,-0.78771450937991,0.202272212851246,0.0479685258816901,0.0697088416002025,-0.457747466222959,0.0527356126183214,0.0327563695194998,45.54,0
55555.0,1.11142925068002,0.183981940574686,0.211600181204302,1.62362870305448,0.0426275058579958,-0.0986183878254622,0.141612605724573,-0.0512684677684509,-0.657602525547098,0.509764781980332,-0.553556540852713,-0.154399881748049,0.118344540409425,0.289616717710141,0.798289558330925,0.466283229278061,-0.32918681822313,-0.831611964778361,-0.951409500725867,-0.0072572736306174,0.0118411813569134,-0.0932265515866599,-0.081110101907495,-0.238894737630793,0.319895793064054,1.01435820871053,-0.083249343934722,0.0078972052696556,62.32,0
33335.0,1.21414808505837,-0.281539572919166,0.802616350266076,-0.189345695681116,-1.08764026089362,-0.923849287582854,-0.424894481337087,-0.0847698291046823,0.589511607237821,-0.221027498349529,-0.288392233682203,-0.0278077643369752,-0.228973160562644,0.0836848450694229,1.44832092849806,0.661018203563899,-0.391613537952035,-0.309903599852766,-0.0054572642635306,-0.0037350817976083,-0.114575419948199,-0.422853553440352,0.118397356693633,0.433382084543923,-0.0858946684817843,1.2346163135704,-0.0926573174490623,0.0146240289239906,34.99,0
153868.0,-1.10967384268149,0.0843365854216652,0.138716391605324,-0.54367083901172,1.52668717621232,-1.666073866074,0.535798000458327,-0.186054622826091,0.358105627036348,-1.50597238453434,-0.697767936644854,-0.0107723888274523,-0.301079648951069,-1.55016250414868,-0.641281855792417,-0.0041764926382209,0.934446162072664,0.048945240568905,-0.320681913813639,-0.181117831873863,-0.135264320800731,-0.281596443135042,-0.141232892268376,-0.118011109638737,-0.313912245471038,-0.207109466897436,0.0472688794519931,0.268430321578379,20.0,0
81607.0,1.23068050596961,0.681658023175854,0.529048618121171,2.3589680008115,0.147218309057585,-0.232779749906313,0.191220943472574,-0.152883836308671,-0.874954212077427,0.654975184382574,-0.770956992697615,0.383907753523161,1.33941702376401,0.0076315755912259,0.444245133042715,0.805501667311647,-0.892180812388396,-0.289253763652478,-0.825634900050698,-0.0642847505814231,-0.093380177492695,-0.244345883656066,-0.0509841902192088,-0.109101200770243,0.529819063626779,-0.0465142584929964,-0.0009287365282069,0.0215281423050433,0.79,0
150468.0,-0.432672648674327,0.14593475210885,0.0352425869507526,-0.621323626822708,1.87450018053345,-0.210358219664007,0.484964975896715,0.0284727663702847,-0.531017314140322,-0.328908760921568,-0.348444469378603,0.611979626374134,0.677108609909001,0.27970305545817,-0.737853919286432,0.168226328707118,-0.91974730214845,0.17028906564682,1.2543852347867,0.148618727780676,-0.143303592185753,-0.508813893890864,-0.0189606194674639,-1.42595639391581,-0.660941100587047,0.242399926934918,0.117704847274177,0.18218068725276,0.99,0
82024.0,-2.33166823921612,1.55967295311106,1.67021640458578,0.242855054158322,-0.0937712051141453,1.33728174141092,-0.120447973186774,-0.0464771598433236,0.981972324404706,1.22475436920873,-1.35590173494855,-0.37913999380006,0.91875934415878,-0.941050204934537,2.25319068526789,0.294293817219985,-0.849978940662458,0.686619778544942,0.28010905074047,0.0397156583681039,0.320679394328052,0.828563375094953,-0.49889184272741,-1.3075764435226,0.222713271250207,-0.201533949817974,-1.780498234581,-0.155196162971194,22.7,0
73659.0,0.913971472846762,-0.183077875760159,0.251731324167961,0.59434915370581,-0.310124842222458,-0.417131910988644,0.267763477859298,-0.0127894758076948,-0.389533706550433,0.0022616467967848,1.92115939011014,1.14073571857341,-0.0916479123662461,0.691365096677986,0.483970089667088,0.0759977481540268,-0.233649984536464,-0.8595162615543,-0.120809873320485,0.128530919756884,-0.327028917710452,-1.30738293478295,0.188308926481976,0.183141423155003,-0.0842723798406885,-0.142996165302164,-0.0553897146505677,0.0295583017363597,134.9,0
117708.0,-0.945037412002285,0.392543845567135,1.56944930388211,-2.38842533583291,-0.414788180801894,-0.737605373426353,0.230627358638966,0.0249235170798212,-0.632187744346069,0.105701840273983,-1.2193270166515,-1.34428057217736,-0.719697074607037,-0.509677804018265,-0.40033918432423,1.2780426987852,-0.0490344638446505,-1.13398629929585,0.0014114448506788,0.243999957684292,0.108923794439985,0.40654388686425,-0.439831049353736,-0.116464484230614,0.81924036767348,-0.104672620125478,0.362877281135453,0.160627861434358,8.0,0
56547.0,-0.423554575419651,0.966673598927374,1.31981125085943,0.456263234726437,-0.766290585141907,-0.926620466127225,0.197803636373876,0.316880535001351,-0.21854985467921,-0.794008361989372,-0.368329419898643,0.970510463703521,0.644024798709158,-0.0339386763041718,-0.577840871547481,-0.326617833217318,0.292445412131728,-0.792407732229401,0.0837688113391293,-0.164772501722658,-0.108583501272847,-0.272466070422814,0.183365219152337,0.943466240862836,-0.479621282980524,0.0391230859079276,-0.083026035693323,-0.0164756689308927,13.6,0
34030.0,1.15855290769952,0.498649687475716,0.643504157477415,2.29387729850528,-0.0631882742203545,-0.0406227166233773,-0.0261761745821117,0.104058839659704,-0.872459767765939,0.858490859750557,0.804129273148319,0.178127707333686,-0.647181933549573,0.59707245849604,-0.0431610042461482,1.09976855314325,-0.981854764976968,0.214163619233525,-0.503655412601955,-0.166785225928819,-0.224899675477137,-0.80092771175175,0.0964782786581382,-0.0794393609891599,0.238559751792205,-0.260557714396944,-0.0159284514491274,0.0142385925174484,6.5,0
35496.0,-1.33371883341396,0.843892308837212,1.53693713496789,-0.437422607863572,0.610518469438209,1.32999700104662,0.136456401159823,0.972332566496025,-0.449155968205187,-1.39771996741153,-0.0256339974281052,0.819739565841705,0.0908605849191103,0.170375936799122,0.249160342028967,-1.30020118259303,1.18445759539283,-2.55042003470685,-1.8006237677888,-0.298495028839826,-0.006695832388018,0.0570343622675426,-0.109718297286138,-0.926749929193696,0.180292214446806,0.318552806762642,-0.0570115567975645,-0.0368159994777486,12.13,0
68788.0,-0.700104580896337,1.02212527966067,-0.403542738971302,-1.16979626613533,2.12276334574548,3.32485499834194,-0.216336576014676,1.36217065449338,-0.692121620346564,-0.478732535199045,-0.327561950741929,-0.0860103620302687,0.0088511746840103,0.606663911898608,1.00157924852171,0.650113468618351,-0.723331917568594,0.138066455820365,0.380856369210029,0.119608051266834,-0.236808747974556,-0.914410786722267,0.0115650146970128,0.981673296890844,-0.0090932227770724,0.0887451486507364,0.140007402558291,0.0526619183325013,8.94,0
86860.0,-0.0680276673845156,1.14420822263989,-2.61087075227267,-0.493308740661773,1.48351149258825,0.493253910346703,1.51311738699328,0.272671293282693,-0.663741400773743,-0.211426007929292,0.659518653443647,1.09493437026912,0.203921458547607,1.33827014396012,-0.222984353789281,-1.88871242152497,0.472152372001033,-0.818245033240618,0.127259627348208,-0.226204144887777,0.65958496441649,2.25113932651749,-0.007993240228082,-1.54692236529656,-1.17255867479669,-0.301024687343852,0.426493359084424,0.287042269985451,99.45,0
146095.0,-0.841042704988645,-0.272958336160009,1.32689523545603,-2.46672690198075,-0.0958194249058447,-0.0626071186560812,0.0908234722369055,0.0890178745878277,-0.450994415614646,0.600794009706214,0.741398442300808,-0.650856018824346,-0.947206060511432,-0.509838085191937,-0.955943813962028,1.53994772370305,-0.435147702008095,-0.915184702460907,0.149532748039258,0.337777354752657,-0.0544580232299822,-0.0330250256440261,0.0653036103971339,0.641171209505952,-0.411141955985108,-0.648877303387321,0.305175737281511,0.0933970090693054,59.93,0
57919.0,1.09606218173529,0.465580679824647,-0.0767331619059509,2.34464666221068,0.314707691350336,-0.320011380649256,0.49457965286848,-0.096402171120864,-1.2113944141684,0.896150868544977,0.774326603344814,0.153807207171005,-0.633004366599488,0.824922968364654,-0.399170332323992,0.656163944858317,-0.812228996196017,0.184362998046909,-0.488484517487823,-0.0617584708123688,0.0438160599284352,-0.0897300847777364,-0.20172536308387,0.0018460008449779,0.702761544520378,0.0667662928461302,-0.0588711674095877,0.0056008583418351,61.61,0
18675.0,-12.3396031574122,4.48826730168204,-16.5870729373632,10.1072738734101,-10.4201989827431,0.130669811857349,-15.6003233044816,-1.15769598093331,-5.3046309683427,-12.9389293107706,8.80568196718575,-13.5561301301468,1.16546376028499,-9.80988150207055,0.369987279150665,-9.50521044515487,-17.5420303090874,-6.79263778723153,2.06937744931751,-0.0855014634055812,-2.0896096332232,1.74531450014405,1.37681580939778,-0.554271418366818,-1.61074085196174,0.153725444536768,1.2124772080589,-1.86929047595671,188.78,1
149597.0,-0.713513128180713,1.20628678333944,0.529193455273826,-0.287931287894319,1.12899287336633,-0.263392634557182,1.10071592799963,-0.16694442438323,-0.514901210458735,-1.26370122105946,-0.726463004944559,0.152989640315717,0.828245424949745,-1.51438538113737,-0.519713250816055,-0.425631922357969,1.01958021474289,0.0553236743585012,0.448079711566102,0.0983530251085336,0.0846275014910924,0.430989107602989,-0.634891522856173,0.628324576945268,0.982053076624404,0.892193882793098,-0.143145598830808,0.0748485059512497,10.75,0
65046.0,1.12737966077389,-0.813457298247516,0.0877249729344109,-0.42479338150147,-1.02249731382218,-0.811502376760909,-0.138266201073606,-0.219096798555251,-1.15427759497223,0.72545246686889,1.22193355370044,0.969077362279434,0.504651607224715,0.164587223211771,-0.795019906271708,-1.66732907002692,0.115665730241673,0.990505105521332,-0.290621991523226,-0.234253067410684,-0.309491988414962,-0.558655895430609,-0.0988235689408328,0.600804535031513,0.349306596081341,1.04827980662242,-0.090928002919644,0.0107354231835453,121.33,0
126726.0,1.81886535382575,-0.476209616975543,-0.116055995880309,1.10025944192562,-0.396064193546539,0.777732800809322,-0.894562818796383,0.345548491193914,0.956509632842967,0.277317116654598,0.387390878094698,0.919008174551261,0.188363603427283,-0.0769098183231945,0.0870622145432844,0.871662315653096,-1.14281239402426,0.883367817667798,-0.335155549784093,-0.100581171010924,0.135225328442435,0.393192708919964,0.207309671115789,0.251979359546905,-0.32633242120322,-0.761547254595115,0.0660587381167893,-0.0186897573651138,53.7,0
46948.0,1.23175965289785,0.333521049935557,0.199810277472936,0.49624983230774,-0.0983157681722929,-0.544010291070478,0.0245381145613806,-0.0733802194056626,-0.303574692344139,-0.133708484865082,1.44995575699627,1.16159977202907,0.850193194710464,-0.239548401829821,0.346418213681146,0.740520915047701,-0.412496443979045,0.223993560153215,0.209600338070096,-0.0118215747719077,-0.248368735358158,-0.726030374409512,0.0661268756357443,-0.0189683986952821,0.250835703384873,0.0948431630741972,-0.0235767806531293,0.0191844072307554,4.49,0
47709.0,1.22218180883682,-1.61193726859587,1.24629345852411,-1.00891809819784,-2.20913622257329,-0.0515876629833552,-1.53978117634076,0.132981181013561,-1.03368674759244,1.17491114817873,-0.413755574782978,-0.578427125390497,0.147113829706969,-0.849384171951854,0.0310049341777126,-0.848994156246959,1.14078822386066,-0.459845700919343,-0.587982967910257,-0.221765327393278,-0.144643880271944,-0.0153382061515218,0.0646180117310963,0.399028219738647,0.0927484143061471,-0.194354356450543,0.0784378713511536,0.046832388549374,98.0,0
57890.0,1.19144337048343,-0.0943284158728475,0.604503215513295,-0.2293605339436,-0.504147364015579,-0.222283886971685,-0.347357685114917,0.0873599073071396,0.0508535821374614,-0.105044919828141,1.78372412981197,1.28182314257797,0.56037364929322,0.249201383344143,0.744278654601114,0.285341441975885,-0.366836989864777,-0.437573888167579,-0.0446580893829963,-0.0457836684487562,-0.0466032419381059,-0.103383496755947,0.104259731762009,0.0826522801700677,0.0314706873186692,0.915219760314804,-0.05509054888684,-0.0025801154332196,5.37,0
47547.0,0.872237880130921,-1.2762421249369,0.933000578554531,0.441503349824201,-1.00885290881375,1.54250583744913,-1.16263407629279,0.413503712285118,-0.443247459866622,0.715728362890352,0.0549430575583889,0.897962422986456,1.47766000649866,-0.569769968156795,0.196740102826849,-0.77274420887534,-0.711966641535182,2.15434858664444,-1.08225390400773,-0.0576057031618534,-0.0222398676931305,0.195865689305908,-0.316745643212841,-1.13663270445742,0.319672698974249,-0.140706401607787,0.0939038428330794,0.0581092834673014,201.99,0
158302.0,1.89894999695268,-0.213970797999707,-1.32196760857124,0.420770488936868,-0.0337312053853941,-1.19299250241792,0.381446074112089,-0.449863214930225,0.452744874451385,-0.0695705242129999,-0.45526262097222,0.924375922168442,1.22440400998495,0.256337673932392,0.708262313016045,-0.280264143935516,-0.526825387206487,-0.23330514013598,-0.361610801487403,-0.0057934443846534,0.329611109369981,0.991642892088496,-0.0814541614229547,0.0604704951044995,0.246163847289206,-0.111550749893442,-0.0215411904880862,-0.0409082633219946,86.0,0
115691.0,-1.55027271502021,1.08868850191044,-2.39338766218981,1.00873271714408,-1.0875618874048,-1.10460238189499,-2.67050327670088,0.147654676391109,-0.978625549290056,-3.51413330486723,3.58604242366444,-4.05335784837839,0.862426024955809,-5.76582302154173,-0.507511029549388,-4.92186514350783,-9.56726769048681,-2.77297411117016,1.71709526842855,0.327490457262181,0.802316031461701,1.03710478869922,0.0958154204904633,-0.320190913384423,-0.0807306312824349,0.0910116872058309,0.0249284934943241,-0.0778199786198624,17.06,1
145628.0,-1.87925136520602,0.250651870673021,-1.51060115101517,-0.983490982285007,-0.178455786983196,0.902352658729658,-0.842450068001994,1.55643780894502,-1.37527161228548,-0.016755016678553,0.0086352582056401,0.473350444901723,-0.34630208690956,1.49072763291062,0.598149396243487,-2.34394130371138,0.909758620951677,1.26645655139327,-0.783694370383944,-0.79577035625261,0.287746615509114,1.12984304923064,-0.107751913801243,-1.63053488824632,-0.536010447147512,-0.223840229180008,-0.0075397607490219,-0.0993320759945934,40.65,0
132086.0,-0.361427838541789,1.13347191665669,-2.97136044013455,-0.283072525739314,0.371451592836109,-0.574679962140979,4.03151344147581,-0.934397840999575,-0.768254682100259,-2.24811517395215,-0.482409384022894,-0.690550364277623,0.181274905167329,-2.37255179777895,-0.0068680461366328,0.146399068662885,1.75931419392615,1.08303951438991,-0.391047742407487,-0.0258616224927044,0.110814637422018,0.563860612681898,-0.408436059432732,-0.880078912517905,1.40839232295512,-0.137402363335706,-0.001249817072624,-0.18275089691206,480.72,1
63391.0,-0.331646700873012,0.739722812398227,0.430794842122404,0.364218292698161,-0.555711093671743,-0.558175632984177,0.353911143351297,0.387927018649682,-0.328408661955144,-0.454944704082612,-1.32573568354107,-1.07816027952037,-1.61817924851431,0.890859624310471,1.27024693741552,0.281779956613208,-0.0582958353834253,0.170922481622594,0.838255619936805,-0.0442397656848023,-0.0772365157247852,-0.564834216147198,0.251341694606266,-0.194163055180637,-0.494361007973489,0.316677441252558,-0.139675852105073,-0.0292069426416416,79.98,0
134435.0,-1.12694971426632,-0.399043431192449,1.19216931045993,-1.13443111652448,0.279517456786882,-0.0679073706686409,0.213379985595184,0.0152715203711149,-0.825745807961239,-0.145362051936295,-1.54478960187093,-0.810891160178278,-0.456591530419254,0.0230733416743188,0.629392840365598,-1.86586970868728,-0.0373019033538426,1.6494919973582,-0.203221650457926,-0.397138610726872,-0.316463803931079,-0.50611153365124,-0.259787490377409,0.354918099325531,0.688721093623699,-0.46811204521904,-0.0364083268752059,0.150673367878647,90.0,0
50108.0,-3.56777111262356,-4.31317092955023,1.07939937825741,-0.633174542361312,0.527364267633694,-1.52931712034046,-2.13460572855417,0.18777750002655,-2.29519901989484,1.52757567208582,0.868111099639819,-0.11266664517689,1.291022468112,-0.243865442144882,0.569315063613612,-0.0212159176107799,0.324487246010048,1.09114757152272,0.852728597171164,-0.206168099122794,0.0220114784642635,0.237217458395428,-1.33537355077948,0.180022780426201,-0.489785767627991,-0.0977269116114914,0.427587421033429,-1.15607103212417,151.5,0
75725.0,1.223034914305,0.255391679696322,-0.410596737981145,1.12171892558769,0.516017197375104,0.50240158016923,-0.114661381480339,0.179935030526173,0.649593649317328,-0.681341868529104,-1.52545247016586,-0.529348260511183,-0.732257004819427,-1.15584632739084,0.396959791515879,0.254131283078424,0.683874021145705,0.0948305131052544,0.0410383700263831,-0.137748055391261,-0.389798447125668,-0.94940564264266,-0.133084334393501,-1.46027050506722,0.604900022941461,-0.407596711149728,0.0606021512880488,0.0361158933844978,16.73,0
86683.0,2.12594896415261,0.0704838327773704,-2.30778410425707,0.0297760703615864,1.09828156977973,-0.384071634039482,0.572750209305813,-0.290570175928779,-0.172335832180388,0.305645410937554,0.439886363904673,1.08099966698344,0.607221649922656,0.595691172342105,-0.979719651518742,-0.332206200120756,-0.580096099902121,-0.214994803525913,0.594440791011349,-0.147375044663102,0.115553014646739,0.517153319345906,-0.0877505329309171,0.133937270126445,0.461635843764149,0.70257787853246,-0.114645373511955,-0.0939454376637477,0.76,0
84136.0,-3.36075590945901,1.4260828037032,-1.03236766125819,3.46678153611518,-9.99410023829002,8.24426684165549,5.45257765341116,-6.47631715778502,-0.88644939129177,-1.35324639195409,0.0250734888133422,0.913412999168539,0.330427203284195,-0.440795894743043,-1.82466905627946,0.753957275873358,0.660835505488329,0.401031333834313,1.71999865650842,-2.30414446827867,0.743210580550616,-0.436449599139563,-0.650739125688653,0.235769112111975,0.0943574189151053,0.419342234981729,2.03867819414038,-1.01802136870055,1868.88,0
110598.0,1.97285235654941,-0.185498578335175,-0.157197153980846,0.54825767639633,-0.628314131135273,-0.711738720151489,-0.54401313401605,-0.156061799211805,2.62561232118436,-0.605479965574277,0.257529353671017,-2.04674033978336,1.6028898368105,1.54015160652519,0.389170974566056,0.140084568498868,0.139298815250028,0.21269062910842,-0.424467884304999,-0.283191542807749,-0.258444900014047,-0.378289379526476,0.364678511480891,-0.136338030116021,-0.413197306715368,-0.960274399462946,0.0331441101245424,-0.0323602861933074,11.27,0
61466.0,1.24282302983082,-0.325079346280802,-0.95168031743807,-0.913195265312686,1.74897394322405,3.32133525488231,-0.706077834208394,0.846287833456141,0.196406232789289,-0.133274409890693,0.0047988102070354,0.101488374084271,0.113220130730468,0.30348802795129,1.44462753590103,0.765558920045514,-0.921603003643888,0.0121974188011844,0.320969830165752,0.122485292621402,-0.263622438607486,-1.00829951140405,0.0921198083792687,1.01461810425493,0.22185405411513,0.424244413079904,-0.0462843516543239,0.0182079589976142,41.5,0
145835.0,1.89516952860714,-1.24266160871087,-1.43912305094908,-0.724703284257804,-0.853346843144078,-1.3552500334566,-0.137054097412383,-0.456703514078389,-0.497760660281322,0.801187321728472,-0.636626752423858,-0.66534641657234,0.137901786199928,0.0583693028471358,0.391525455010791,0.94172544859228,0.145270501203969,-1.21731242683893,0.343079695024607,0.303717913934109,0.548895710643417,1.22212110026763,-0.159630791628385,0.114718753763518,0.123030590225347,0.0551646408906752,-0.068116441048531,-0.0351829476418167,182.6,0
74696.0,-1.3048572732879,1.03364980941916,1.46892643279556,-1.42232560613637,-0.315697969466691,-1.06282234570567,0.856845535985087,-0.228704231135469,0.805618375163677,0.416327203661096,-0.426041808375515,-0.452644226845955,-0.655516007258644,-0.35239088210204,0.670241387832444,0.506324419246725,-0.777920229413962,-0.3454286716779,-0.761573719804691,0.392872427518741,-0.256532134676035,-0.276629268446593,-0.0359482954567491,0.406984283939401,-0.220556702228637,0.709337022330719,0.424432576798925,0.166714012416614,36.91,0
166476.0,-0.513227610732021,0.391348346507026,-1.00607014828242,-0.187952352987877,1.32631927823317,-1.44654455544794,2.54887054736078,-1.02705486721942,-0.675314848056055,-0.277272538447251,-0.669728371373293,0.251186600556977,0.620193915829356,0.436217152840189,-0.293047746787836,-1.37734274805374,-0.160779926654001,-0.520609241775022,0.381908156048357,-0.113216667566809,0.366762834210482,1.52452670484145,-0.457676366077604,0.120961361834127,0.122154184652584,0.0383665455427309,0.0272345991178752,-0.11838768822679,196.93,0
64872.0,1.30210929390883,0.395761338602844,-0.0253809823157705,0.492859171834903,0.131565795391876,-0.570144692002677,0.160539709169867,-0.221656458737621,-0.091533853192771,-0.319745165229374,-0.611909395299102,0.594666744017732,1.56826831976161,-0.573638499822063,1.024275271091,0.667465277211098,-0.377693472883015,-0.17138540266677,0.107031811374631,0.037055071830672,-0.324526930720194,-0.889245424049262,0.0043467646674681,-0.475332524352091,0.365424613396568,0.142275025129049,-0.0176311667970571,0.0260086884327105,8.99,0
31230.0,1.19195742856117,-0.0459664763878103,0.646118828150456,0.76784953253011,-0.705151289044132,-0.671657562472249,-0.115672423338723,-0.0912962700578099,0.583447654532013,-0.224101870230961,-0.685902512114828,0.352988322432224,-0.278448733587055,-0.0676478789083565,-0.0995050605544282,-0.164406779013895,0.0248638783731829,-0.713663791829751,0.251663137689787,-0.0921193196318014,-0.294952987178041,-0.736443706188862,0.0679688007487353,0.396373740876295,0.299040867855,0.285823517613597,-0.0284452611450792,0.0180137184423731,24.99,0
29531.0,-1.06067628419757,2.60857946990866,-2.97167900258071,4.36008935234848,3.73885304346426,-2.72839507263672,1.98761635466291,-0.357344707416169,-2.75753451251209,-2.33593332652232,2.11151686706104,-2.59194964968951,-1.9505893546741,-7.31157981735935,0.0777527657738322,2.29060783198994,6.50927165018434,2.56997142628646,-3.28615008214787,-0.0890615369649179,-0.0631678773494982,-0.207385284031508,-0.183260817119722,-0.103679373403096,0.896178353364318,0.407386872028391,-0.130918311231478,0.192177382137495,0.68,1
160895.0,-0.848290216565114,2.71988211593934,-6.19907019688041,3.04443718621919,-3.30190955339712,-1.99211683590396,-3.7349017657824,1.52007897310233,-2.54878817321614,-4.5335154033258,2.28802174654208,-5.26720466981905,0.394799950425324,-4.28799577702192,1.31527946674202,-6.46918689069948,-8.71392005149206,-3.7050697432532,3.53100289778427,0.319576271337295,1.12522925908799,0.805257864895713,0.199119186483276,0.0352062006310435,0.0121587630161963,0.601657823317562,0.137467682324392,-0.171396981067706,127.14,1
170254.0,2.06260082820305,-0.238865920209852,-1.91214171874066,-0.208878153432635,0.742704339494356,0.0080184383237675,0.0906472152812649,-0.129104742793125,0.139036111965312,0.306104203224593,0.116309247275481,0.699817578544363,0.6747487681863,0.45422064092811,0.0010464687698324,0.555658959710237,-1.16358684039932,0.541175046930875,0.462841203299449,-0.0288813985410201,0.211014323671871,0.60859646523393,-0.0977002607597995,-0.260679175857242,0.192839562564901,0.794877876917153,-0.103552077659644,-0.0773701702195953,39.0,0
132381.0,-0.13220669020297,1.35229502142604,-0.169054443208372,0.6049751727986,0.959848085671221,-1.50853445567924,1.78889281846787,-0.590497733241038,-1.05676352082549,-0.117136147284317,-0.466849635071557,0.298747122796952,0.473936937895525,0.617789890217971,-0.144243171466603,-0.798608681247796,-0.272114905474935,-0.426204914028009,-0.198132604515804,-0.162970570307264,0.309482074246833,0.969331870642242,-0.197737253606327,0.487735315583058,-0.306251360258022,-0.58709241608815,0.0857187184471198,0.211130415133511,25.2,0
153739.0,2.08023072692927,-0.738638333849812,-1.34965721825265,-0.395635283428566,-0.595282629213821,-1.26187314068224,-0.106434949052941,-0.457948939681272,-0.707737168224917,0.940250475333811,-0.891435714890451,0.0709970621766113,0.816052783523299,0.195029536241852,0.438608584582175,-1.463821449146,-0.259576802312614,1.03234856426591,-0.991639351534969,-0.454808360725347,-0.113513818631036,0.148205921291185,0.0623033706099617,0.0235527458454785,-0.0537013163341505,0.78230904938313,-0.0730191651769727,-0.0543484385127845,67.46,0
142508.0,-0.724038859815775,0.962176922889664,0.490743947139401,0.138610721658763,1.3687362603748,-0.352806536295447,1.65882446048469,-0.42182672249641,-0.727049593227888,-0.0472496402062155,0.396011577752972,0.257277910441213,-0.628382073519901,0.328816567149395,-1.33384310459604,-0.541754801351812,-0.610676017929663,0.0625444374902585,0.200862890648903,-0.162021262199522,0.0158094831129689,0.23044761123682,-0.614498352517911,-0.394304321654336,1.32331838106908,-0.395929724386248,-0.505286340352119,-0.285193966717517,32.59,0
146947.0,1.89518593173357,0.306456586499518,-0.0564831748566821,3.69474410321719,0.0984828227001782,0.57375822315195,-0.405698969378523,0.060992548003726,-0.45309364018866,1.37406955146918,-1.79454367172849,0.0405616296938517,1.2101630744368,-0.425111479479355,-0.443882166022269,1.4017311193751,-1.28682087006128,0.246658061563359,-1.58688917502273,-0.164950308960255,0.233852285805166,0.793842618965652,0.0304024642089372,-0.64066413011806,-0.052058137946818,0.138017609347769,0.0143393424968971,-0.0352758267930688,19.95,0
122445.0,2.134823365386,-0.814324678528339,-1.32370785993721,-0.340167847140681,-0.398751327007115,-0.310563049331471,-0.468110233311315,-0.107950472619941,-0.393803653318479,1.014841169375,-0.0784788564603276,0.448591271255716,-0.201764612922502,0.152375366743128,-1.39553721717363,-1.73452530577202,-0.128224095720786,1.39969379626112,-0.231577258778936,-0.634250806443771,-0.210297288906087,0.123050260667781,0.0165147791878217,-0.513889956136988,0.0987019374560261,0.74356107212765,-0.0471678357167434,-0.0822834901291035,11.5,0
161530.0,1.47323344274827,-1.32952305598059,-3.285105915522,-1.29039617025733,0.4171569811296,-1.6608026442202,1.48341592304911,-0.793285551093718,0.836551360745599,-0.930526103560306,-0.484120637320938,0.822067333135957,0.379612504484313,0.89380006941862,0.508735253047348,-1.57670162927557,0.133526605408568,-0.518065571866588,0.754747886962965,0.596758418078055,0.526948933517756,0.943105473909652,-0.549760520180928,0.822290856172457,0.738016584627509,0.155285368497098,-0.151666199320298,-0.0182313229783287,386.35,0
68405.0,1.18996946862134,-0.0003182858317992,0.365111196440477,1.10311497034294,-0.351406514789614,-0.223708807714249,-0.21203429360189,0.0305011234405445,0.475432003883947,0.0554042547846312,-1.42489613252116,-0.840008004573549,-1.18546546814331,0.406130489386399,1.32496557061691,0.688589344150188,-0.78291723251537,0.505446461477658,-0.225598962048347,-0.117973629634988,-0.0114955945966094,-0.144150510925203,-0.155931667915571,-0.503481618762948,0.538649323223805,-0.309926427728459,0.0202387920181052,0.0261106061881646,44.02,0
42886.0,-0.477590237098365,0.326578957339546,-0.197026665353706,-1.99890212099454,2.0967888196125,3.29514757591398,-0.235593203829926,0.777550681322755,-1.80830183422875,0.0194736613787172,0.241186728957115,-1.29890387755593,0.0883454811718122,-1.00097289409241,1.19431337049838,1.31726631247558,0.806601557620167,-0.460010590741287,1.74285734226626,0.372026786973296,-0.0303728128015191,-0.377014134621307,-0.29011439266249,0.931069771832943,0.394422966846421,-0.202632192575227,-0.0391657012997738,0.0715830433626929,34.95,0
147157.0,2.20625460770266,-1.59164862424036,-0.931109972581524,-1.36354519466115,-1.18204278516301,-0.101187977794307,-1.12024152337931,-0.043845710525002,-0.948947028166051,1.50578070004905,-0.218020150289881,0.225239910249945,0.251165550682351,-0.712157388257389,-2.78075249347394,-1.09761630675357,0.76474189838401,-0.211646911295781,1.03405537046053,-0.401744788373521,-0.489398455743783,-0.732434662940757,0.217820261889023,-0.511717967427839,-0.139401187809733,-0.31514393680909,0.0153148364203503,-0.0633663034584416,40.23,0
60549.0,-0.534331054073915,1.33101254993869,1.04616499494181,-0.0830254056248082,0.181493212242164,-0.77887856403734,0.729613291027692,-0.0631965019003834,-0.240445103514178,-0.215988118377487,-0.443063942563802,0.0192438067240008,0.572423342930906,-0.599506826092022,0.891796317405067,0.448337695693001,-0.153582589186872,-0.0859302360268859,0.0111865680745225,0.276396382493783,-0.313602820452984,-0.744840391996898,-0.0548099915301477,-0.0191307076534986,-0.0483436456121277,0.0974552073245658,0.354437524295586,0.155526996289057,4.49,0
122149.0,1.88737692050251,-0.492083578461694,-0.955908958144605,-0.0875362809730814,0.182933182528324,0.568893215570549,-0.412992476897188,0.105927616183679,0.904462300378333,-0.138412429934041,0.227326683421384,1.50541742391923,1.54799678899585,-0.0458800696231031,0.342726072227428,0.698884051102643,-1.39195223456053,0.730367780543278,0.535747468875726,0.0793185552299404,-0.0895309464942165,-0.308790033033752,0.160796155316388,-0.371838286092957,-0.221110637843586,-0.93251180214275,0.0416512032557545,-0.0242217675297739,82.0,0
59532.0,0.0899095755400083,0.0083540761103252,0.912148840872703,-0.965620761200104,-0.233725429931126,-0.284683207853158,-0.0446717849739979,0.0423183421531998,-1.65869788870246,0.652200737872322,1.59039368731094,0.205912667927106,0.563117300205488,0.0220018761785255,0.138448958931321,0.586071417560409,0.461120400689689,-1.30219711164883,1.25779402282181,0.214457682661699,0.306265638877379,0.806353947547423,0.240438462652228,0.0290751698243345,-1.33861672597158,-0.468905892105843,0.264182987791147,0.234531672563265,23.0,0
67411.0,0.963220518554793,-0.0154292922343938,0.600122723527348,1.26597798903741,-0.572557870240283,-0.673513293531057,0.141795121334185,-0.0942951560346938,0.0270495980858653,-0.0966626631588075,0.330167396872335,0.476770615055559,-0.0802674947298204,0.404866727005215,1.27075619038489,-0.231874062035481,-0.0095842944106881,-0.768847464409321,-0.961130454890778,0.0070044377666985,0.047456674905596,-0.0290973993826054,0.009746749361007,0.600168130887368,0.328244960778135,-0.478019426242945,0.023197319463896,0.0456340781720966,100.69,0
168028.0,-0.399956483599386,0.944315475131464,0.0576067116578668,-0.196940097234753,0.202419920988768,-0.140206148093648,-0.122921744914629,0.412294951692891,0.0563518004079042,-1.14971334595594,-0.938523537303512,0.452577762602669,1.55691438913599,-1.48013744114458,0.389417267737703,0.742507965296361,0.383560798846738,0.815421513266846,-0.114451847206718,-0.0588047938819593,0.309421792521144,0.931959423141866,-0.0622721566695894,0.475917774570772,-0.415746590182294,0.613126848511549,-0.15051092076101,0.0313194949585822,10.39,0
25504.0,-0.816213148640516,0.180593456349989,2.82285661581335,0.688721933730814,-0.529940311066063,-0.0367798357848011,-0.466228369450518,0.387545362630544,-0.0152538273919714,-0.318560760554698,0.944194792030483,0.287540715510163,-1.04235397088364,-0.0308012309863723,0.0165718317261059,-0.156361079080313,0.143518514607822,0.592780117736018,1.41080172247542,0.150729225361097,0.0430843818307725,0.126237332201832,-0.151697075016119,0.559794287724897,-0.0577907781545928,0.5769448118825,0.0554521093580768,0.0787706818346574,1.99,0
37115.0,0.850777153027894,-0.720964212616603,-0.835809658712545,-0.0027285370505947,-0.0577534040016863,-0.554131903072751,0.595059625267563,-0.218033110427152,-0.257719484651971,-0.0047434768361788,0.586736812800049,0.157158757726519,-0.685217670735833,0.843252731687316,0.238431686407182,0.415473143033033,-0.655843878373913,0.22308508005832,0.645098084738634,0.421443591142845,0.092562081581994,-0.351496736292886,-0.412670827663211,-0.42384285241352,0.510846867290532,1.08036782322902,-0.17130660927232,0.0144366721155428,259.0,0
40867.0,-1.21643764711248,0.53559485001485,-0.0238676060685945,-1.4547470925396,2.17679900582231,3.56285762393144,-0.0019780326213787,1.37910910489795,-0.499581564581038,-1.1985292021618,-0.815364185032288,0.048328611131608,-0.278014144957839,0.272272153968169,-0.611543295751159,0.338468728608075,-0.495188140161122,-0.120265900593805,0.113109357529691,0.0620039739591668,-0.154027253308182,-0.80031347919329,-0.149060391257186,1.02106779067976,0.640438379074173,0.305290160584668,-0.153630419229126,-0.0376342676953173,60.98,0
138297.0,1.62461546170231,-0.688860664295587,-0.0745302379444283,0.916005884265678,-1.20705924566759,-1.20286426886569,-0.135448999531594,-0.241722645070221,0.800924859324128,-0.0541472926097911,0.118590303875241,1.07644402523139,0.661211031239654,-0.0829126092993173,0.368057663739061,0.120204917588259,-0.242641778308354,-0.78057955579516,-0.521042013088986,0.12844129285082,-0.0890943777793196,-0.477979618410361,0.392290873944274,0.929460921545481,-0.737588398126093,-0.139310268628446,-0.040921260859589,-0.0009522378428877,165.7,0
79224.0,-0.513212927492442,-0.894055906882604,2.13328939433795,-0.528104116760548,-1.19303784735734,1.29990207637012,-0.677700363846291,0.491637777836994,-0.351572872893014,0.0715452115714575,0.35315283475506,0.336192418682069,0.240545325182146,-1.18513613806107,-1.82713220387948,0.0496590528061877,1.0715481680305,-0.92030700508057,1.81947035802633,0.490788063009683,0.50539494641172,1.58542643009374,0.0535914245852892,-0.208579042678812,-0.292243625257108,0.0944763977085091,0.199581649550732,0.161113273784813,132.01,0
33492.0,0.906339754058174,-1.99475863327522,-0.387275115937235,-1.21672110739872,0.449955046017433,4.30374246393815,-1.64962053613241,1.09309961584426,0.334479443232688,0.250563787350261,-0.79604181219342,-0.289561526579576,0.0632110154175202,-1.03104930118208,-0.907885975694044,0.980185695488748,0.325078344310698,-0.940095769055784,1.25705865333083,0.659385002412763,0.183724550073886,0.121091802066972,-0.306271470775482,1.07251446409642,0.516113144175633,-0.129085276898076,0.0309998165326445,0.0622720169590171,250.0,0
60187.0,1.12550604431443,0.0480480404344114,1.22247245125391,1.20766252727512,-0.668580085679205,0.17824168962265,-0.533761662722474,0.146418230936479,0.598891103590199,-0.218095609483542,-0.278244217398965,0.966281623970264,0.982147730774807,-0.382151799829465,0.760242421377416,-0.0779010270829015,-0.171372201497484,-0.518171267698628,-0.712279419115083,-0.104590269351,0.0143655747524238,0.27045839737827,0.0223386516146527,0.104004515689234,0.346381087778649,-0.387474405347169,0.090414421173212,0.0370189566242289,6.53,0
76516.0,1.21114894003059,0.244299214293647,0.763844128004653,0.655231780220342,-0.748760599917094,-1.29155809616136,0.0855560617921343,-0.248396546227379,-0.0148477339269248,-0.103212521978582,0.335815628659095,0.713772570468766,0.495620037789662,0.209368009880562,0.969928218241486,0.168166517636075,-0.231214682259177,-0.859422211451764,-0.243154331632888,-0.0729905272781092,-0.310224972017456,-0.919808037908327,0.260718711185311,0.923056591228008,0.041472185603881,0.0671558681413141,-0.0346523499388992,0.0269346731445842,8.8,0
56489.0,-0.81685193477076,-0.698047121216126,2.03099665682099,-0.384981692188206,-0.297645031546215,0.121253874219394,0.189571804553576,0.101325421265898,0.624088062571532,-0.540827689624106,0.385408895569179,0.446954606614331,-0.700179060342072,-0.514532560599679,-1.13734084069967,0.003975362893812,-0.297372886504887,0.264247032233795,1.02422745890342,0.437445547344838,-0.0213215692766887,-0.0829166598297542,0.314419275723209,0.0342904033749024,-0.681960754248861,0.808697647973401,-0.126873049087926,-0.0673485991541513,136.66,0
146866.0,1.94248634221207,-0.406473869745943,-1.51071970077944,0.220791724703531,0.196402407611191,-0.367006339949179,0.106505749777745,-0.0893991655039221,0.498380893588234,0.216908544259959,0.113988253342605,0.44822951506327,-0.83789038207446,0.591727502525266,-0.719421084940274,0.138515655776081,-0.595637010909641,-0.128426546973788,0.686732374484895,-0.133156763648268,-0.213179693868574,-0.646676220940005,0.143976758503912,-0.807493924588654,-0.193642344257257,0.30376567965129,-0.0921849183015222,-0.0726453247271423,64.29,0
75023.0,1.27448939297608,0.318850738568032,0.263039071480379,0.65694346815545,0.295553156798231,0.372683027870763,-0.11358836705837,0.0411171836704025,-0.207256778148565,0.0914585916809201,0.408875448467685,1.32716402994805,1.77158568705221,0.0375364382520949,0.398981430814018,0.893944310133084,-1.38126614844559,0.556607709978198,0.424990436663711,0.0114070063708792,-0.214867895345999,-0.567496132941177,-0.0821979767870973,-1.0386622994319,0.503496767530273,-0.560605142455654,0.0424481933537313,0.0130821949436201,0.12,0
159457.0,-1.69057643536927,1.86862165461269,-0.825401001699121,-0.668105795915775,-0.317791247412932,-1.17746713769111,0.292327963774761,0.559528219458996,0.331317441637693,0.285130669296366,-1.05437207321431,0.506858590430036,0.210808795239104,0.384222779846772,-0.355041026413,-0.0222756125264033,-0.100273605412674,-0.843413157669996,-0.204526002849187,-0.0697526351551648,-0.258287743174283,-0.565698767544334,0.233449273935107,-0.0278652237904891,-0.402837385009203,0.0669561691685921,-0.634709347536477,-0.412012466210415,9.42,0
144059.0,2.13156081902633,-0.568682686708169,-1.59960196713946,-1.93859849228192,-0.162695554707445,-1.12819999016347,0.0292319251248099,-0.365290301168932,2.25151312358417,-1.35968416388682,-0.686207502705835,1.57822156001045,0.96182697654246,-0.0786118135068175,0.273069570927335,-1.58640409927971,0.102401157750056,-0.242048499172058,1.28326849941854,-0.145638820196635,0.121207058116819,0.825791504385261,-0.0266952353170015,0.824794354107237,0.513868352529713,-0.680415687898653,0.0460696107103885,-0.0487973091440155,2.2,0
39813.0,1.05128813765675,0.32434189206377,1.03849743322941,2.73867756018757,-0.384784967877272,0.083244720039935,-0.107763964306313,0.126417208854832,-0.261209231751615,0.479326539325576,-0.42199440216165,0.211994393977508,-0.48176628821841,0.0049815521211333,-0.369664196647758,-0.0951895050050029,0.176557863652512,-1.19437031297299,-1.0680437836615,-0.196084355760481,-0.233137130652105,-0.585678472588757,0.142892704342352,0.36079129272578,0.241612229108107,-0.171069686107426,0.0204304842189935,0.0290232051452968,23.39,0
131058.0,-0.531296725180484,0.051811326624835,2.09855586197991,-2.26153712122226,-0.911490189514252,0.0602684623728728,-0.405999296608801,0.160881675958503,2.27180381671872,-1.78874290908533,-0.912319277720065,1.33396129590516,1.05533561710481,-1.25589523306667,-0.327014909715015,-0.74288320911524,-0.0864703596433308,0.266140525211657,0.549099312071931,-0.0631357313372281,0.322096642312898,1.28943985396783,-0.172276724930915,1.25053380833557,-0.46000137556347,-0.241147959570996,-0.0177404324459052,0.194455250411496,3.68,0
73804.0,1.1472818215596,0.197047920147701,0.237135722969227,1.13647842681719,-0.109333281612567,-0.237900105500865,0.0814960481695794,0.073962759029041,-0.0414075486478652,0.0878648470225254,1.3430431864248,0.763586993742612,-1.05088605576568,0.644910550476182,-0.350317821906926,-0.538271721817558,0.0492642526753699,-0.35640160838901,-0.215466675465632,-0.248056895137693,0.0483002578270107,0.271858559682949,-0.0964082764843562,0.219991743828112,0.690093287485302,-0.273975353058469,0.0190062610858038,2.12551479171e-05,1.18,0
80028.0,0.368149888747998,-1.18120162859302,-0.451836721735333,1.22325937996664,0.0190709113537273,0.658527131213687,0.59545021445142,-0.062087092665894,-0.0114081385307737,-0.260435073740329,-1.25435820191857,0.251403126613564,0.995103675219835,0.208178863152304,1.34885014895445,0.471025701381316,-0.759119807944258,-0.335007109082475,-0.311517700063025,0.867213244909894,-0.0548516514492476,-1.16532721600954,-0.413701642118345,-1.3358410317318,0.245931315446293,-0.611630722873111,-0.0408935433310785,0.0982412829360297,471.8,0
58003.0,1.297564010961,0.419921026881072,-0.411266144274959,0.676065424681186,0.703084825905936,0.0590839186740724,0.351383615925825,-0.133967378820953,-0.508995675986745,0.149867322233335,0.336957066219557,1.17707691037169,1.49260703188866,0.317333971726105,0.0250748849018959,0.447166600552886,-1.1809107903991,0.465558088090422,0.508200849802966,0.0060145334814138,-0.047530111042862,-0.0681456854763847,-0.29693860528041,-0.996519581626278,0.923582046021458,-0.296152210893568,0.0056923951371657,-0.003217622316897,10.54,0
8528.0,0.447395553302475,2.48195386638743,-5.66081393141405,4.4559228120932,-2.4437797540431,-2.18504026247234,-4.71614294470093,1.24980325173147,-0.718326066573691,-5.3903302556601,6.45418752494833,-8.48534657377678,0.635281408794591,-7.01990155916612,0.53981407134798,-4.6498642988132,-6.2883575087823,-1.33931232244731,2.26298478762517,0.549612970886705,0.756052550277073,0.140167768675,0.665411100673545,0.131463791724986,-1.90821741154788,0.334807598686864,0.748534284767756,0.175413794422896,1.0,1
143070.0,2.06092295260268,-0.111223157991151,-1.10802153643877,0.411013706029817,-0.179256738018025,-1.19449585868271,0.139357699617956,-0.29190852454454,0.651699409455353,0.0927478992039659,-0.915811653512064,0.0451605581503272,-0.626516679245255,0.412008329863267,0.121849829707384,-0.0539750198324664,-0.270256965836565,-0.762901044033917,0.173198505396073,-0.261893600356271,-0.299749955307106,-0.769324037547113,0.338656628028199,-0.0433320830250194,-0.314906895394656,0.201816308692396,-0.0759109270044381,-0.0615991081191784,4.49,0
3277.0,-0.211483761190058,0.802948208890463,0.707026340878899,-0.451291970578649,1.105654958096,0.595968513477471,0.632821880125623,0.142604123123478,-0.806150210926547,-0.326137241145112,0.387635647055296,0.883517173446608,1.27406854605512,0.156589738549241,0.154646161413767,0.332703732564331,-0.915164537995375,0.03214921040372,0.463422592794763,0.0417885402890465,-0.0473321422952797,-0.104761265336432,-0.0894433151723735,-1.31307600673273,-0.676706243764545,0.114542480225779,0.153265617441658,0.157343503011674,7.81,0
141988.0,-0.439490339977125,0.389228093276799,0.209763490372523,-0.483860150190492,0.603277055156005,-1.23083823879283,0.829985360497401,-0.161490891886968,0.187871376543625,-0.261894016068446,-1.01693193046688,-0.315129192865336,-0.864861494481809,0.249980672375873,-0.22224090571389,-0.104259854308076,-0.319619758116585,-0.720974508285758,-0.108888063743222,-0.18176095406309,-0.278346810725156,-0.584500269242442,0.468298747159406,-0.0527423017615293,-0.451349820745564,0.149949473023256,0.165217585100333,0.0480464664822032,1.79,0
120357.0,2.17670257586249,-0.861485491844257,-1.14967350705481,-1.06125882343468,-0.349392931601254,-0.272999480063771,-0.606861450510768,-0.136638109308553,-0.214114207740144,0.689934593238284,-1.20749740741342,-0.383306135129091,0.715752728590424,-0.376016806628105,0.0557128301685067,1.26989568797783,-0.0637229010921011,-1.70961806122787,1.09850418620172,0.100312805769466,-0.299818273558136,-0.974657015308579,0.396454029341772,0.0388032343049197,-0.421587402446775,-0.673458888367223,-0.0173792894843387,-0.0377767617551438,43.16,0
41505.0,-16.5265065691231,8.58497179585822,-18.6498531851945,9.50559351508723,-13.7938185270957,-2.83240429939747,-16.701694296045,7.51734390370987,-8.50705863675898,-14.1101844415457,5.29923634963938,-10.8340064814734,1.67112025332681,-9.37385858364976,0.360805641631617,-9.89924654080666,-19.2362923697613,-8.39855199494575,3.10173536885404,-1.51492343527852,1.19073869481428,-1.12767000902061,-2.3585787697881,0.673461328987237,-1.4136996745882,-0.46276236139933,-2.01857524875161,-1.04280416970881,364.19,1
122220.0,0.859105867497244,0.678020923258839,0.0430267691123633,1.21187269924986,0.0592652201823803,-0.624170533000494,0.44008966102363,-0.22944832426349,-0.31901366113689,0.290531031257939,-0.761109404884062,-0.0265317062122833,0.247163505129871,0.301669937643466,1.26058221223046,-1.06590540039797,0.579750678818237,-0.375986940937212,2.73775252338119,0.159629901855064,-0.230938560520498,-0.46617758291947,0.165932962165696,-0.0862442221711721,-0.809523816298771,0.577084547669229,-0.0020364490748321,-0.0564960287263592,1.79,0
130921.0,-0.764114174736043,-0.792373653427323,1.15328650565863,-1.69058007353556,0.916707687790512,1.15223137368094,-0.605911080068009,0.62235195013565,-1.07289795400384,0.0715245509755317,0.490594585526835,0.373008577270357,0.0911301278496471,0.0160168797063016,0.0589719484356704,-1.61312444959804,0.0295091362017435,0.407650892177647,-1.465136840004,-0.392136363522619,-0.381409275883457,-0.761592461225379,0.319124775235232,-1.69568048172136,-1.08729161785038,0.287699741721902,0.158689428305833,0.163005572799077,26.99,0
121668.0,1.87651952184411,-0.917071782183458,-1.5784219364734,-0.820500592195307,0.394847592029611,1.04131996761308,-0.43352438015542,0.30899935355652,1.43469243982343,-0.45111900019455,0.518923669108494,1.22706380035287,-0.459176194461769,0.125557166643482,-0.746100748012076,-1.50858692035169,0.643126062095242,-1.0935025068359,0.137070102131596,-0.219723394638127,0.346412271690194,1.44111091042555,-0.1481842770203,-1.48512821129604,0.154981588168045,1.17363641844774,-0.0314444328337777,-0.0999228994020361,45.0,0
43080.0,-4.08961852804601,0.583986785420113,-2.81536173795921,1.40638436858357,-1.18936883470142,1.08759647971638,-0.298249857346191,2.07943873043644,-0.836989247019024,-0.22584517806816,-0.98216079584167,1.07362150413214,0.617044229484378,1.73969813696044,-0.0600191730871982,0.347029002112699,0.37860815349197,0.594369660104593,1.35624121277677,-0.254216065622113,0.135270295398985,0.121236120661622,-0.9343735907993,-1.59676406289112,-0.290932686637601,-0.188697819408785,0.0446980848341142,-0.326190174778301,211.48,0
78532.0,1.40169560997979,-1.23404993761347,0.0895844859915124,-1.61125780645954,-1.05703177194004,0.166833791940512,-1.08649814813435,0.0994663810883002,-1.98653346581824,1.56289524423931,0.737158863926427,-0.612206868911014,-0.0090052158651538,-0.0089232836295749,0.232599149135118,-0.266335110666033,0.317751526135232,0.302806220537912,-0.0637023006361526,-0.276482910840113,-0.161375473871001,-0.188876019879895,-0.0628953697626247,-0.691316467767831,0.343360249244516,-0.154500434014442,0.0303887372065623,0.0065848474835807,55.0,0
148465.0,1.88147752223817,-1.42468105118869,-0.96161089513352,-1.26536145238004,-0.112058107350376,1.72140455305089,-1.26528281967966,0.562286935324195,-0.1128913137616,0.710464929456466,0.930545182055951,0.125317265624846,-0.0602844855049329,-0.143802008531378,0.416901711412364,0.833922194707273,0.44425724752707,-2.05067374151029,0.089046261768601,0.0880972292299094,0.0854240131896538,0.0897511270783758,0.337990541772113,-0.977354242738643,-0.673921773928114,-0.411651532420521,0.0347305671940736,-0.0466461020077992,96.0,0
53727.0,-1.64927881611351,1.26397355628777,-1.05082567399718,2.23799063903423,-2.52788923751396,-0.889939993137591,-2.35525367110661,0.85465864123984,-1.28124261677782,-2.70501138232752,1.17447506014201,-4.38191956749248,-1.22666589816604,-2.95382425341893,1.99416119386347,-3.30425391022094,-5.58579436647491,-1.64370403169872,2.11863332532912,0.0874063699474628,0.679176431149171,0.731907051356776,0.333045475501739,0.392505235969248,-0.274197297543759,0.802348667525187,0.390808552793314,0.11214553148245,112.45,1
144722.0,-3.64256607880958,3.67058689267286,-2.58332539254738,-1.15947630679263,-0.573427700813331,-1.21930681790101,0.0699957663614111,0.976952773707871,2.52378354354709,2.9805133951192,-0.958918700280753,-0.757883682985347,-1.89009027319834,-0.997308084948198,0.122853938236617,0.34749520357083,0.678764020379268,-0.134018385942125,-0.633208912319302,1.35915927866935,-0.73411321964825,-1.26315721525979,0.342746508829559,0.521578531952043,0.194246353703862,0.123613608712262,0.843919601830367,0.307550261232853,8.95,0
91214.0,-2.65264562071787,1.16080666483672,-1.23025064478084,0.292746977553298,3.04159819859442,-0.132048361250161,3.09104893177976,-2.47876965720506,3.66780870988883,4.84161826566741,0.319560218140115,-3.10022181041655,2.88299675698785,-0.690612793885614,0.133605749344997,-1.39601450825684,-0.934210778381876,-0.160972704767995,0.642252367301293,0.477619297813138,-0.932328194013847,0.857029160295436,0.168530404544924,-0.39469335676485,-0.206350286832416,-0.730548416074883,-0.701516661189991,-0.31507456971062,25.0,0
91856.0,0.0364961687922715,-0.303914759646803,-0.790443219059589,-2.40985321137651,2.30649185277973,3.62421893959635,-0.37850940700017,0.800852123051521,0.0998241080447036,-0.181805502050558,0.725004455149095,-3.35442992168018,1.55018929162759,1.36154651868434,-0.61344223799828,0.551482020018112,0.976455556487928,-1.10141128148373,0.639826771690595,0.214978712757184,0.209177927339788,0.672905993355098,0.100881561675878,0.668108601193899,-0.752696508966205,-0.24061352888078,0.192961645482628,0.209557285020649,52.0,0
153671.0,-0.882896759422561,1.34590745522773,0.257449252766801,0.802610333908478,0.647764034446626,-0.326024665687798,0.987649387812301,0.365920021985387,-1.23192109329038,-0.436787073084955,-0.0708635893841968,-0.356975477728469,-1.8838634312319,1.31678443232525,-0.709414443294088,-0.669514840231465,0.131992503056754,0.568658764402664,1.40371516810655,-0.144890168380719,0.118953840086482,0.203964757050198,-0.561708795989694,-0.358953128825229,1.11104068536724,-0.18122341734039,-0.10294134503276,-0.0357527608925255,24.93,0
74431.0,0.970898993720494,-0.218979181883603,1.32363811692785,1.66830859756217,-0.692118248022238,0.833555727144759,-0.52867583428207,0.353997051140423,0.825710676806086,-0.289483617400492,0.942664972283113,2.26365425096294,0.601330299099052,-0.723222245619165,-2.52452198313426,-1.05287854109966,0.542906844001823,-1.04098076332836,0.37156766187458,-0.0870751833966786,-0.322651043921172,-0.501974866953391,0.0611388694378488,0.247249264174184,0.391533031709009,-0.545381284264646,0.0891881311527544,0.0273310474153677,37.61,0
53497.0,1.25791892953893,0.615889569398676,-0.680425349065884,0.676887131823681,0.354467905285994,-0.936741654335631,0.31826956103548,-0.164480419614227,-0.443319980287731,-0.55090428734901,1.63885396331876,0.573890552421395,0.145003323382849,-1.1722146349591,0.263598851642724,0.832155254947812,0.650101172954423,0.838165179804803,0.0471741107695312,-0.0317370332569108,-0.121157095320868,-0.313443142907638,-0.140150468728363,-0.107079196276854,0.593914508633653,0.371254117324358,-0.0332413712151008,0.0298746049450352,0.76,0
406.0,-2.3122265423263,1.95199201064158,-1.60985073229769,3.9979055875468,-0.522187864667764,-1.42654531920595,-2.53738730624579,1.39165724829804,-2.77008927719433,-2.77227214465915,3.20203320709635,-2.89990738849473,-0.595221881324605,-4.28925378244217,0.389724120274487,-1.14074717980657,-2.83005567450437,-0.0168224681808257,0.416955705037907,0.126910559061474,0.517232370861764,-0.0350493686052974,-0.465211076182388,0.320198198514526,0.0445191674731724,0.177839798284401,0.261145002567677,-0.143275874698919,0.0,1
3770.0,0.420967091144543,-1.08204767339702,1.08348570317493,1.86516151950376,-1.42460259308332,-0.302770001524916,-0.146441891556278,-0.138126146769025,2.00195932999223,-0.682044316311275,0.543727330673769,-2.03989285380239,1.71954926802989,1.28619914289453,-0.0909322648804752,0.167551148680207,0.457716483538964,0.455128722926929,-0.878542484762461,0.580727679340521,0.224211590355359,0.21395960599372,-0.371785156810086,0.68687610985974,0.306236529984146,-0.357054159636799,-0.0284496055854762,0.0983664815439283,383.26,0
136875.0,1.98693324456341,0.152686615208919,-1.74252999914758,1.20188657979679,0.664115845910467,-0.669493475903479,0.602017362056401,-0.303308624401008,-0.0986544237078292,0.414504097813346,0.402616190497089,1.09985877320055,0.169217029735095,0.617628183140755,-1.28413321484308,-0.388966455291788,-0.600239446772701,0.0005437358025659,0.275912601631593,-0.206125596813398,0.0863271589100692,0.417769469461815,-0.0907031499631986,-0.387967816146766,0.503266325113444,-0.491311098639428,-0.0227436164850734,-0.0714480110571155,26.97,0
76101.0,-0.337833258484472,0.872057692479026,2.19197403325617,1.27357461515823,-0.95726979897719,0.774231964124485,-1.4951683978433,-2.39815742441879,-0.199566831603106,-0.977606365883557,-0.0751541272757214,0.936602709847089,0.362228056329438,0.163761673048065,1.08356033131161,-0.240675923762396,0.36455687047894,-0.416838813216418,-0.359442895098506,0.667328575469928,-1.25136428028173,0.59538967656582,-0.112440234715749,0.409296555988286,1.08700142348734,-0.162326988236296,0.104333409559551,0.197257261661768,1.18,0
103220.0,2.02906370913662,-0.272875284924411,-2.06358429980608,-1.37854177289963,0.237534440612793,-1.75842386317178,0.591855701631626,-0.614508492326797,2.0786305697887,-0.982621078721,2.39368116030289,-1.02905306861512,1.70172932636042,2.42793493733347,-0.47031718409608,-1.05985535398866,0.473644251254391,0.180629533994823,0.789535164996538,-0.148740288489468,0.0555246988454307,0.4924750185538,-0.0597491734461068,0.0314133366087521,0.353658293826596,-0.127911075038632,-0.0938225852384571,-0.0839412292476926,53.06,0
74806.0,1.15472471120853,0.156250377975621,0.590593192552403,0.504231491605852,-0.327811821105721,-0.311086290470204,-0.103240308306761,0.0599220357823687,-0.249760229590844,0.0541565158500923,1.90586013670673,1.27061505293108,0.288202287160455,0.454620017123532,0.55635407366278,0.14231057825872,-0.327571893415064,-0.575759746422957,-0.266308611891473,-0.107829769838643,-0.161767284415826,-0.472155674917407,0.175044031514875,0.222133181197151,0.0901145619346881,0.0935159935607587,-0.0158960314669348,0.0082112438619062,4.49,0
19911.0,1.37584081259204,-0.562625902485503,0.610362705340798,-0.225778472276918,-1.16196086315227,-0.806738847605995,-0.717364176599041,-0.179713845118987,1.03653787974023,0.15390888312379,0.135640422114385,-3.52717117584502,0.389567894470974,1.22748189095465,-1.08414691900471,0.608344899005026,1.48747949508219,-1.3362560932315,0.740721260155425,-0.0603787399847645,-0.180501936661953,-0.265061073292176,-0.0147102298124422,0.316498588030144,0.486468926655761,-0.279497668541778,-0.0231610396988357,0.0057825514760369,20.0,0
164560.0,-3.88292606703536,4.13652867485542,-2.71164692999805,-0.239686283285947,-1.07066818897925,0.180029473858238,-3.9598063564755,-6.19984403555386,-0.922318635364557,-2.70870424113006,-1.37768129449691,1.69486539409987,0.284400472075703,0.269415657616804,-1.29288161737803,0.868256442476647,2.21748250230524,0.350229572002492,-0.936357069885432,1.93020104084374,-3.63676511895904,1.6202858130311,0.505272878699205,-0.127980609367874,-0.155518642859489,0.550767036638797,0.0953052408538862,0.313328099144706,0.95,0
57800.0,1.01710190835451,0.471162249776477,-0.722920718927583,-0.0243291344907468,0.349859482382795,-0.901887999675777,0.747971056061428,-0.339837676276045,-0.236545413249766,0.0374341470244588,-0.979319193614138,0.0925177888699095,0.85795967603756,0.170194437446667,0.743790669591703,-0.0679569313477063,-0.387595611739285,-0.310600147935632,0.882907113696445,0.0375704124170104,0.0298238101797977,0.154555139458672,0.156149830819031,-0.374708168725404,-0.681190641671891,0.995335726110013,-0.144265166453883,-0.158897027891531,29.95,0
139299.0,-2.54823776590097,-0.16656777640275,-0.369808053726409,0.651406608714116,1.74206423088152,2.11390074215696,1.22984136781906,-0.173639882322819,1.0272476912047,1.82540582501842,0.683623010408824,0.173640752608991,-0.579159523556056,-0.593821520655953,0.0542515955890755,-1.52676201587356,0.0525232119484009,-0.711742144371512,0.367604312340528,-0.440462389261269,-0.224448268484914,1.27472211110652,0.326886686760629,-0.923892212905723,-0.0289459578296467,-0.385520313332604,-0.777110643936057,0.112861592186991,94.0,0
85201.0,1.11898229216362,0.0180084601792744,1.11637727878175,0.687606246981784,-0.786243162581577,-0.361463464456263,-0.375929178182817,0.0027215167856582,0.242661436990366,-0.179013046959299,0.367615342021835,1.03986361914132,1.27820479088168,-0.17804978151407,1.40415912695355,0.151732041263566,-0.216246302161464,-0.760782379181266,-0.845383869787671,-0.0172107364955677,0.0257846453614885,0.143348946919328,0.114011597525676,0.446128681803758,0.0869381934864427,0.254107536065906,0.0193215575045248,0.0327451126383757,24.0,0
151163.0,2.0745800569548,-0.0522325241497888,-3.52230511706969,-0.518198408658406,2.94815885360018,2.93448236510652,-0.0878100319753009,0.649625033761403,0.18799426091337,-0.353042789359953,0.22249829555528,0.100408689136508,-0.41764367088054,-0.568040574780492,0.100216101979731,-0.257832303888312,0.762674027977044,-0.442490768207431,-0.101218268130482,-0.137980598197577,-0.105590595648583,-0.189711420029505,0.102353385362785,0.659391975067159,0.215931999430686,0.582796537374537,-0.0628560634877964,-0.0581397754230124,0.79,0
49045.0,-2.12824835469209,1.44386362337134,1.838765278191,1.76645808318664,-0.427012051741533,0.0170952010131115,0.358471968552728,0.667295822912509,-0.994068890043341,-0.213595657227243,-0.545884823006631,0.379950005394678,-0.119059119223685,0.0957872586632504,-0.964911656881678,0.113891234018925,0.234929353726608,-1.18789841409037,-1.55354221815084,-0.468695452935331,-0.129513195935573,-0.46013469397755,0.009644074463693,0.573153903667684,0.246495792906186,-0.31558426080506,-0.737292546763611,-0.273884579334789,49.22,0
166166.0,2.10339429670698,-1.012984289708,-0.113716834872424,-0.493886985818326,-1.1500039313252,0.150927027009585,-1.32384168840184,0.090938625768185,0.259832903621447,0.763717289744131,-1.30184278340815,0.21744631803425,1.15159990449679,-0.633226223171046,0.623423771072649,-0.74648267003199,-0.550474042138706,1.44539146915461,-0.957266096110781,-0.491639517261621,-0.33668964211383,-0.365484497767976,0.384213133039752,0.47304296713235,-0.630561841465162,0.469101051911855,0.0117068319401799,-0.0264816395411045,16.25,0
53254.0,1.10001505557298,-0.450339257219067,0.81140708090622,1.22311255913375,-0.900370275767758,0.221062588035872,-0.704634003405604,0.298175846743144,1.39528385684887,-0.138990011935536,-2.0481635257614,-1.38135019994234,-2.80000943234208,0.19820249337056,0.573967537006176,0.469483171549259,-0.379654707815042,0.58857461451804,0.106220693689556,-0.183593746856058,-0.117440765449124,-0.401353762383565,-0.122495652146857,-0.536272948967044,0.404478477725095,-0.352672369038773,0.0412149884810921,0.0331565014059444,66.03,0
63455.0,-0.747748179595697,0.499766893404971,0.532795679288246,-0.136045939375876,0.161489295211551,1.47987957319843,0.238741824353182,1.01814694035625,-0.790205464752123,-0.705258552322234,1.95552391960955,0.8262746730027,-0.700114787802074,0.978419569785552,1.15249607120294,-0.726598354653561,0.742071850142097,-1.63336490697069,-1.33329168011334,-0.122396178275198,0.163643172227128,0.200240725667275,0.49693894444378,-1.05976920300927,-0.798230683248596,0.166462765808605,-0.0822131597215249,-0.0434095564494672,115.0,0
141983.0,1.71107710861,-0.967044943306058,-0.667354165058058,-0.272592882303218,-0.676820423310802,-0.312632929079873,-0.341914906078778,-0.0506217857607118,0.743006662631349,-0.0097369372614316,0.783627334749632,1.3846341144365,0.936409494466714,-0.0437667619513361,-0.173729127127898,0.740387968364014,-0.852441893869722,-0.0947941719035995,0.540657755456204,0.237423685780888,-0.155954111126866,-0.706886767081048,0.261101440943396,-0.353874495142751,-0.791366616001078,0.837458937153197,-0.115712335648316,-0.0379341722142427,166.8,0
122938.0,-3.43492340775491,-5.1576266728117,1.73841420502728,-1.35726558231106,2.88224041955882,-1.15004751146055,-2.33996738186309,0.407711900868787,-1.87716281595757,0.934328336874205,-0.388161528828055,-0.780790669267756,0.584537491976528,-0.573983075134569,0.949060001679072,-1.75428666471474,1.45524414153005,-1.05763429513045,-0.853040154211817,1.21885615979987,0.334619435751041,0.177084142637581,0.923384177136312,-1.07875053795706,0.45859463177854,0.0942051895597857,-0.252958819645497,-0.0810965952663128,212.0,0
169142.0,-1.92788332105459,1.12565266367046,-4.51833064132991,1.74929253346589,-1.56648729197754,-2.01049423115212,-0.882849830858081,0.697211109261327,-2.0649452874475,-5.58779378195338,2.1157951772133,-5.4174240819973,-1.23512263142388,-6.66517689463338,0.401700686738171,-2.89782511671737,-4.57052943365069,-1.31514721385427,0.391167040935071,1.25296673470361,0.778583978950071,-0.319188818860513,0.639418961153121,-0.294885040380029,0.537502535542985,0.788395056528708,0.292679966295281,0.147967928722538,390.0,1
72991.0,1.29590800495382,0.645312421042571,-0.833699288509205,0.924833759709285,0.973791903859614,0.0942200202564234,0.247810828065189,-0.0650616766603479,-0.119747598678502,-0.63313315772298,-0.842706423675378,0.0266229834038497,1.05615369630906,-1.2796745961997,1.3186917924958,0.579553154759927,0.393316461056897,0.368121288661149,-0.41943709534672,-0.0367705482496969,-0.106502261352271,-0.151573254516815,-0.273122073232608,-1.41328984347094,0.834587324992181,-0.213924439642955,0.052175044801253,0.0354936902634443,1.0,0
165154.0,-0.160397779252401,1.15036649632921,-0.914659977262357,-0.575655758870685,0.67640747880178,-0.712467859348763,0.69324218387792,0.20404974054773,-0.0632822036168372,-0.497042943139737,-2.069490573279,-0.416089738125677,-0.0999773100981809,0.746988550020754,0.530193424675776,-0.0022160198576882,-0.66332503481697,0.580683459376731,0.4262585762917,-0.112055507058539,0.341778279091986,1.11155170367276,-0.192420647807301,-0.974365075910739,-0.637401310620504,-0.154244398355524,0.379864923491982,0.249295694321916,7.74,0
57382.0,-0.395948257626662,1.1235730900584,1.41186002114828,-0.0110563383676461,0.031414103527001,-0.766578251729662,0.640766336313588,0.0348781872618936,-0.738255599618478,-0.355487819882679,1.74818126427596,0.922808326947742,0.459451521483356,-0.312603472461474,0.127677624288874,0.497583109933801,-0.194560278900956,0.23305496784247,0.118875614981657,0.145100601575316,-0.19411063507243,-0.501283688771147,-0.010633629131523,0.49713161347983,-0.202767379759793,0.0402904374804998,0.245556973772511,0.0910774243653778,1.98,0
138816.0,-0.796401446548123,-0.505182011222985,1.69661286508656,-1.2577675478974,-0.641663175673145,2.52594039098442,-1.34665206113019,0.872372936446204,1.19228071159709,0.367741013247022,-1.54897217104915,0.609317697459755,0.581549142075381,-1.76157748813093,-1.33477432241531,-2.6415334719716,1.0051566330642,-0.0674207648748308,-1.84248274081921,-0.443791618999987,-0.120578696440426,0.903130831959919,0.259965819809005,-0.290483877302003,-1.48263486259769,0.629708738139928,0.450614564033794,0.426488535257583,22.5,0
38403.0,1.16353983725319,-0.0646467506015619,0.433768133736752,0.756447918325372,-0.390413710330288,-0.335318894614236,-0.0107341885478815,-0.118411253019672,0.453459190755948,-0.251639271599746,-0.974661116464185,0.702880353609369,0.769186360701574,-0.274311525839785,-0.173581370414462,-0.0676202306309771,-0.221650620920603,-0.639061304524592,0.388078388721818,0.0422234745602374,-0.293673636663449,-0.75193273953066,-0.0364370944453929,-0.0763867969026618,0.409025823714219,0.204286241474772,-0.0205508154533179,0.0220381128108913,55.61,0
90997.0,-2.78373722179982,2.91952497438401,-1.61995701908778,3.994560291774,0.0716605034688558,0.607011324575541,0.798355935048089,-0.172095809445055,2.22468316571059,6.33530017778726,1.97536483631872,-2.98787181640905,1.06776476482257,0.927094841354703,-0.178632884345467,-0.162577051903359,0.149804217032281,0.810798535958986,0.446770397577409,1.42919681380133,-0.491766406893785,0.722527442744892,-0.0325956443347282,0.680086832850249,-0.499114814052754,0.283295964311091,1.03623175348625,0.679937592288065,98.25,0
154901.0,2.26731989171784,-1.45449377681068,-0.976417568116986,-1.5632452868734,-1.2228808034898,-0.510036383345631,-1.17587888869619,-0.114621819690126,-1.05955093007339,1.56660139919438,-1.1497096793284,-1.19867812049595,-0.302407437066176,-0.306359964166952,-0.0050017459401803,-0.540461704945913,0.556644901504054,-0.0747638431986682,-0.180465794800142,-0.43637334903798,-0.197577162835375,-0.142477426361628,0.293997671245913,0.629043894036203,-0.2585104503228,-0.228108943944141,0.0061160461969938,-0.0412670352862258,30.0,0
136003.0,-0.0071535214539992,0.721630717822399,0.323378939973222,-0.666020620458006,0.293460815318457,-0.880018919425196,0.831916831875646,0.0068941481822977,-0.113542962533843,-0.205860818964938,0.632428218615462,0.160976086858121,-1.39788792263884,0.574715807486166,-0.967132170856451,0.137805934936509,-0.550966221123023,-0.122397942438887,0.178779421815761,-0.110941550574505,-0.216837167348575,-0.548728912772083,0.0884908192249666,0.0345323190851302,-0.575371168311928,0.119363824946622,0.234359534207114,0.0854546912091123,5.16,0
172777.0,-1.26658018751073,-0.400461255090227,0.956221134830023,-0.723918708808995,1.53199339986862,-1.78860001696127,0.314741079666118,0.0047044573244653,0.0138565692643366,-0.815910558593471,-1.31197617669939,-0.94675286190153,-2.11962626495352,0.609469107255444,-0.348706780456202,0.0778711076786681,-0.357628278309217,-0.578977406681629,-0.518738353345916,-0.0295387959460834,-0.157831289173511,-0.883365154870023,0.0884854790787274,-0.0767900135345541,-0.0958326158244536,0.132719919369681,-0.0284678999164232,0.126493754253493,0.89,0
152673.0,1.14318577389756,-1.74989892910373,-3.42064711090826,-0.442704106414814,0.384360265820843,-1.51152882479203,1.81218368225341,-0.930419200151911,0.141753368639673,-0.5035142022015,-1.01538024820699,0.833432472048312,1.41293522378782,0.651146241827983,0.0213492705777109,-0.878556145359986,-0.251048546064901,-0.571478642158151,0.611864729112891,1.04648015015057,0.571202048966061,0.65988466244363,-0.784551655413561,-0.448285470101561,0.561386084248966,1.04707349642345,-0.247584450301179,-0.0059656599052056,572.34,0
66005.0,-0.40759515490251,1.05747112664892,1.34433282896847,0.795715014529512,0.0886721858017129,-0.63330627425279,0.638122856065365,0.0376530674510637,-0.752284740930969,0.165041365911878,1.30463236511556,0.443546075746692,-0.470012615548902,0.595339958757057,0.345764486535439,-0.182052225722196,-0.3443207661575,0.577652392225399,0.615268575875332,0.128086461278005,0.173967521550228,0.605981934510857,-0.136964174601239,0.539874893043811,-0.262209110073609,-0.346213834641444,0.4099274801157,0.217870805953241,5.05,0
64606.0,0.48147020733131,1.1844914483688,-0.606358015976655,2.80960178465561,0.817106253852048,1.79782648498422,-1.25856537429595,-2.3079694486832,-1.37687733588519,0.168214249677721,0.0133859420196301,-0.281639877696938,-0.466378201153884,-0.0915883827771916,0.990838799533018,1.06019361448665,0.318696309578996,1.24435392855951,0.627242075150746,0.763324797105129,-1.22523819268571,0.480668568892249,-0.0333205142617692,-1.8261694472261,-0.254474499367671,0.246191629238953,0.251621183082103,0.36307883748834,29.51,0
41181.0,-7.33434102050082,4.96089229123138,-8.45140959148547,8.1748251681484,-7.23746372952055,-2.38271066458273,-11.5088418575552,4.63579753722901,-6.55776036636164,-11.5198609264142,6.45582813287588,-13.3802218737527,0.545279226790884,-13.0268638593173,-0.453594543596495,-13.2515419788937,-22.8839985767803,-9.28783221397402,4.03823050489431,0.723313822249839,2.15375502636012,0.0339216178167887,-0.0140949200284419,0.625249955306557,-0.0533903339689031,0.164708739959664,1.41104749421382,0.315644799820923,11.38,1
147510.0,-0.720688395918303,0.455004830865366,-0.44174966423539,-0.606948036919902,0.204025502063475,0.655101269973786,0.985630915578786,0.635255627230791,-0.239700776126428,-0.924229459197876,-0.470426971097173,0.333082834962037,-0.279174492470279,0.599621872687399,0.426474835934833,-0.84820704169643,0.644013806178489,-2.03399123868436,-1.2677265816821,0.11581903807578,-0.0327286755713406,-0.262515549708976,0.631557367917204,-1.07155397379526,-0.63138390665022,0.236341660966615,0.111660557417279,0.034898397025396,179.99,0
864.0,-0.822082926277534,-0.0302835503896164,2.67791468628629,0.129053869511929,-1.12275444087549,-0.119312727904466,0.805480298449334,-0.235839300292049,-0.0265985116623784,-0.620596564860597,-0.084847507166043,0.453512147346406,1.12792222988516,-0.783796335899227,0.827299917719558,-0.210817895031961,-0.0069951625923066,-0.0460622446421938,0.664829070272419,0.674724699624443,0.225495952675048,0.658424895921655,0.125639581309917,0.817217736002597,0.0841355186918857,1.18423878867978,-0.199724805955127,-0.133199383125488,188.0,0
158622.0,1.95975723517162,0.0962598693696897,-2.20665490170487,1.145889005113,0.84312914541218,-1.0428084679935,0.92621042530062,-0.514677719481767,-0.11511406231055,0.336692417444197,-1.42274071302067,-0.0621245820062028,0.061788831737894,0.778955449331597,0.242310021463242,-0.184718761892142,-0.710843072794116,-0.164842888125247,-0.128061327924993,-0.087662793396269,0.123623819365529,0.287315093620187,-0.181656753418615,-0.710614472948685,0.543929041875204,-0.448902814433826,-0.0488084223489524,-0.0561506235192736,89.4,0
93834.0,-3.7656801220835,5.8907352377921,-10.2022676310229,10.2590359766218,-5.61144841660942,-3.23537557925717,-10.6326834778618,3.27271632618119,-5.26890524285018,-11.1821254546586,8.87947566765026,-18.4311310279993,-0.232822027713119,-15.0216572999306,0.141186252914787,-12.1863624982841,-20.1655673800665,-7.05165135326307,2.50082720798487,1.19413732146866,2.24560593428534,0.546320674537693,0.381853427747185,0.382024544024505,-0.82103649456311,0.394355120127285,1.4129609931535,0.782407053763083,0.01,1
74642.0,-1.60376409375113,-1.47470785987644,1.76492853922308,-2.38055253080221,-0.302495813003991,-0.773907879349076,-0.786061190973781,0.108807403119181,-1.7424463209579,1.04810587979623,-1.6810769854981,-2.22560446512182,-0.715234912295808,-0.524990808604708,0.559147592798668,0.33557361818635,-0.10900683867394,0.861494918578844,-0.536268916520538,-0.425695557317183,-0.198870298941985,0.0956493203283498,0.60423215430138,-0.534680958638778,0.72110544268387,-0.0821030493990375,0.317112367149192,0.0027285964547849,6.0,0
171421.0,0.158521364171227,0.883701843651683,0.15768318616393,0.0648092716233501,1.11149733746924,-0.303518709617915,1.11575174948279,-0.29412711034076,-0.478723783571524,0.168897316932779,0.814156490035141,0.451808065362238,-0.103656668705557,0.299827367840032,-0.545579721938903,0.118807081570811,-1.11904315680996,0.596573203972956,-0.545967375812028,-0.141169963929094,0.338505730942819,1.09036214880912,-0.267946026958748,0.764589807368335,0.0476946750629462,-0.597182966080337,-0.265631643439625,-0.224562326685647,1.0,0
118563.0,2.1074475104673,-0.904199143570948,-0.698320735320775,-0.714646023181645,-0.572658009221671,0.350118732181074,-0.989308574436089,0.132756944221415,-0.304737669727582,0.957749405841299,0.168781288331562,0.718052662733672,0.777500028779667,-0.126154536614822,-0.282428456332689,-0.699014018928855,-0.764750097958313,1.53880125453031,-0.261294320235077,-0.493141919509356,-0.610670694123528,-1.26690718266674,0.456068562621614,0.0436753053863515,-0.677445887341008,0.217780806573108,-0.0228894225360255,-0.0457631666459719,19.17,0
96556.0,-2.86647451086969,-4.11565268800608,-3.00706999731161,0.22064787676428,-4.00535482029887,2.55354380439337,7.41863065621427,-0.817102320126986,0.716039002458917,-2.63486561034371,-0.672623136148956,-3.14425769026634,1.90913039288144,1.82599298572493,-0.854796056187321,0.172851447992395,-0.0447740065372378,0.695338960127982,-0.397267882317301,3.99075166387669,0.741579440514203,-0.709387569434174,4.21218992046522,-0.254456674443536,0.909861832198369,-0.200189989132827,-0.476408111606873,0.146557907637424,1856.09,0
41413.0,-15.1404496225073,7.37804241221284,-16.356367356494,9.19493491430021,-13.4661632895942,-2.95843050082103,-16.1655386244192,10.0752539455532,-7.90182112627786,-13.0094028057641,4.82823533219729,-11.0584014244364,1.99812557552295,-8.59204740189288,0.540385309176116,-10.6157452968661,-21.0178983428443,-8.39739305199317,3.18355894967976,-1.69148198782553,3.14742810473234,0.341677595071206,-1.15016247089952,0.795189734964946,-0.194542181109758,0.145963568626439,-2.45868034756574,-1.18988788135128,106.55,1
74359.0,0.930972590100675,-0.17273969966173,0.400093027147444,1.40688756791649,-0.338524024791629,0.0381790678510824,0.0493453866861665,0.128737114256592,0.100611542916119,0.0198119898716794,1.2406610555865,0.960388373980469,-0.855776375384926,0.418889297789288,-0.730676512737969,-0.545667139140501,0.125638535853148,-0.455366468225699,-0.180231054115187,-0.0406811432954456,0.0114469561447047,-0.0041071164553617,-0.122628170797757,0.219904366199821,0.551113402516635,-0.349925860180207,0.0151647719448585,0.0223220455884354,99.43,0
38404.0,-0.438697861156585,0.551577256067482,1.3615233547795,0.85408245192705,-0.0055868471823207,0.0417399342271072,0.459717258742642,-0.0818967037966473,0.828237945255288,0.135283932572565,-1.10679845411371,-0.983838123238418,-2.44786228743916,-0.100115217960775,-0.189401821481243,-0.759276912700319,0.235045994022002,-0.45451121455431,-0.284794059874414,-0.352697350093999,0.0290110959129678,0.333866790963092,-0.0087878003650738,0.0330441692552947,-0.531050058464656,-0.473283805048743,-0.403108875627906,-0.13242336327652,15.0,0
134068.0,-0.602589000798398,0.119089038576781,-0.218169226670366,-0.462781784952628,-0.188011787870069,-0.72128453938904,1.67831592122596,-0.212745686123176,0.18878124358661,-1.40787584952251,-0.475268958050408,0.14252807444859,0.476144748343756,-1.3044381098617,0.153520996151063,0.218696506661412,0.490582110178031,0.311770719400876,-0.433036638542153,0.664309843642315,0.117420622894781,0.103640718570882,0.554800998549777,-0.126737138603887,-0.145636995918607,-0.0817209526941164,0.229665038082851,0.169254977628294,276.86,0
59859.0,-0.509825314632192,-0.898831321096469,0.835142416791611,-2.38135609032479,1.77246879678206,4.22308464825297,-0.290451359804852,0.651320751508607,0.178712871888687,0.134976805944251,-1.04653875133988,-0.604851258943843,-0.423315288868831,-1.65053530311496,-2.58534580308751,0.383532851886999,0.238271892755603,-1.62493874591787,1.30036903921422,0.23320533085632,-0.300824148814872,-0.403254394135903,-0.0238707260242631,1.01787310729298,-0.0753244161574993,-0.596562083520128,-0.271020132747918,-0.31052873732045,70.84,0
67565.0,1.39275342665087,-0.918974400164703,-0.975639494849915,-1.61364995356086,1.30909207285202,3.5141941004177,-1.19074097204521,0.863615645747914,-0.51393977083512,0.524070025618616,-0.350225951320126,-0.47963215245005,0.0285043342878023,-0.371209737707074,-0.228032180933822,1.00192788496253,0.14530292723202,-1.33273293456333,1.30627241692591,0.222199370644631,-0.126456092163119,-0.492201706916373,-0.0260067519074486,1.01694846932898,0.591699286459223,-0.320118166835327,0.0187841415881039,0.0149607338270788,34.0,0
63006.0,1.41410058583096,-0.409699287323968,-0.225803480146928,-0.853326116184159,-0.433098440774992,-0.517508161764977,-0.245019594709979,-0.168916863559366,-1.31138622884116,0.864474182690862,0.644945312499746,0.466481596725057,0.601722646274514,0.333985715877813,0.0202681738117206,-1.07776384973741,-0.465392585878348,1.40183746306074,-0.124809467376015,-0.420420989609592,-0.431613894855742,-0.786789336141068,-0.0545818168796335,-0.309725480948525,0.38673330759755,1.03382892088356,-0.0795998206200427,-0.0144729468344755,12.5,0
133207.0,-0.357833133381521,1.31445249892854,-0.421669913885811,-0.720354545505479,0.795799121500054,-0.542230637741526,0.945704433326707,-0.0822109633439584,-0.0140852079580571,0.475385678705927,0.93753578681328,0.984056217650084,0.599526020715142,0.334728913217215,-0.248608655034768,-0.305305385405202,-0.79118801940541,0.565243230199543,0.260715698191804,0.318556439546834,0.366490502163405,1.4154645014041,-0.0946796233684341,0.813188947392718,-0.681949464903399,-0.269334696483391,0.716083281805258,0.440834417928712,0.89,0
